timestamp_sec,x,y,z,qx,qy,qz,qw
1785259655.2262635,0.0,0.0,0.75,0.0,0.0,0.0,1.0
1785259655.2512913,0.0,0.0,0.75,0.0,0.0,0.0,1.0
1785259655.3262815,0.0,0.0,0.75,0.0,0.0,0.0,1.0
1785259655.331281,0.0,0.0,0.75,0.0,0.0,0.0,1.0
1785259655.346299,0.0,0.0,0.75,0.0,0.0,0.0,1.0
1785259655.3512988,0.0,0.0,0.75,0.0,0.0,0.0,1.0
1785259655.376278,0.0,0.0,0.75,0.0,0.0,0.0,1.0
1785259655.3812277,0.0,0.0,0.75,0.0,0.0,0.0,1.0
1785259655.3862617,0.0,0.0,0.75,0.0,0.0,0.0,1.0
1785259655.3912659,0.0,0.0,0.75,0.0,0.0,0.0,1.0
1785259655.5012598,0.0,0.0,0.75,0.0,0.0,0.0,1.0
1785259655.5112834,0.0,0.0,0.75,0.0,0.0,0.0,1.0
1785259655.5162668,0.0,0.0,0.75,0.0,0.0,0.0,1.0
1785259655.5412095,0.0,0.0,0.75,0.0,0.0,0.0,1.0
1785259655.54626,0.0,0.0,0.75,0.0,0.0,0.0,1.0
1785259655.5862772,0.0,0.0,0.75,0.0,0.0,0.0,1.0
1785259655.5913363,0.0,0.0,0.75,0.0,0.0,0.0,1.0
1785259655.9412425,0.0,0.0,0.75,0.0,0.0,0.0,1.0
1785259655.9462876,0.0,0.0,0.75,0.0,0.0,0.0,1.0
1785259655.9912999,0.0,0.0,0.75,0.0,0.0,0.0,1.0
1785259655.9962971,0.0,0.0,0.75,0.0,0.0,0.0,1.0
1785259656.0013008,0.0,0.0,0.75,0.0,0.0,0.0,1.0
1785259656.0063405,0.0,0.0,0.75,0.0,0.0,0.0,1.0
1785259656.0162873,0.0,0.0,0.75,0.0,0.0,0.0,1.0
1785259656.0212474,0.0,0.0,0.75,0.0,0.0,0.0,1.0
1785259656.0263753,0.0,0.0,0.75,0.0,0.0,0.0,1.0
1785259656.0312898,0.0,0.0,0.75,0.0,0.0,0.0,1.0
1785259656.0362992,0.0,0.0,0.75,0.0,0.0,0.0,1.0
1785259656.041268,0.0,0.0,0.75,0.0,0.0,0.0,1.0
1785259656.0462954,0.0,0.0,0.75,0.0,0.0,0.0,1.0
1785259656.0512862,0.0,0.0,0.75,0.0,0.0,0.0,1.0
1785259656.0563204,0.0,0.0,0.75,0.0,0.0,0.0,1.0
1785259656.061253,0.0,0.0,0.75,0.0,0.0,0.0,1.0
1785259656.066321,0.0,0.0,0.75,0.0,0.0,0.0,1.0
1785259656.08123,0.0,0.0,0.75,0.0,0.0,0.0,1.0
1785259656.0912836,0.0,0.0,0.75,0.0,0.0,0.0,1.0
1785259656.0963576,0.0,0.0,0.75,0.0,0.0,0.0,1.0
1785259656.1012828,0.0,0.0,0.75,0.0,0.0,0.0,1.0
1785259656.1063163,0.0,0.0,0.75,0.0,0.0,0.0,1.0
1785259656.1163042,0.0,0.0,0.75,0.0,0.0,0.0,1.0
1785259656.12124,0.0,0.0,0.75,0.0,0.0,0.0,1.0
1785259656.1263006,0.0,0.0,0.75,0.0,0.0,0.0,1.0
1785259656.1312819,0.0,0.0,0.75,0.0,0.0,0.0,1.0
1785259656.1612322,0.0,0.0,0.75,0.0,0.0,0.0,1.0
1785259656.1662915,0.0,0.0,0.75,0.0,0.0,0.0,1.0
1785259656.171333,0.0,0.0,0.75,0.0,0.0,0.0,1.0
1785259656.1763158,0.0,0.0,0.75,0.0,0.0,0.0,1.0
1785259656.1812868,0.0,0.0,0.75,0.0,0.0,0.0,1.0
1785259656.1913166,0.0,0.0,0.75,0.0,0.0,0.0,1.0
1785259656.196319,0.0,0.0,0.75,0.0,0.0,0.0,1.0
1785259656.201307,0.0,0.0,0.75,0.0,0.0,0.0,1.0
1785259656.2063303,0.0,0.0,0.75,0.0,0.0,0.0,1.0
1785259656.2113705,0.0,0.0,0.75,0.0,0.0,0.0,1.0
1785259656.216297,0.0,0.0,0.75,0.0,0.0,0.0,1.0
1785259656.221231,0.0,0.0,0.75,0.0,0.0,0.0,1.0
1785259656.2462902,0.0,0.0,0.75,0.0,0.0,0.0,1.0
1785259656.2512665,0.0,0.0,0.75,0.0,0.0,0.0,1.0
1785259656.2612298,0.0,0.0,0.75,0.0,0.0,0.0,1.0
1785259656.2663207,0.0,0.0,0.75,0.0,0.0,0.0,1.0
1785259656.2713532,0.0,0.0,0.75,0.0,0.0,0.0,1.0
1785259656.2763367,0.0,0.0,0.75,0.0,0.0,0.0,1.0
1785259656.2812817,0.0,0.0,0.75,0.0,0.0,0.0,1.0
1785259656.28629,0.0,0.0,0.75,0.0,0.0,0.0,1.0
1785259656.2913287,0.0,0.0,0.75,0.0,0.0,0.0,1.0
1785259656.296303,0.0,0.0,0.75,0.0,0.0,0.0,1.0
1785259656.3013077,0.0,0.0,0.75,0.0,0.0,0.0,1.0
1785259656.321251,0.0,0.0,0.75,0.0,0.0,0.0,1.0
1785259656.3262806,0.0,0.0,0.75,0.0,0.0,0.0,1.0
1785259656.3462873,0.0,0.0,0.75,0.0,0.0,0.0,1.0
1785259656.351279,0.0,0.0,0.75,0.0,0.0,0.0,1.0
1785259656.3812246,0.0,0.0,0.75,0.0,0.0,0.0,1.0
1785259656.4012394,0.0,0.0,0.75,0.0,0.0,0.0,1.0
1785259656.4062994,0.0,0.0,0.75,0.0,0.0,0.0,1.0
1785259656.4113326,0.0,0.0,0.75,0.0,0.0,0.0,1.0
1785259656.4162686,0.0,0.0,0.75,0.0,0.0,0.0,1.0
1785259656.4212391,0.0,0.0,0.75,0.0,0.0,0.0,1.0
1785259656.4262834,0.0,0.0,0.75,0.0,0.0,0.0,1.0
1785259656.4512782,0.0,0.0,0.75,0.0,0.0,0.0,1.0
1785259656.4562874,0.0,0.0,0.75,0.0,0.0,0.0,1.0
1785259656.4612293,0.0,0.0,0.75,0.0,0.0,0.0,1.0
1785259656.466286,0.0,0.0,0.75,0.0,0.0,0.0,1.0
1785259656.4713342,0.0,0.0,0.75,0.0,0.0,0.0,1.0
1785259656.4862778,0.0,0.0,0.75,0.0,0.0,0.0,1.0
1785259656.491305,0.0,0.0,0.75,0.0,0.0,0.0,1.0
1785259656.4962795,0.0,0.0,0.75,0.0,0.0,0.0,1.0
1785259656.5012937,0.0,0.0,0.75,0.0,0.0,0.0,1.0
1785259656.506293,0.0,0.0,0.75,0.0,0.0,0.0,1.0
1785259656.511303,0.0,0.0,0.75,0.0,0.0,0.0,1.0
1785259656.5163035,0.0,0.0,0.75,0.0,0.0,0.0,1.0
1785259656.5312834,0.0,0.0,0.75,0.0,0.0,0.0,1.0
1785259656.5612054,0.0,0.0,0.75,0.0,0.0,0.0,1.0
1785259656.5713542,0.0,0.0,0.75,0.0,0.0,0.0,1.0
1785259656.5762887,0.0,0.0,0.75,0.0,0.0,0.0,1.0
1785259656.5812201,0.0,0.0,0.75,0.0,0.0,0.0,1.0
1785259656.5862823,0.0,0.0,0.75,0.0,0.0,0.0,1.0
1785259656.591272,0.0,0.0,0.75,0.0,0.0,0.0,1.0
1785259656.596297,0.0,0.0,0.75,0.0,0.0,0.0,1.0
1785259656.6012464,0.0,0.0,0.75,0.0,0.0,0.0,1.0
1785259656.6062865,0.0,0.0,0.75,0.0,0.0,0.0,1.0
1785259656.6112983,0.0,0.0,0.75,0.0,0.0,0.0,1.0
1785259656.616282,0.0,0.0,0.75,0.0,0.0,0.0,1.0
1785259656.62124,0.0,0.0,0.75,0.0,0.0,0.0,1.0
1785259656.6662958,0.0,0.0,0.75,0.0,0.0,0.0,1.0
1785259656.6762853,0.0,0.0,0.75,0.0,0.0,0.0,1.0
1785259656.6862593,0.0,0.0,0.75,0.0,0.0,0.0,1.0
1785259656.7012599,0.0,0.0,0.75,0.0,0.0,0.0,1.0
1785259656.7062764,0.0,0.0,0.75,0.0,0.0,0.0,1.0
1785259656.7112806,0.0,0.0,0.75,0.0,0.0,0.0,1.0
1785259656.7162793,0.0,0.0,0.75,0.0,0.0,0.0,1.0
1785259656.7212386,0.0,0.0,0.75,0.0,0.0,0.0,1.0
1785259656.7262936,0.0,0.0,0.75,0.0,0.0,0.0,1.0
1785259656.731286,0.0,0.0,0.75,0.0,0.0,0.0,1.0
1785259656.741222,0.0,0.0,0.75,0.0,0.0,0.0,1.0
1785259656.7812316,0.0,0.0,0.75,0.0,0.0,0.0,1.0
1785259656.7962875,0.0,0.0,0.75,0.0,0.0,0.0,1.0
1785259656.8062828,0.0,0.0,0.75,0.0,0.0,0.0,1.0
1785259656.8162937,0.0,0.0,0.75,0.0,0.0,0.0,1.0
1785259656.8212256,0.0,0.0,0.75,0.0,0.0,0.0,1.0
1785259656.831272,0.0,0.0,0.75,0.0,0.0,0.0,1.0
1785259656.8412268,0.0,0.0,0.75,0.0,0.0,0.0,1.0
1785259656.851276,0.0,0.0,0.75,0.0,0.0,0.0,1.0
1785259656.8562756,0.0,0.0,0.75,0.0,0.0,0.0,1.0
1785259656.8612442,0.0,0.0,0.75,0.0,0.0,0.0,1.0
1785259656.8662784,0.0,0.0,0.75,0.0,0.0,0.0,1.0
1785259656.8712842,0.0,0.0,0.75,0.0,0.0,0.0,1.0
1785259656.8762984,0.0,0.0,0.75,0.0,0.0,0.0,1.0
1785259656.8812473,0.0,0.0,0.75,0.0,0.0,0.0,1.0
1785259656.8863034,0.0,0.0,0.75,0.0,0.0,0.0,1.0
1785259656.8912966,0.0,0.0,0.75,0.0,0.0,0.0,1.0
1785259656.896272,0.0,0.0,0.75,0.0,0.0,0.0,1.0
1785259656.9012341,0.0,0.0,0.75,0.0,0.0,0.0,1.0
1785259656.9062846,0.0,0.0,0.75,0.0,0.0,0.0,1.0
1785259656.9112778,0.0,0.0,0.75,0.0,0.0,0.0,1.0
1785259656.9162815,0.0,0.0,0.75,0.0,0.0,0.0,1.0
1785259656.9263399,0.0,0.0,0.75,0.0,0.0,0.0,1.0
1785259657.086269,0.0,0.0,0.75,0.0,0.0,0.0,1.0
1785259657.1012483,0.0,0.0,0.75,0.0,0.0,0.0,1.0
1785259657.1312842,0.0,0.0,0.75,0.0,0.0,0.0,1.0
1785259657.1412747,0.0,0.0,0.75,0.0,0.0,0.0,1.0
1785259657.1462803,0.0,0.0,0.75,0.0,0.0,0.0,1.0
1785259657.1512744,0.0,0.0,0.75,0.0,0.0,0.0,1.0
1785259657.1562874,0.0,0.0,0.75,0.0,0.0,0.0,1.0
1785259657.166325,0.0,0.0,0.75,0.0,0.0,0.0,1.0
1785259657.1712983,0.0,0.0,0.75,0.0,0.0,0.0,1.0
1785259657.1762955,0.0,0.0,0.75,0.0,0.0,0.0,1.0
1785259657.1812348,0.0,0.0,0.75,0.0,0.0,0.0,1.0
1785259657.1862938,0.0,0.0,0.75,0.0,0.0,0.0,1.0
1785259657.196258,0.0,0.0,0.75,0.0,0.0,0.0,1.0
1785259657.2012753,0.0,0.0,0.75,0.0,0.0,0.0,1.0
1785259657.2062905,0.0,0.0,0.75,0.0,0.0,0.0,1.0
1785259657.2112782,0.0,0.0,0.75,0.0,0.0,0.0,1.0
1785259657.2262688,0.0,0.0,0.75,0.0,0.0,0.0,1.0
1785259657.2312708,0.0,0.0,0.75,0.0,0.0,0.0,1.0
1785259657.2412252,0.0,0.0,0.75,0.0,0.0,0.0,1.0
1785259657.2463033,0.0,0.0,0.75,0.0,0.0,0.0,1.0
1785259657.256309,0.0,0.0,0.75,0.0,0.0,0.0,1.0
1785259657.271287,0.0,0.0,0.75,0.0,0.0,0.0,1.0
1785259657.2812364,0.0,0.0,0.75,0.0,0.0,0.0,1.0
1785259657.2862775,0.0,0.0,0.75,0.0,0.0,0.0,1.0
1785259657.306302,0.0,0.0,0.75,0.0,0.0,0.0,1.0
1785259657.3112886,0.0,0.0,0.75,0.0,0.0,0.0,1.0
1785259657.3162806,0.0,0.0,0.75,0.0,0.0,0.0,1.0
1785259657.3212245,0.0,0.0,0.75,0.0,0.0,0.0,1.0
1785259657.3762963,0.0,0.0,0.75,0.0,0.0,0.0,1.0
1785259657.3962736,0.0,0.0,0.75,0.0,0.0,0.0,1.0
1785259657.401236,0.0,0.0,0.75,0.0,0.0,0.0,1.0
1785259657.4062963,0.0,0.0,0.75,0.0,0.0,0.0,1.0
1785259657.4712968,0.0,0.0,0.75,0.0,0.0,0.0,1.0
1785259657.4762747,0.0,0.0,0.75,0.0,0.0,0.0,1.0
1785259657.4862788,0.0,0.0,0.75,0.0,0.0,0.0,1.0
1785259657.5063016,0.0,0.0,0.75,0.0,0.0,0.0,1.0
1785259657.5112813,0.0,0.0,0.75,0.0,0.0,0.0,1.0
1785259657.516283,0.0,0.0,0.75,0.0,0.0,0.0,1.0
1785259657.5212274,0.0,0.0,0.75,0.0,0.0,0.0,1.0
1785259657.5262637,0.0,0.0,0.75,0.0,0.0,0.0,1.0
1785259657.531296,0.0,0.0,0.75,0.0,0.0,0.0,1.0
1785259657.5363212,0.0,0.0,0.75,0.0,0.0,0.0,1.0
1785259657.5862706,0.0,0.0,0.75,0.0,0.0,0.0,1.0
1785259657.5912793,0.0,0.0,0.75,0.0,0.0,0.0,1.0
1785259657.6012316,0.0,0.0,0.75,0.0,0.0,0.0,1.0
1785259657.6063073,0.0,0.0,0.75,0.0,0.0,0.0,1.0
1785259657.6113021,0.0,0.0,0.75,0.0,0.0,0.0,1.0
1785259657.6162865,0.0,0.0,0.75,0.0,0.0,0.0,1.0
1785259657.6212401,0.0,0.0,0.75,0.0,0.0,0.0,1.0
1785259657.6262748,0.0,0.0,0.75,0.0,0.0,0.0,1.0
1785259657.6362936,0.0,0.0,0.75,0.0,0.0,0.0,1.0
1785259657.6412313,0.0,0.0,0.75,0.0,0.0,0.0,1.0
1785259657.6762676,0.0,0.0,0.75,0.0,0.0,0.0,1.0
1785259657.6812303,0.0,0.0,0.75,0.0,0.0,0.0,1.0
1785259657.6962638,0.0,0.0,0.75,0.0,0.0,0.0,1.0
1785259657.7012343,0.0,0.0,0.75,0.0,0.0,0.0,1.0
1785259657.706342,0.0,0.0,0.75,0.0,0.0,0.0,1.0
1785259657.7112906,0.0,0.0,0.75,0.0,0.0,0.0,1.0
1785259657.7162795,0.0,0.0,0.75,0.0,0.0,0.0,1.0
1785259657.7212257,0.0,0.0,0.75,0.0,0.0,0.0,1.0
1785259657.726267,0.0,0.0,0.75,0.0,0.0,0.0,1.0
1785259657.7412305,0.0,0.0,0.75,0.0,0.0,0.0,1.0
1785259657.7463038,0.0,0.0,0.75,0.0,0.0,0.0,1.0
1785259657.761233,0.0,0.0,0.75,0.0,0.0,0.0,1.0
1785259657.7762988,0.0,0.0,0.75,0.0,0.0,0.0,1.0
1785259657.7812269,0.0,0.0,0.75,0.0,0.0,0.0,1.0
1785259657.7962813,0.0,0.0,0.75,0.0,0.0,0.0,1.0
1785259657.8012207,0.0,0.0,0.75,0.0,0.0,0.0,1.0
1785259657.8362699,0.0,0.0,0.75,0.0,0.0,0.0,1.0
1785259657.8412108,0.0,0.0,0.75,0.0,0.0,0.0,1.0
1785259657.8912783,0.0,0.0,0.75,0.0,0.0,0.0,1.0
1785259657.9062989,0.0,0.0,0.75,0.0,0.0,0.0,1.0
1785259657.9113333,0.0,0.0,0.75,0.0,0.0,0.0,1.0
1785259657.9163065,0.0,0.0,0.75,0.0,0.0,0.0,1.0
1785259657.9212542,0.0,0.0,0.75,0.0,0.0,0.0,1.0
1785259657.9262767,0.0,0.0,0.75,0.0,0.0,0.0,1.0
1785259657.931261,0.0,0.0,0.75,0.0,0.0,0.0,1.0
1785259658.0412369,0.0,0.0,0.75,0.0,0.0,0.0,1.0
1785259658.051285,0.0,0.0,0.75,0.0,0.0,0.0,1.0
1785259658.0662751,0.0,0.0,0.75,0.0,0.0,0.0,1.0
1785259658.096287,0.0,0.0,0.75,0.0,0.0,0.0,1.0
1785259658.1012414,0.0,0.0,0.75,0.0,0.0,0.0,1.0
1785259658.1063004,0.0,0.0,0.75,0.0,0.0,0.0,1.0
1785259658.1113498,0.0,0.0,0.75,0.0,0.0,0.0,1.0
1785259658.1162972,0.0,0.0,0.75,0.0,0.0,0.0,1.0
1785259658.1212502,0.0,0.0,0.75,0.0,0.0,0.0,1.0
1785259658.1262743,0.0,0.0,0.75,0.0,0.0,0.0,1.0
1785259658.1312606,0.0,0.0,0.75,0.0,0.0,0.0,1.0
1785259658.1462793,0.0,0.0,0.75,0.0,0.0,0.0,1.0
1785259658.1612294,0.0,0.0,0.75,0.0,0.0,0.0,1.0
1785259658.1812496,0.0,0.0,0.75,0.0,0.0,0.0,1.0
1785259658.1912851,0.0,0.0,0.75,0.0,0.0,0.0,1.0
1785259658.1962707,0.0,0.0,0.75,0.0,0.0,0.0,1.0
1785259658.2063508,0.0,0.0,0.75,0.0,0.0,0.0,1.0
1785259658.211301,0.0,0.0,0.75,0.0,0.0,0.0,1.0
1785259658.2162876,0.0,0.0,0.75,0.0,0.0,0.0,1.0
1785259658.2263045,0.0,0.0,0.75,0.0,0.0,0.0,1.0
1785259658.2462783,0.0,0.0,0.75,0.0,0.0,0.0,1.0
1785259658.2612522,0.0,0.0,0.75,0.0,0.0,0.0,1.0
1785259658.2662752,0.0,0.0,0.75,0.0,0.0,0.0,1.0
1785259658.2862978,0.0,0.0,0.75,0.0,0.0,0.0,1.0
1785259658.2912762,0.0,0.0,0.75,0.0,0.0,0.0,1.0
1785259658.2962842,0.0,0.0,0.75,0.0,0.0,0.0,1.0
1785259658.3012574,0.0,0.0,0.75,0.0,0.0,0.0,1.0
1785259658.3062892,0.0,0.0,0.75,0.0,0.0,0.0,1.0
1785259658.3112898,0.0,0.0,0.75,0.0,0.0,0.0,1.0
1785259658.316297,0.0,0.0,0.75,0.0,0.0,0.0,1.0
1785259658.32125,0.0,0.0,0.75,0.0,0.0,0.0,1.0
1785259658.326273,0.0,0.0,0.75,0.0,0.0,0.0,1.0
1785259658.3312757,0.0,0.0,0.75,0.0,0.0,0.0,1.0
1785259658.3412359,0.0,0.0,0.75,0.0,0.0,0.0,1.0
1785259658.3612425,0.0,0.0,0.75,0.0,0.0,0.0,1.0
1785259658.366287,0.0,0.0,0.75,0.0,0.0,0.0,1.0
1785259658.3713248,0.0,0.0,0.75,0.0,0.0,0.0,1.0
1785259658.3762894,0.0,0.0,0.75,0.0,0.0,0.0,1.0
1785259658.381234,0.0,0.0,0.75,0.0,0.0,0.0,1.0
1785259658.3862834,0.0,0.0,0.75,0.0,0.0,0.0,1.0
1785259658.401217,0.0,0.0,0.75,0.0,0.0,0.0,1.0
1785259658.4062889,0.0,0.0,0.75,0.0,0.0,0.0,1.0
1785259658.411303,0.0,0.0,0.75,0.0,0.0,0.0,1.0
1785259658.4162846,0.0,0.0,0.75,0.0,0.0,0.0,1.0
1785259658.42124,0.0,0.0,0.75,0.0,0.0,0.0,1.0
1785259658.4262931,0.0,0.0,0.75,0.0,0.0,0.0,1.0
1785259658.4412215,0.0,0.0,0.75,0.0,0.0,0.0,1.0
1785259658.4462905,0.0,0.0,0.75,0.0,0.0,0.0,1.0
1785259658.4512694,0.0,0.0,0.75,0.0,0.0,0.0,1.0
1785259658.4612122,0.0,0.0,0.75,0.0,0.0,0.0,1.0
1785259658.4662633,0.0,0.0,0.75,0.0,0.0,0.0,1.0
1785259658.4712706,0.0,0.0,0.75,0.0,0.0,0.0,1.0
1785259658.4862587,0.0,0.0,0.75,0.0,0.0,0.0,1.0
1785259658.4962816,0.0,0.0,0.75,0.0,0.0,0.0,1.0
1785259658.5062807,0.0,0.0,0.75,0.0,0.0,0.0,1.0
1785259658.5112748,0.0,0.0,0.75,0.0,0.0,0.0,1.0
1785259658.5162911,0.0,0.0,0.75,0.0,0.0,0.0,1.0
1785259658.5212624,0.0,0.0,0.75,0.0,0.0,0.0,1.0
1785259658.531274,0.0,0.0,0.75,0.0,0.0,0.0,1.0
1785259658.5363,0.0,0.0,0.75,0.0,0.0,0.0,1.0
1785259658.5412452,0.0,0.0,0.75,0.0,0.0,0.0,1.0
1785259658.586272,0.0,0.0,0.75,0.0,0.0,0.0,1.0
1785259658.591277,0.0,0.0,0.75,0.0,0.0,0.0,1.0
1785259658.596305,0.0,0.0,0.75,0.0,0.0,0.0,1.0
1785259658.6012511,0.0,0.0,0.75,0.0,0.0,0.0,1.0
1785259658.6062844,0.0,0.0,0.75,0.0,0.0,0.0,1.0
1785259658.611279,0.0,0.0,0.75,0.0,0.0,0.0,1.0
1785259658.6163516,0.0,0.0,0.75,0.0,0.0,0.0,1.0
1785259658.6212926,0.0,0.0,0.75,0.0,0.0,0.0,1.0
1785259658.6263087,0.0,0.0,0.75,0.0,0.0,0.0,1.0
1785259658.641264,0.0,0.0,0.75,0.0,0.0,0.0,1.0
1785259658.651271,0.0,0.0,0.75,0.0,0.0,0.0,1.0
1785259658.6562824,0.0,0.0,0.75,0.0,0.0,0.0,1.0
1785259658.6612313,0.0,0.0,0.75,0.0,0.0,0.0,1.0
1785259658.6662903,0.0,0.0,0.75,0.0,0.0,0.0,1.0
1785259658.671278,0.0,0.0,0.75,0.0,0.0,0.0,1.0
1785259658.6812158,0.0,0.0,0.75,0.0,0.0,0.0,1.0
1785259658.6862822,0.0,0.0,0.75,0.0,0.0,0.0,1.0
1785259658.6912706,0.0,0.0,0.75,0.0,0.0,0.0,1.0
1785259658.696282,0.0,0.0,0.75,0.0,0.0,0.0,1.0
1785259658.7012312,0.0,0.0,0.75,0.0,0.0,0.0,1.0
1785259658.7112741,0.0,0.0,0.75,0.0,0.0,0.0,1.0
1785259658.7163417,0.0,0.0,0.75,0.0,0.0,0.0,1.0
1785259658.7362921,0.0,0.0,0.75,0.0,0.0,0.0,1.0
1785259658.7412267,0.0,0.0,0.75,0.0,0.0,0.0,1.0
1785259658.7462852,0.0,0.0,0.75,0.0,0.0,0.0,1.0
1785259658.751282,0.0,0.0,0.75,0.0,0.0,0.0,1.0
1785259658.7762845,0.0,0.0,0.75,0.0,0.0,0.0,1.0
1785259658.7812328,0.0,0.0,0.75,0.0,0.0,0.0,1.0
1785259658.7862844,0.0,0.0,0.75,0.0,0.0,0.0,1.0
1785259658.8162694,0.0,0.0,0.75,0.0,0.0,0.0,1.0
1785259658.8263059,0.0,0.0,0.75,0.0,0.0,0.0,1.0
1785259658.8312843,0.0,0.0,0.75,0.0,0.0,0.0,1.0
1785259658.8462853,0.0,0.0,0.75,0.0,0.0,0.0,1.0
1785259658.956291,0.0,0.0,0.75,0.0,0.0,0.0,1.0
1785259658.9612277,0.0,0.0,0.75,0.0,0.0,0.0,1.0
1785259658.9912987,0.0,0.0,0.75,0.0,0.0,0.0,1.0
1785259659.0162613,0.0,0.0,0.75,0.0,0.0,0.0,1.0
1785259659.021247,0.0,0.0,0.75,0.0,0.0,0.0,1.0
1785259659.0263064,0.0,0.0,0.75,0.0,0.0,0.0,1.0
1785259659.0313046,0.0,0.0,0.75,0.0,0.0,0.0,1.0
1785259659.0412414,0.0,0.0,0.75,0.0,0.0,0.0,1.0
1785259659.0462976,0.0,0.0,0.75,0.0,0.0,0.0,1.0
1785259659.0512817,0.0,0.0,0.75,0.0,0.0,0.0,1.0
1785259659.06122,0.0,0.0,0.75,0.0,0.0,0.0,1.0
1785259659.0812354,0.0,0.0,0.75,0.0,0.0,0.0,1.0
1785259659.1062984,0.0,0.0,0.75,0.0,0.0,0.0,1.0
1785259659.1112611,0.0,0.0,0.75,0.0,0.0,0.0,1.0
1785259659.11629,0.0,0.0,0.75,0.0,0.0,0.0,1.0
1785259659.1212485,0.0,0.0,0.75,0.0,0.0,0.0,1.0
1785259659.126281,0.0,0.0,0.75,0.0,0.0,0.0,1.0
1785259659.1312745,0.0,0.0,0.75,0.0,0.0,0.0,1.0
1785259659.1962662,0.0,0.0,0.75,0.0,0.0,0.0,1.0
1785259659.2062597,0.0,0.0,0.75,0.0,0.0,0.0,1.0
1785259659.2163002,0.0,0.0,0.75,0.0,0.0,0.0,1.0
1785259659.2212346,0.0,0.0,0.75,0.0,0.0,0.0,1.0
1785259659.2264082,0.0,0.0,0.75,0.0,0.0,0.0,1.0
1785259659.231323,0.0,0.0,0.75,0.0,0.0,0.0,1.0
1785259659.2412436,0.0,0.0,0.75,0.0,0.0,0.0,1.0
1785259659.2462792,0.0,0.0,0.75,0.0,0.0,0.0,1.0
1785259659.2512891,0.0,0.0,0.75,0.0,0.0,0.0,1.0
1785259659.256301,0.0,0.0,0.75,0.0,0.0,0.0,1.0
1785259659.2612233,0.0,0.0,0.75,0.0,0.0,0.0,1.0
1785259659.2662756,0.0,0.0,0.75,0.0,0.0,0.0,1.0
1785259659.2713506,0.0,0.0,0.75,0.0,0.0,0.0,1.0
1785259659.2762728,0.0,0.0,0.75,0.0,0.0,0.0,1.0
1785259659.3062603,0.0,0.0,0.75,0.0,0.0,0.0,1.0
1785259659.3162615,0.0,0.0,0.75,0.0,0.0,0.0,1.0
1785259659.3212192,0.0,0.0,0.75,0.0,0.0,0.0,1.0
1785259659.3312624,0.0,0.0,0.75,0.0,0.0,0.0,1.0
1785259659.3412116,0.0,0.0,0.75,0.0,0.0,0.0,1.0
1785259659.3512666,0.0,0.0,0.75,0.0,0.0,0.0,1.0
1785259659.3963013,0.0,0.0,0.75,0.0,0.0,0.0,1.0
1785259659.4012225,0.0,0.0,0.75,0.0,0.0,0.0,1.0
1785259659.4212236,0.0,0.0,0.75,0.0,0.0,0.0,1.0
1785259659.42627,0.0,0.0,0.75,0.0,0.0,0.0,1.0
1785259659.436266,0.0,0.0,0.75,0.0,0.0,0.0,1.0
1785259659.4462636,0.0,0.0,0.75,0.0,0.0,0.0,1.0
1785259659.4512713,0.0,0.0,0.75,0.0,0.0,0.0,1.0
1785259659.4662802,0.0,0.0,0.75,0.0,0.0,0.0,1.0
1785259659.4763072,0.0,0.0,0.75,0.0,0.0,0.0,1.0
1785259659.4812236,0.0,0.0,0.75,0.0,0.0,0.0,1.0
1785259659.496276,0.0,0.0,0.75,0.0,0.0,0.0,1.0
1785259659.521222,0.0,0.0,0.75,0.0,0.0,0.0,1.0
1785259659.5262678,0.0,0.0,0.75,0.0,0.0,0.0,1.0
1785259659.531266,0.0,0.0,0.75,0.0,0.0,0.0,1.0
1785259659.5362654,0.0,0.0,0.75,0.0,0.0,0.0,1.0
1785259659.551261,0.0,0.0,0.75,0.0,0.0,0.0,1.0
1785259659.561234,0.0,0.0,0.75,0.0,0.0,0.0,1.0
1785259659.5662806,0.0,0.0,0.75,0.0,0.0,0.0,1.0
1785259659.5762677,0.0,0.0,0.75,0.0,0.0,0.0,1.0
1785259659.5812256,0.0,0.0,0.75,0.0,0.0,0.0,1.0
1785259659.5962985,0.0,0.0,0.75,0.0,0.0,0.0,1.0
1785259659.6112778,0.0,0.0,0.75,0.0,0.0,0.0,1.0
1785259659.6212423,0.0,0.0,0.75,0.0,0.0,0.0,1.0
1785259659.6262803,0.0,0.0,0.75,0.0,0.0,0.0,1.0
1785259659.6312888,0.0,0.0,0.75,0.0,0.0,0.0,1.0
1785259659.6362724,0.0,0.0,0.75,0.0,0.0,0.0,1.0
1785259659.64627,0.0,0.0,0.75,0.0,0.0,0.0,1.0
1785259659.6512802,0.0,0.0,0.75,0.0,0.0,0.0,1.0
1785259659.6612136,0.0,0.0,0.75,0.0,0.0,0.0,1.0
1785259659.6812394,0.0,0.0,0.75,0.0,0.0,0.0,1.0
1785259659.6912756,0.0,0.0,0.75,0.0,0.0,0.0,1.0
1785259659.7012546,0.0,0.0,0.75,0.0,0.0,0.0,1.0
1785259659.7062995,0.0,0.0,0.75,0.0,0.0,0.0,1.0
1785259659.7112842,0.0,0.0,0.75,0.0,0.0,0.0,1.0
1785259659.716297,0.0,0.0,0.75,0.0,0.0,0.0,1.0
1785259659.7212274,0.0,0.0,0.75,0.0,0.0,0.0,1.0
1785259659.806294,0.0,0.0,0.75,0.0,0.0,0.0,1.0
1785259659.811301,0.0,0.0,0.75,0.0,0.0,0.0,1.0
1785259659.8212345,0.0,0.0,0.75,0.0,0.0,0.0,1.0
1785259659.8262825,0.0,0.0,0.75,0.0,0.0,0.0,1.0
1785259659.836281,0.0,0.0,0.75,0.0,0.0,0.0,1.0
1785259659.8412251,0.0,0.0,0.75,0.0,0.0,0.0,1.0
1785259659.8562863,0.0,0.0,0.75,0.0,0.0,0.0,1.0
1785259659.8612185,0.0,0.0,0.75,0.0,0.0,0.0,1.0
1785259659.8662698,0.0,0.0,0.75,0.0,0.0,0.0,1.0
1785259659.8712718,0.0,0.0,0.75,0.0,0.0,0.0,1.0
1785259659.8862808,0.0,0.0,0.75,0.0,0.0,0.0,1.0
1785259659.8912988,0.0,0.0,0.75,0.0,0.0,0.0,1.0
1785259659.8962853,0.0,0.0,0.75,0.0,0.0,0.0,1.0
1785259659.9012437,0.0,0.0,0.75,0.0,0.0,0.0,1.0
1785259659.9162886,0.0,0.0,0.75,0.0,0.0,0.0,1.0
1785259659.9212322,0.0,0.0,0.75,0.0,0.0,0.0,1.0
1785259659.926283,0.0,0.0,0.75,0.0,0.0,0.0,1.0
1785259659.9312885,0.0,0.0,0.75,0.0,0.0,0.0,1.0
1785259659.936279,0.0,0.0,0.75,0.0,0.0,0.0,1.0
1785259659.9412353,0.0,0.0,0.75,0.0,0.0,0.0,1.0
1785259659.9462802,0.0,0.0,0.75,0.0,0.0,0.0,1.0
1785259659.9512634,0.0,0.0,0.75,0.0,0.0,0.0,1.0
1785259659.9563107,0.0,0.0,0.75,0.0,0.0,0.0,1.0
1785259659.961229,0.0,0.0,0.75,0.0,0.0,0.0,1.0
1785259659.971287,0.0,0.0,0.75,0.0,0.0,0.0,1.0
1785259659.981221,0.0,0.0,0.75,0.0,0.0,0.0,1.0
1785259659.9862726,0.0,0.0,0.75,0.0,0.0,0.0,1.0
1785259659.9912663,0.0,0.0,0.75,0.0,0.0,0.0,1.0
1785259660.0012302,0.0,0.0,0.75,0.0,0.0,0.0,1.0
1785259660.0062828,0.0,0.0,0.75,0.0,0.0,0.0,1.0
1785259660.011264,0.0,0.0,0.75,0.0,0.0,0.0,1.0
1785259660.0212326,0.0,0.0,0.75,0.0,0.0,0.0,1.0
1785259660.0262976,0.0,0.0,0.75,0.0,0.0,0.0,1.0
1785259660.0312948,0.0,0.0,0.75,0.0,0.0,0.0,1.0
1785259660.0362945,0.0,0.0,0.75,0.0,0.0,0.0,1.0
1785259660.0412374,0.0,0.0,0.75,0.0,0.0,0.0,1.0
1785259660.0512638,0.0,0.0,0.75,0.0,0.0,0.0,1.0
1785259660.0613043,0.0,0.0,0.75,0.0,0.0,0.0,1.0
1785259660.0713193,0.0,0.0,0.75,0.0,0.0,0.0,1.0
1785259660.0763078,0.0,0.0,0.75,0.0,0.0,0.0,1.0
1785259660.0812595,0.0,0.0,0.75,0.0,0.0,0.0,1.0
1785259660.0862777,0.0,0.0,0.75,0.0,0.0,0.0,1.0
1785259660.0913084,0.0,0.0,0.75,0.0,0.0,0.0,1.0
1785259660.1112783,0.0,0.0,0.75,0.0,0.0,0.0,1.0
1785259660.11631,0.0,0.0,0.75,0.0,0.0,0.0,1.0
1785259660.1262977,0.0,0.0,0.75,0.0,0.0,0.0,1.0
1785259660.131334,0.0,0.0,0.75,0.0,0.0,0.0,1.0
1785259660.1363118,0.0,0.0,0.75,0.0,0.0,0.0,1.0
1785259660.1612341,0.0,0.0,0.75,0.0,0.0,0.0,1.0
1785259660.1662748,0.0,0.0,0.75,0.0,0.0,0.0,1.0
1785259660.1713004,0.0,0.0,0.75,0.0,0.0,0.0,1.0
1785259660.196284,0.0,0.0,0.75,0.0,0.0,0.0,1.0
1785259660.2012248,0.0,0.0,0.75,0.0,0.0,0.0,1.0
1785259660.2113018,0.0,0.0,0.75,0.0,0.0,0.0,1.0
1785259660.2162561,0.0,0.0,0.75,0.0,0.0,0.0,1.0
1785259660.2212307,0.0,0.0,0.75,0.0,0.0,0.0,1.0
1785259660.226277,0.0,0.0,0.75,0.0,0.0,0.0,1.0
1785259660.2313108,0.0,0.0,0.75,0.0,0.0,0.0,1.0
1785259660.2363317,0.0,0.0,0.75,0.0,0.0,0.0,1.0
1785259660.2463033,0.0,0.0,0.75,0.0,0.0,0.0,1.0
1785259660.25628,0.0,0.0,0.75,0.0,0.0,0.0,1.0
1785259660.2612402,0.0,0.0,0.75,0.0,0.0,0.0,1.0
1785259660.266292,0.0,0.0,0.75,0.0,0.0,0.0,1.0
1785259660.27128,0.0,0.0,0.75,0.0,0.0,0.0,1.0
1785259660.301216,0.0,0.0,0.75,0.0,0.0,0.0,1.0
1785259660.3062847,0.0,0.0,0.75,0.0,0.0,0.0,1.0
1785259660.3112793,0.0,0.0,0.75,0.0,0.0,0.0,1.0
1785259660.3262746,0.0,0.0,0.75,0.0,0.0,0.0,1.0
1785259660.3412402,0.0,0.0,0.75,0.0,0.0,0.0,1.0
1785259660.3463087,0.0,0.0,0.75,0.0,0.0,0.0,1.0
1785259660.3562655,0.0,0.0,0.75,0.0,0.0,0.0,1.0
1785259660.37129,0.0,0.0,0.75,0.0,0.0,0.0,1.0
1785259660.4012346,0.0,0.0,0.75,0.0,0.0,0.0,1.0
1785259660.4113004,0.0,0.0,0.75,0.0,0.0,0.0,1.0
1785259660.4262908,0.0,0.0,0.75,0.0,0.0,0.0,1.0
1785259660.4313,0.0,0.0,0.75,0.0,0.0,0.0,1.0
1785259660.4362907,0.0,0.0,0.75,0.0,0.0,0.0,1.0
1785259660.4412339,0.0,0.0,0.75,0.0,0.0,0.0,1.0
1785259660.4512696,0.0,0.0,0.75,0.0,0.0,0.0,1.0
1785259660.456271,0.0,0.0,0.75,0.0,0.0,0.0,1.0
1785259660.471274,0.0,0.0,0.75,0.0,0.0,0.0,1.0
1785259660.496274,0.0,0.0,0.75,0.0,0.0,0.0,1.0
1785259660.50122,0.0,0.0,0.75,0.0,0.0,0.0,1.0
1785259660.506274,0.0,0.0,0.75,0.0,0.0,0.0,1.0
1785259660.5113006,0.0,0.0,0.75,0.0,0.0,0.0,1.0
1785259660.531277,0.0,0.0,0.75,0.0,0.0,0.0,1.0
1785259660.536314,0.0,0.0,0.75,0.0,0.0,0.0,1.0
1785259660.5412376,0.0,0.0,0.75,0.0,0.0,0.0,1.0
1785259660.5462897,0.0,0.0,0.75,0.0,0.0,0.0,1.0
1785259660.556277,0.0,0.0,0.75,0.0,0.0,0.0,1.0
1785259660.5612433,0.0,0.0,0.75,0.0,0.0,0.0,1.0
1785259660.681216,0.0,0.0,0.75,0.0,0.0,0.0,1.0
1785259660.9462976,0.0,0.0,0.75,0.0,0.0,0.0,1.0
1785259660.956274,0.0,0.0,0.75,0.0,0.0,0.0,1.0
1785259660.9612184,0.0,0.0,0.75,0.0,0.0,0.0,1.0
1785259660.971268,0.0,0.0,0.75,0.0,0.0,0.0,1.0
1785259661.0612237,0.0,0.0,0.75,0.0,0.0,0.0,1.0
1785259661.071266,0.0,0.0,0.75,0.0,0.0,0.0,1.0
1785259661.0812268,0.0,0.0,0.75,0.0,0.0,0.0,1.0
1785259661.101254,0.0,0.0,0.75,0.0,0.0,0.0,1.0
1785259661.1062748,0.0,0.0,0.75,0.0,0.0,0.0,1.0
1785259661.1112976,0.0,0.0,0.75,0.0,0.0,0.0,1.0
1785259661.1362834,0.0,0.0,0.75,0.0,0.0,0.0,1.0
1785259661.1512747,0.0,0.0,0.75,0.0,0.0,0.0,1.0
1785259661.1562638,0.0,0.0,0.75,0.0,0.0,0.0,1.0
1785259661.1712677,0.0,0.0,0.75,0.0,0.0,0.0,1.0
1785259661.1812103,0.0,0.0,0.75,0.0,0.0,0.0,1.0
1785259661.196257,0.0,0.0,0.75,0.0,0.0,0.0,1.0
1785259661.2012062,0.0,0.0,0.75,0.0,0.0,0.0,1.0
1785259661.2112873,0.0,0.0,0.75,0.0,0.0,0.0,1.0
1785259661.2362916,0.0,0.0,0.75,0.0,0.0,0.0,1.0
1785259661.2412422,0.0,0.0,0.75,0.0,0.0,0.0,1.0
1785259661.2463148,0.0,0.0,0.75,0.0,0.0,0.0,1.0
1785259661.2512918,0.0,0.0,0.75,0.0,0.0,0.0,1.0
1785259661.366335,0.0,0.0,0.75,0.0,0.0,0.0,1.0
1785259661.3812122,0.0,0.0,0.75,0.0,0.0,0.0,1.0
1785259661.3912704,0.0,0.0,0.75,0.0,0.0,0.0,1.0
1785259661.4212186,0.0,0.0,0.75,0.0,0.0,0.0,1.0
1785259661.4262843,0.0,0.0,0.75,0.0,0.0,0.0,1.0
1785259661.4312809,0.0,0.0,0.75,0.0,0.0,0.0,1.0
1785259661.4363415,0.0,0.0,0.75,0.0,0.0,0.0,1.0
1785259661.441292,0.0,0.0,0.75,0.0,0.0,0.0,1.0
1785259661.446301,0.0,0.0,0.75,0.0,0.0,0.0,1.0
1785259661.4513004,0.0,0.0,0.75,0.0,0.0,0.0,1.0
1785259661.4562695,0.0,0.0,0.75,0.0,0.0,0.0,1.0
1785259661.4663472,0.0,0.0,0.75,0.0,0.0,0.0,1.0
1785259661.471291,0.0,0.0,0.75,0.0,0.0,0.0,1.0
1785259661.5112982,0.0,0.0,0.75,0.0,0.0,0.0,1.0
1785259661.5162802,0.0,0.0,0.75,0.0,0.0,0.0,1.0
1785259661.5212831,0.0,0.0,0.75,0.0,0.0,0.0,1.0
1785259661.5262709,0.0,0.0,0.75,0.0,0.0,0.0,1.0
1785259661.5312808,0.0,0.0,0.75,0.0,0.0,0.0,1.0
1785259661.5362904,0.0,0.0,0.75,0.0,0.0,0.0,1.0
1785259661.5412335,0.0,0.0,0.75,0.0,0.0,0.0,1.0
1785259661.5462747,0.0,0.0,0.75,0.0,0.0,0.0,1.0
1785259661.5512648,0.0,0.0,0.75,0.0,0.0,0.0,1.0
1785259661.5662596,0.0,0.0,0.75,0.0,0.0,0.0,1.0
1785259661.6062863,0.0,0.0,0.75,0.0,0.0,0.0,1.0
1785259661.6162848,0.0,0.0,0.75,0.0,0.0,0.0,1.0
1785259661.6212325,0.0,0.0,0.75,0.0,0.0,0.0,1.0
1785259661.6262658,0.0,0.0,0.75,0.0,0.0,0.0,1.0
1785259661.6312628,0.0,0.0,0.75,0.0,0.0,0.0,1.0
1785259661.636262,0.0,0.0,0.75,0.0,0.0,0.0,1.0
1785259661.6412313,0.0,0.0,0.75,0.0,0.0,0.0,1.0
1785259661.6463008,0.0,0.0,0.75,0.0,0.0,0.0,1.0
1785259661.651285,0.0,0.0,0.75,0.0,0.0,0.0,1.0
1785259661.6612425,0.0,0.0,0.75,0.0,0.0,0.0,1.0
1785259661.6662621,0.0,0.0,0.75,0.0,0.0,0.0,1.0
1785259661.6912656,0.0,0.0,0.75,0.0,0.0,0.0,1.0
1785259661.7162697,0.0,0.0,0.75,0.0,0.0,0.0,1.0
1785259661.7212117,0.0,0.0,0.75,0.0,0.0,0.0,1.0
1785259661.7362764,0.0,0.0,0.75,0.0,0.0,0.0,1.0
1785259661.7412302,0.0,0.0,0.75,0.0,0.0,0.0,1.0
1785259661.771285,0.0,0.0,0.75,0.0,0.0,0.0,1.0
1785259661.9412448,0.0,0.0,0.75,0.0,0.0,0.0,1.0
1785259661.9712665,0.0,0.0,0.75,0.0,0.0,0.0,1.0
1785259661.9812193,0.0,0.0,0.75,0.0,0.0,0.0,1.0
1785259661.986323,0.0,0.0,0.75,0.0,0.0,0.0,1.0
1785259661.9912891,0.0,0.0,0.75,0.0,0.0,0.0,1.0
1785259661.9962623,0.0,0.0,0.75,0.0,0.0,0.0,1.0
1785259662.0162601,0.0,0.0,0.75,0.0,0.0,0.0,1.0
1785259662.0262747,0.0,0.0,0.75,0.0,0.0,0.0,1.0
1785259662.031268,0.0,0.0,0.75,0.0,0.0,0.0,1.0
1785259662.0363185,0.0,0.0,0.75,0.0,0.0,0.0,1.0
1785259662.0412903,0.0,0.0,0.75,0.0,0.0,0.0,1.0
1785259662.0462983,0.0,0.0,0.75,0.0,0.0,0.0,1.0
1785259662.066265,0.0,0.0,0.75,0.0,0.0,0.0,1.0
1785259662.071261,0.0,0.0,0.75,0.0,0.0,0.0,1.0
1785259662.0812192,0.0,0.0,0.75,0.0,0.0,0.0,1.0
1785259662.0912855,0.0,0.0,0.75,0.0,0.0,0.0,1.0
1785259662.0962787,0.0,0.0,0.75,0.0,0.0,0.0,1.0
1785259662.1012225,0.0,0.0,0.75,0.0,0.0,0.0,1.0
1785259662.1162705,0.0,0.0,0.75,0.0,0.0,0.0,1.0
1785259662.1362762,0.0,0.0,0.75,0.0,0.0,0.0,1.0
1785259662.1412199,0.0,0.0,0.75,0.0,0.0,0.0,1.0
1785259662.1512637,0.0,0.0,0.75,0.0,0.0,0.0,1.0
1785259662.1712763,0.0,0.0,0.75,0.0,0.0,0.0,1.0
1785259662.1812217,0.0,0.0,0.75,0.0,0.0,0.0,1.0
1785259662.2212522,0.0,0.0,0.75,0.0,0.0,0.0,1.0
1785259662.2262855,0.0,0.0,0.75,0.0,0.0,0.0,1.0
1785259662.2362645,0.0,0.0,0.75,0.0,0.0,0.0,1.0
1785259662.241228,0.0,0.0,0.75,0.0,0.0,0.0,1.0
1785259662.246289,0.0,0.0,0.75,0.0,0.0,0.0,1.0
1785259662.251294,0.0,0.0,0.75,0.0,0.0,0.0,1.0
1785259662.2562804,0.0,0.0,0.75,0.0,0.0,0.0,1.0
1785259662.2662754,0.0,0.0,0.75,0.0,0.0,0.0,1.0
1785259662.2712657,0.0,0.0,0.75,0.0,0.0,0.0,1.0
1785259662.2762833,0.0,0.0,0.75,0.0,0.0,0.0,1.0
1785259662.2812402,0.0,0.0,0.75,0.0,0.0,0.0,1.0
1785259662.2912867,0.0,0.0,0.75,0.0,0.0,0.0,1.0
1785259662.2962844,0.0,0.0,0.75,0.0,0.0,0.0,1.0
1785259662.3012273,0.0,0.0,0.75,0.0,0.0,0.0,1.0
1785259662.3062758,0.0,0.0,0.75,0.0,0.0,0.0,1.0
1785259662.4262865,0.0,0.0,0.75,0.0,0.0,0.0,1.0
1785259662.4762683,0.0,0.0,0.75,0.0,0.0,0.0,1.0
1785259662.4812338,0.0,0.0,0.75,0.0,0.0,0.0,1.0
1785259662.536266,0.0,0.0,0.75,0.0,0.0,0.0,1.0
1785259662.546266,0.0,0.0,0.75,0.0,0.0,0.0,1.0
1785259662.5562723,0.0,0.0,0.75,0.0,0.0,0.0,1.0
1785259662.5612228,0.0,0.0,0.75,0.0,0.0,0.0,1.0
1785259662.5712745,0.0,0.0,0.75,0.0,0.0,0.0,1.0
1785259662.5762687,0.0,0.0,0.75,0.0,0.0,0.0,1.0
1785259662.581231,0.0,0.0,0.75,0.0,0.0,0.0,1.0
1785259662.5862596,0.0,0.0,0.75,0.0,0.0,0.0,1.0
1785259662.5912755,0.0,0.0,0.75,0.0,0.0,0.0,1.0
1785259662.6212387,0.0,0.0,0.75,0.0,0.0,0.0,1.0
1785259662.6262743,0.0,0.0,0.75,0.0,0.0,0.0,1.0
1785259662.6312695,0.0,0.0,0.75,0.0,0.0,0.0,1.0
1785259662.6362655,0.0,0.0,0.75,0.0,0.0,0.0,1.0
1785259662.6412299,0.0,0.0,0.75,0.0,0.0,0.0,1.0
1785259662.6462703,0.0,0.0,0.75,0.0,0.0,0.0,1.0
1785259662.651276,0.0,0.0,0.75,0.0,0.0,0.0,1.0
1785259662.6562989,0.0,0.0,0.75,0.0,0.0,0.0,1.0
1785259662.661237,0.0,0.0,0.75,0.0,0.0,0.0,1.0
1785259662.6712618,0.0,0.0,0.75,0.0,0.0,0.0,1.0
1785259662.6962616,0.0,0.0,0.75,0.0,0.0,0.0,1.0
1785259662.7012246,0.0,0.0,0.75,0.0,0.0,0.0,1.0
1785259662.7162702,0.0,0.0,0.75,0.0,0.0,0.0,1.0
1785259662.7463026,0.0,0.0,0.75,0.0,0.0,0.0,1.0
1785259662.756297,0.0,0.0,0.75,0.0,0.0,0.0,1.0
1785259662.761227,0.0,0.0,0.75,0.0,0.0,0.0,1.0
1785259662.8162792,0.0,0.0,0.75,0.0,0.0,0.0,1.0
1785259662.826272,0.0,0.0,0.75,0.0,0.0,0.0,1.0
1785259662.8412328,0.0,0.0,0.75,0.0,0.0,0.0,1.0
1785259662.8462782,0.0,0.0,0.75,0.0,0.0,0.0,1.0
1785259662.8512743,0.0,0.0,0.75,0.0,0.0,0.0,1.0
1785259662.8562715,0.0,0.0,0.75,0.0,0.0,0.0,1.0
1785259662.8612282,0.0,0.0,0.75,0.0,0.0,0.0,1.0
1785259662.866428,0.0,0.0,0.75,0.0,0.0,0.0,1.0
1785259662.8713002,0.0,0.0,0.75,0.0,0.0,0.0,1.0
1785259662.8763614,0.0,0.0,0.75,0.0,0.0,0.0,1.0
1785259662.8812456,0.0,0.0,0.75,0.0,0.0,0.0,1.0
1785259662.8863194,0.0,0.0,0.75,0.0,0.0,0.0,1.0
1785259662.906284,0.0,0.0,0.75,0.0,0.0,0.0,1.0
1785259662.9162755,0.0,0.0,0.75,0.0,0.0,0.0,1.0
1785259662.9313006,0.0,0.0,0.75,0.0,0.0,0.0,1.0
1785259662.9412396,0.0,0.0,0.75,0.0,0.0,0.0,1.0
1785259662.956275,0.0,0.0,0.75,0.0,0.0,0.0,1.0
1785259662.9612577,0.0,0.0,0.75,0.0,0.0,0.0,1.0
1785259662.9662874,0.0,0.0,0.75,0.0,0.0,0.0,1.0
1785259662.9712796,0.0,0.0,0.75,0.0,0.0,0.0,1.0
1785259662.976265,0.0,0.0,0.75,0.0,0.0,0.0,1.0
1785259662.9812348,0.0,0.0,0.75,0.0,0.0,0.0,1.0
1785259663.0562665,0.0,0.0,0.75,0.0,0.0,0.0,1.0
1785259663.0812137,0.0,0.0,0.75,0.0,0.0,0.0,1.0
1785259663.2362943,0.0,0.0,0.75,0.0,0.0,0.0,1.0
1785259663.2412355,0.0,0.0,0.75,0.0,0.0,0.0,1.0
1785259663.2462788,0.0,0.0,0.75,0.0,0.0,0.0,1.0
1785259663.6612291,0.0,0.0,0.75,0.0,0.0,0.0,1.0
1785259663.671325,0.0,0.0,0.75,0.0,0.0,0.0,1.0
1785259663.6762915,0.0,0.0,0.75,0.0,0.0,0.0,1.0
1785259663.6812334,0.0,0.0,0.75,0.0,0.0,0.0,1.0
1785259663.7162788,0.0,0.0,0.75,0.0,0.0,0.0,1.0
1785259663.7362993,0.0,0.0,0.75,0.0,0.0,0.0,1.0
1785259663.7512765,0.0,0.0,0.75,0.0,0.0,0.0,1.0
1785259663.9862852,0.0,0.0,0.75,0.0,0.0,0.0,1.0
1785259664.0762975,0.0,0.0,0.75,0.0,0.0,0.0,1.0
1785259664.0812368,0.0,0.0,0.75,0.0,0.0,0.0,1.0
1785259664.09126,0.0,0.0,0.75,0.0,0.0,0.0,1.0
1785259664.146272,0.0,0.0,0.75,0.0,0.0,0.0,1.0
1785259664.1512918,0.0,0.0,0.75,0.0,0.0,0.0,1.0
1785259664.1612487,0.0,0.0,0.75,0.0,0.0,0.0,1.0
1785259664.1663425,0.0,0.0,0.75,0.0,0.0,0.0,1.0
1785259664.1713207,0.0,0.0,0.75,0.0,0.0,0.0,1.0
1785259664.1762888,0.0,0.0,0.75,0.0,0.0,0.0,1.0
1785259664.181227,0.0,0.0,0.75,0.0,0.0,0.0,1.0
1785259664.1862729,0.0,0.0,0.75,0.0,0.0,0.0,1.0
1785259664.1912863,0.0,0.0,0.75,0.0,0.0,0.0,1.0
1785259664.1962848,0.0,0.0,0.75,0.0,0.0,0.0,1.0
1785259664.2012262,0.0,0.0,0.75,0.0,0.0,0.0,1.0
1785259664.2112794,0.0,0.0,0.75,0.0,0.0,0.0,1.0
1785259664.2212238,0.0,0.0,0.75,0.0,0.0,0.0,1.0
1785259664.2462776,0.0,0.0,0.75,0.0,0.0,0.0,1.0
1785259664.2512689,0.0,0.0,0.75,0.0,0.0,0.0,1.0
1785259664.2612445,0.0,0.0,0.75,0.0,0.0,0.0,1.0
1785259664.26628,0.0,0.0,0.75,0.0,0.0,0.0,1.0
1785259664.2713463,0.0,0.0,0.75,0.0,0.0,0.0,1.0
1785259664.2763329,0.0,0.0,0.75,0.0,0.0,0.0,1.0
1785259664.2812533,0.0,0.0,0.75,0.0,0.0,0.0,1.0
1785259664.2862952,0.0,0.0,0.75,0.0,0.0,0.0,1.0
1785259664.2912815,0.0,0.0,0.75,0.0,0.0,0.0,1.0
1785259664.3362591,0.0,0.0,0.75,0.0,0.0,0.0,1.0
1785259664.3612318,0.0,0.0,0.75,0.0,0.0,0.0,1.0
1785259664.3663402,0.0,0.0,0.75,0.0,0.0,0.0,1.0
1785259664.3712873,0.0,0.0,0.75,0.0,0.0,0.0,1.0
1785259664.3762972,0.0,0.0,0.75,0.0,0.0,0.0,1.0
1785259664.391261,0.0,0.0,0.75,0.0,0.0,0.0,1.0
1785259664.3962884,0.0,0.0,0.75,0.0,0.0,0.0,1.0
1785259664.401221,0.0,0.0,0.75,0.0,0.0,0.0,1.0
1785259664.411283,0.0,0.0,0.75,0.0,0.0,0.0,1.0
1785259664.416288,0.0,0.0,0.75,0.0,0.0,0.0,1.0
1785259664.421254,0.0,0.0,0.75,0.0,0.0,0.0,1.0
1785259664.4262629,0.0,0.0,0.75,0.0,0.0,0.0,1.0
1785259664.431276,0.0,0.0,0.75,0.0,0.0,0.0,1.0
1785259664.4362578,0.0,0.0,0.75,0.0,0.0,0.0,1.0
1785259664.4562683,0.0,0.0,0.75,0.0,0.0,0.0,1.0
1785259664.4662676,0.0,0.0,0.75,0.0,0.0,0.0,1.0
1785259664.4713004,0.0,0.0,0.75,0.0,0.0,0.0,1.0
1785259664.476322,0.0,0.0,0.75,0.0,0.0,0.0,1.0
1785259664.4912632,0.0,0.0,0.75,0.0,0.0,0.0,1.0
1785259664.501214,0.0,0.0,0.75,0.0,0.0,0.0,1.0
1785259664.5112813,0.0,0.0,0.75,0.0,0.0,0.0,1.0
1785259664.5212226,0.0,0.0,0.75,0.0,0.0,0.0,1.0
1785259664.531302,0.0,0.0,0.75,0.0,0.0,0.0,1.0
1785259664.5362976,0.0,0.0,0.75,0.0,0.0,0.0,1.0
1785259664.5412176,0.0,0.0,0.75,0.0,0.0,0.0,1.0
1785259664.5462828,0.0,0.0,0.75,0.0,0.0,0.0,1.0
1785259664.5662768,0.0,0.0,0.75,0.0,0.0,0.0,1.0
1785259664.5712795,0.0,0.0,0.75,0.0,0.0,0.0,1.0
1785259664.5762749,0.0,0.0,0.75,0.0,0.0,0.0,1.0
1785259664.5812225,0.0,0.0,0.75,0.0,0.0,0.0,1.0
1785259664.5862637,0.0,0.0,0.75,0.0,0.0,0.0,1.0
1785259664.59627,0.0,0.0,0.75,0.0,0.0,0.0,1.0
1785259664.6012187,0.0,0.0,0.75,0.0,0.0,0.0,1.0
1785259664.6062515,0.0,0.0,0.75,0.0,0.0,0.0,1.0
1785259664.6162784,0.0,0.0,0.75,0.0,0.0,0.0,1.0
1785259664.6212218,0.0,0.0,0.75,0.0,0.0,0.0,1.0
1785259664.6312988,0.0,0.0,0.75,0.0,0.0,0.0,1.0
1785259664.6412158,0.0,0.0,0.75,0.0,0.0,0.0,1.0
1785259664.6462655,0.0,0.0,0.75,0.0,0.0,0.0,1.0
1785259664.6662757,0.0,0.0,0.75,0.0,0.0,0.0,1.0
1785259664.671269,0.0,0.0,0.75,0.0,0.0,0.0,1.0
1785259664.676262,0.0,0.0,0.75,0.0,0.0,0.0,1.0
1785259664.681214,0.0,0.0,0.75,0.0,0.0,0.0,1.0
1785259664.6862636,0.0,0.0,0.75,0.0,0.0,0.0,1.0
1785259664.6912618,0.0,0.0,0.75,0.0,0.0,0.0,1.0
1785259664.6962607,0.0,0.0,0.75,0.0,0.0,0.0,1.0
1785259664.7012165,0.0,0.0,0.75,0.0,0.0,0.0,1.0
1785259664.7062535,0.0,0.0,0.75,0.0,0.0,0.0,1.0
1785259664.7162611,0.0,0.0,0.75,0.0,0.0,0.0,1.0
1785259664.7312706,0.0,0.0,0.75,0.0,0.0,0.0,1.0
1785259664.7412355,0.0,0.0,0.75,0.0,0.0,0.0,1.0
1785259664.7512708,0.0,0.0,0.75,0.0,0.0,0.0,1.0
1785259664.7812197,0.0,0.0,0.75,0.0,0.0,0.0,1.0
1785259664.866266,0.0,0.0,0.75,0.0,0.0,0.0,1.0
1785259664.891266,0.0,0.0,0.75,0.0,0.0,0.0,1.0
1785259664.8962643,0.0,0.0,0.75,0.0,0.0,0.0,1.0
1785259664.9062588,0.0,0.0,0.75,0.0,0.0,0.0,1.0
1785259664.9112782,0.0,0.0,0.75,0.0,0.0,0.0,1.0
1785259664.9164095,0.0,0.0,0.75,0.0,0.0,0.0,1.0
1785259664.9212306,0.0,0.0,0.75,0.0,0.0,0.0,1.0
1785259664.926393,0.0,0.0,0.75,0.0,0.0,0.0,1.0
1785259664.9462626,0.0,0.0,0.75,0.0,0.0,0.0,1.0
1785259664.9562747,0.0,0.0,0.75,0.0,0.0,0.0,1.0
1785259664.9662695,0.0,0.0,0.75,0.0,0.0,0.0,1.0
1785259664.9713228,0.0,0.0,0.75,0.0,0.0,0.0,1.0
1785259664.9812357,0.0,0.0,0.75,0.0,0.0,0.0,1.0
1785259665.0012276,0.0,0.0,0.75,0.0,0.0,0.0,1.0
1785259665.0462596,0.0,0.0,0.75,0.0,0.0,0.0,1.0
1785259665.0513997,0.0,0.0,0.75,0.0,0.0,0.0,1.0
1785259665.0862947,0.0,0.0,0.75,0.0,0.0,0.0,1.0
1785259665.1012993,0.0,0.0,0.75,0.0,0.0,0.0,1.0
1785259665.111288,0.0,0.0,0.75,0.0,0.0,0.0,1.0
1785259665.1162672,0.0,0.0,0.75,0.0,0.0,0.0,1.0
1785259665.121237,0.0,0.0,0.75,0.0,0.0,0.0,1.0
1785259665.1412513,0.0,0.0,0.75,0.0,0.0,0.0,1.0
1785259665.15127,0.0,0.0,0.75,0.0,0.0,0.0,1.0
1785259665.1662776,0.0,0.0,0.75,0.0,0.0,0.0,1.0
1785259665.171307,0.0,0.0,0.75,0.0,0.0,0.0,1.0
1785259665.1762924,0.0,0.0,0.75,0.0,0.0,0.0,1.0
1785259665.1812525,0.0,0.0,0.75,0.0,0.0,0.0,1.0
1785259665.1862702,0.0,0.0,0.75,0.0,0.0,0.0,1.0
1785259665.1912625,0.0,0.0,0.75,0.0,0.0,0.0,1.0
1785259665.1962705,0.0,0.0,0.75,0.0,0.0,0.0,1.0
1785259665.201224,0.0,0.0,0.75,0.0,0.0,0.0,1.0
1785259665.2062855,0.0,0.0,0.75,0.0,0.0,0.0,1.0
1785259665.2212293,0.0,0.0,0.75,0.0,0.0,0.0,1.0
1785259665.2262785,0.0,0.0,0.75,0.0,0.0,0.0,1.0
1785259665.231266,0.0,0.0,0.75,0.0,0.0,0.0,1.0
1785259665.24124,0.0,0.0,0.75,0.0,0.0,0.0,1.0
1785259665.2662816,0.0,0.0,0.75,0.0,0.0,0.0,1.0
1785259665.4112632,0.0,0.0,0.75,0.0,0.0,0.0,1.0
1785259665.5012133,0.0,0.0,0.75,0.0,0.0,0.0,1.0
1785259665.5462904,0.0,0.0,0.75,0.0,0.0,0.0,1.0
1785259665.551276,0.0,0.0,0.75,0.0,0.0,0.0,1.0
1785259665.561214,0.0,0.0,0.75,0.0,0.0,0.0,1.0
1785259665.5712774,0.0,0.0,0.75,0.0,0.0,0.0,1.0
1785259665.5762713,0.0,0.0,0.75,0.0,0.0,0.0,1.0
1785259665.5812407,0.0,0.0,0.75,0.0,0.0,0.0,1.0
1785259665.6212258,0.0,0.0,0.75,0.0,0.0,0.0,1.0
1785259665.6312761,0.0,0.0,0.75,0.0,0.0,0.0,1.0
1785259665.6362987,0.0,0.0,0.75,0.0,0.0,0.0,1.0
1785259665.6412401,0.0,0.0,0.75,0.0,0.0,0.0,1.0
1785259665.6462986,0.0,0.0,0.75,0.0,0.0,0.0,1.0
1785259665.6712766,0.0,0.0,0.75,0.0,0.0,0.0,1.0
1785259665.6812186,0.0,0.0,0.75,0.0,0.0,0.0,1.0
1785259665.686287,0.0,0.0,0.75,0.0,0.0,0.0,1.0
1785259665.696267,0.0,0.0,0.75,0.0,0.0,0.0,1.0
1785259665.7012157,0.0,0.0,0.75,0.0,0.0,0.0,1.0
1785259665.7512794,0.0,0.0,0.75,0.0,0.0,0.0,1.0
1785259665.7562966,0.0,0.0,0.75,0.0,0.0,0.0,1.0
1785259665.7662652,0.0,0.0,0.75,0.0,0.0,0.0,1.0
1785259665.771263,0.0,0.0,0.75,0.0,0.0,0.0,1.0
1785259665.7762785,0.0,0.0,0.75,0.0,0.0,0.0,1.0
1785259665.781227,0.0,0.0,0.75,0.0,0.0,0.0,1.0
1785259665.7912698,0.0,0.0,0.75,0.0,0.0,0.0,1.0
1785259665.7962625,0.0,0.0,0.75,0.0,0.0,0.0,1.0
1785259665.8012137,0.0,0.0,0.75,0.0,0.0,0.0,1.0
1785259665.8112779,0.0,0.0,0.75,0.0,0.0,0.0,1.0
1785259665.81626,0.0,0.0,0.75,0.0,0.0,0.0,1.0
1785259665.8262804,0.0,0.0,0.75,0.0,0.0,0.0,1.0
1785259665.8362749,0.0,0.0,0.75,0.0,0.0,0.0,1.0
1785259665.8412402,0.0,0.0,0.75,0.0,0.0,0.0,1.0
1785259665.8513055,0.0,0.0,0.75,0.0,0.0,0.0,1.0
1785259665.856281,0.0,0.0,0.75,0.0,0.0,0.0,1.0
1785259665.8612227,0.0,0.0,0.75,0.0,0.0,0.0,1.0
1785259665.8662617,0.0,0.0,0.75,0.0,0.0,0.0,1.0
1785259665.8712902,0.0,0.0,0.75,0.0,0.0,0.0,1.0
1785259665.8762743,0.0,0.0,0.75,0.0,0.0,0.0,1.0
1785259665.8812325,0.0,0.0,0.75,0.0,0.0,0.0,1.0
1785259665.8862667,0.0,0.0,0.75,0.0,0.0,0.0,1.0
1785259665.891268,0.0,0.0,0.75,0.0,0.0,0.0,1.0
1785259665.8962772,0.0,0.0,0.75,0.0,0.0,0.0,1.0
1785259665.901211,0.0,0.0,0.75,0.0,0.0,0.0,1.0
1785259665.906279,0.0,0.0,0.75,0.0,0.0,0.0,1.0
1785259665.9662771,0.0,0.0,0.75,0.0,0.0,0.0,1.0
1785259665.9712586,0.0,0.0,0.75,0.0,0.0,0.0,1.0
1785259665.9812272,0.0,0.0,0.75,0.0,0.0,0.0,1.0
1785259665.9862654,0.0,0.0,0.75,0.0,0.0,0.0,1.0
1785259665.9912698,0.0,0.0,0.75,0.0,0.0,0.0,1.0
1785259666.2362769,0.0,0.0,0.75,0.0,0.0,0.0,1.0
1785259666.2412326,0.0,0.0,0.75,0.0,0.0,0.0,1.0
1785259666.2562659,0.0,0.0,0.75,0.0,0.0,0.0,1.0
1785259666.2662761,0.0,0.0,0.75,0.0,0.0,0.0,1.0
1785259666.2862647,0.0,0.0,0.75,0.0,0.0,0.0,1.0
1785259666.2912664,0.0,0.0,0.75,0.0,0.0,0.0,1.0
1785259666.3062613,0.0,0.0,0.75,0.0,0.0,0.0,1.0
1785259666.3112688,0.0,0.0,0.75,0.0,0.0,0.0,1.0
1785259666.35627,0.0,0.0,0.75,0.0,0.0,0.0,1.0
1785259666.3612123,0.0,0.0,0.75,0.0,0.0,0.0,1.0
1785259666.3712585,0.0,0.0,0.75,0.0,0.0,0.0,1.0
1785259666.376299,0.0,0.0,0.75,0.0,0.0,0.0,1.0
1785259666.3812485,0.0,0.0,0.75,0.0,0.0,0.0,1.0
1785259666.386296,0.0,0.0,0.75,0.0,0.0,0.0,1.0
1785259666.39127,0.0,0.0,0.75,0.0,0.0,0.0,1.0
1785259666.3962681,0.0,0.0,0.75,0.0,0.0,0.0,1.0
1785259666.4012194,0.0,0.0,0.75,0.0,0.0,0.0,1.0
1785259666.4062612,0.0,0.0,0.75,0.0,0.0,0.0,1.0
1785259666.456266,0.0,0.0,0.75,0.0,0.0,0.0,1.0
1785259666.4712818,0.0,0.0,0.75,0.0,0.0,0.0,1.0
1785259666.4812388,0.0,0.0,0.75,0.0,0.0,0.0,1.0
1785259666.4862788,0.0,0.0,0.75,0.0,0.0,0.0,1.0
1785259666.491282,0.0,0.0,0.75,0.0,0.0,0.0,1.0
1785259666.4962728,0.0,0.0,0.75,0.0,0.0,0.0,1.0
1785259666.5012205,0.0,0.0,0.75,0.0,0.0,0.0,1.0
1785259666.5062635,0.0,0.0,0.75,0.0,0.0,0.0,1.0
1785259666.5162828,0.0,0.0,0.75,0.0,0.0,0.0,1.0
1785259666.556276,0.0,0.0,0.75,0.0,0.0,0.0,1.0
1785259666.5712605,0.0,0.0,0.75,0.0,0.0,0.0,1.0
1785259666.5762756,0.0,0.0,0.75,0.0,0.0,0.0,1.0
1785259666.581222,0.0,0.0,0.75,0.0,0.0,0.0,1.0
1785259666.5862868,0.0,0.0,0.75,0.0,0.0,0.0,1.0
1785259666.611263,0.0,0.0,0.75,0.0,0.0,0.0,1.0
1785259666.6212177,0.0,0.0,0.75,0.0,0.0,0.0,1.0
1785259666.626283,0.0,0.0,0.75,0.0,0.0,0.0,1.0
1785259666.6362817,0.0,0.0,0.75,0.0,0.0,0.0,1.0
1785259666.6512775,0.0,0.0,0.75,0.0,0.0,0.0,1.0
1785259666.6562757,0.0,0.0,0.75,0.0,0.0,0.0,1.0
1785259666.6612203,0.0,0.0,0.75,0.0,0.0,0.0,1.0
1785259666.6662843,0.0,0.0,0.75,0.0,0.0,0.0,1.0
1785259666.6712768,0.0,0.0,0.75,0.0,0.0,0.0,1.0
1785259666.676264,0.0,0.0,0.75,0.0,0.0,0.0,1.0
1785259666.6812158,0.0,0.0,0.75,0.0,0.0,0.0,1.0
1785259666.6912706,0.0,0.0,0.75,0.0,0.0,0.0,1.0
1785259666.6962638,0.0,0.0,0.75,0.0,0.0,0.0,1.0
1785259666.7012208,0.0,0.0,0.75,0.0,0.0,0.0,1.0
1785259666.7062647,0.0,0.0,0.75,0.0,0.0,0.0,1.0
1785259666.7112613,0.0,0.0,0.75,0.0,0.0,0.0,1.0
1785259666.7162666,0.0,0.0,0.75,0.0,0.0,0.0,1.0
1785259666.7212164,0.0,0.0,0.75,0.0,0.0,0.0,1.0
1785259666.7712784,0.0,0.0,0.75,0.0,0.0,0.0,1.0
1785259666.786289,0.0,0.0,0.75,0.0,0.0,0.0,1.0
1785259666.791279,0.0,0.0,0.75,0.0,0.0,0.0,1.0
1785259666.796247,0.0,0.0,0.75,0.0,0.0,0.0,1.0
1785259666.8012311,0.0,0.0,0.75,0.0,0.0,0.0,1.0
1785259666.8162696,0.0,0.0,0.75,0.0,0.0,0.0,1.0
1785259666.8212144,0.0,0.0,0.75,0.0,0.0,0.0,1.0
1785259666.8412235,0.0,0.0,0.75,0.0,0.0,0.0,1.0
1785259666.8562753,0.0,0.0,0.75,0.0,0.0,0.0,1.0
1785259666.8812351,0.0,0.0,0.75,0.0,0.0,0.0,1.0
1785259666.8862731,0.0,0.0,0.75,0.0,0.0,0.0,1.0
1785259666.8962717,0.0,0.0,0.75,0.0,0.0,0.0,1.0
1785259666.9212344,0.0,0.0,0.75,0.0,0.0,0.0,1.0
1785259666.9862962,0.0,0.0,0.75,0.0,0.0,0.0,1.0
1785259667.1312826,0.0,0.0,0.75,0.0,0.0,0.0,1.0
1785259667.191291,0.0,0.0,0.75,0.0,0.0,0.0,1.0
1785259667.391277,0.0,0.0,0.75,0.0,0.0,0.0,1.0
1785259667.3962924,0.0,0.0,0.75,0.0,0.0,0.0,1.0
1785259667.4012523,0.0,0.0,0.75,0.0,0.0,0.0,1.0
1785259667.4062848,0.0,0.0,0.75,0.0,0.0,0.0,1.0
1785259667.4112656,0.0,0.0,0.75,0.0,0.0,0.0,1.0
1785259667.4212294,0.0,0.0,0.75,0.0,0.0,0.0,1.0
1785259667.4362655,0.0,0.0,0.75,0.0,0.0,0.0,1.0
1785259667.4412122,0.0,0.0,0.75,0.0,0.0,0.0,1.0
1785259667.4462829,0.0,0.0,0.75,0.0,0.0,0.0,1.0
1785259667.4862804,0.0,0.0,0.75,0.0,0.0,0.0,1.0
1785259667.5012336,0.0,0.0,0.75,0.0,0.0,0.0,1.0
1785259667.5412102,0.0,0.0,0.75,0.0,0.0,0.0,1.0
1785259667.55126,0.0,0.0,0.75,0.0,0.0,0.0,1.0
1785259667.5612147,0.0,0.0,0.75,0.0,0.0,0.0,1.0
1785259667.5762641,0.0,0.0,0.75,0.0,0.0,0.0,1.0
1785259667.596265,0.0,0.0,0.75,0.0,0.0,0.0,1.0
1785259667.601229,0.0,0.0,0.75,0.0,0.0,0.0,1.0
1785259667.6062717,0.0,0.0,0.75,0.0,0.0,0.0,1.0
1785259667.6162615,0.0,0.0,0.75,0.0,0.0,0.0,1.0
1785259667.6212196,0.0,0.0,0.75,0.0,0.0,0.0,1.0
1785259667.6612396,0.0,0.0,0.75,0.0,0.0,0.0,1.0
1785259667.6662893,0.0,0.0,0.75,0.0,0.0,0.0,1.0
1785259667.6713023,0.0,0.0,0.75,0.0,0.0,0.0,1.0
1785259667.6762764,0.0,0.0,0.75,0.0,0.0,0.0,1.0
1785259667.6812243,0.0,0.0,0.75,0.0,0.0,0.0,1.0
1785259667.686289,0.0,0.0,0.75,0.0,0.0,0.0,1.0
1785259667.6912913,0.0,0.0,0.75,0.0,0.0,0.0,1.0
1785259667.6962762,0.0,0.0,0.75,0.0,0.0,0.0,1.0
1785259667.7012253,0.0,0.0,0.75,0.0,0.0,0.0,1.0
1785259667.7112896,0.0,0.0,0.75,0.0,0.0,0.0,1.0
1785259667.716286,0.0,0.0,0.75,0.0,0.0,0.0,1.0
1785259667.731267,0.0,0.0,0.75,0.0,0.0,0.0,1.0
1785259667.7362795,0.0,0.0,0.75,0.0,0.0,0.0,1.0
1785259667.766268,0.0,0.0,0.75,0.0,0.0,0.0,1.0
1785259667.7762802,0.0,0.0,0.75,0.0,0.0,0.0,1.0
1785259667.7912781,0.0,0.0,0.75,0.0,0.0,0.0,1.0
1785259667.7962785,0.0,0.0,0.75,0.0,0.0,0.0,1.0
1785259667.8012342,0.0,0.0,0.75,0.0,0.0,0.0,1.0
1785259667.806279,0.0,0.0,0.75,0.0,0.0,0.0,1.0
1785259667.8112674,0.0,0.0,0.75,0.0,0.0,0.0,1.0
1785259667.8162704,0.0,0.0,0.75,0.0,0.0,0.0,1.0
1785259667.8262503,0.0,0.0,0.75,0.0,0.0,0.0,1.0
1785259667.8512754,0.0,0.0,0.75,0.0,0.0,0.0,1.0
1785259667.8562987,0.0,0.0,0.75,0.0,0.0,0.0,1.0
1785259667.8812547,0.0,0.0,0.75,0.0,0.0,0.0,1.0
1785259667.8862927,0.0,0.0,0.75,0.0,0.0,0.0,1.0
1785259667.891277,0.0,0.0,0.75,0.0,0.0,0.0,1.0
1785259667.8962758,0.0,0.0,0.75,0.0,0.0,0.0,1.0
1785259667.9012213,0.0,0.0,0.75,0.0,0.0,0.0,1.0
1785259667.9112685,0.0,0.0,0.75,0.0,0.0,0.0,1.0
1785259667.921236,0.0,0.0,0.75,0.0,0.0,0.0,1.0
1785259667.9312723,0.0,0.0,0.75,0.0,0.0,0.0,1.0
1785259668.0862918,0.0,0.0,0.75,0.0,0.0,0.0,1.0
1785259668.0912838,0.0,0.0,0.75,0.0,0.0,0.0,1.0
1785259668.0962687,0.0,0.0,0.75,0.0,0.0,0.0,1.0
1785259668.1012409,0.0,0.0,0.75,0.0,0.0,0.0,1.0
1785259668.1062672,0.0,0.0,0.75,0.0,0.0,0.0,1.0
1785259668.1162715,0.0,0.0,0.75,0.0,0.0,0.0,1.0
1785259668.121241,0.0,0.0,0.75,0.0,0.0,0.0,1.0
1785259668.1262772,0.0,0.0,0.75,0.0,0.0,0.0,1.0
1785259668.1362822,0.0,0.0,0.75,0.0,0.0,0.0,1.0
1785259668.1412263,0.0,0.0,0.75,0.0,0.0,0.0,1.0
1785259668.1462846,0.0,0.0,0.75,0.0,0.0,0.0,1.0
1785259668.1512825,0.0,0.0,0.75,0.0,0.0,0.0,1.0
1785259668.1562781,0.0,0.0,0.75,0.0,0.0,0.0,1.0
1785259668.1612256,0.0,0.0,0.75,0.0,0.0,0.0,1.0
1785259668.1662645,0.0,0.0,0.75,0.0,0.0,0.0,1.0
1785259668.1712742,0.0,0.0,0.75,0.0,0.0,0.0,1.0
1785259668.1812632,0.0,0.0,0.75,0.0,0.0,0.0,1.0
1785259668.1912694,0.0,0.0,0.75,0.0,0.0,0.0,1.0
1785259668.196265,0.0,0.0,0.75,0.0,0.0,0.0,1.0
1785259668.201218,0.0,0.0,0.75,0.0,0.0,0.0,1.0
1785259668.2462802,0.0,0.0,0.75,0.0,0.0,0.0,1.0
1785259668.2662885,0.0,0.0,0.75,0.0,0.0,0.0,1.0
1785259668.2762651,0.0,0.0,0.75,0.0,0.0,0.0,1.0
1785259668.2812395,0.0,0.0,0.75,0.0,0.0,0.0,1.0
1785259668.2912843,0.0,0.0,0.75,0.0,0.0,0.0,1.0
1785259668.2962894,0.0,0.0,0.75,0.0,0.0,0.0,1.0
1785259668.301241,0.0,0.0,0.75,0.0,0.0,0.0,1.0
1785259668.3062742,0.0,0.0,0.75,0.0,0.0,0.0,1.0
1785259668.3112879,0.0,0.0,0.75,0.0,0.0,0.0,1.0
1785259668.3212147,0.0,0.0,0.75,0.0,0.0,0.0,1.0
1785259668.3312788,0.0,0.0,0.75,0.0,0.0,0.0,1.0
1785259668.3362992,0.0,0.0,0.75,0.0,0.0,0.0,1.0
1785259668.3462892,0.0,0.0,0.75,0.0,0.0,0.0,1.0
1785259668.3512692,0.0,0.0,0.75,0.0,0.0,0.0,1.0
1785259668.3562744,0.0,0.0,0.75,0.0,0.0,0.0,1.0
1785259668.3812304,0.0,0.0,0.75,0.0,0.0,0.0,1.0
1785259668.391292,0.0,0.0,0.75,0.0,0.0,0.0,1.0
1785259668.4012365,0.0,0.0,0.75,0.0,0.0,0.0,1.0
1785259668.4712603,0.0,0.0,0.75,0.0,0.0,0.0,1.0
1785259668.4962919,0.0,0.0,0.75,0.0,0.0,0.0,1.0
1785259668.5012455,0.0,0.0,0.75,0.0,0.0,0.0,1.0
1785259668.506283,0.0,0.0,0.75,0.0,0.0,0.0,1.0
1785259668.5212169,0.0,0.0,0.75,0.0,0.0,0.0,1.0
1785259668.5562978,0.0,0.0,0.75,0.0,0.0,0.0,1.0
1785259668.561213,0.0,0.0,0.75,0.0,0.0,0.0,1.0
1785259668.5662842,0.0,0.0,0.75,0.0,0.0,0.0,1.0
1785259668.5712829,0.0,0.0,0.75,0.0,0.0,0.0,1.0
1785259668.576313,0.0,0.0,0.75,0.0,0.0,0.0,1.0
1785259668.581231,0.0,0.0,0.75,0.0,0.0,0.0,1.0
1785259668.5862641,0.0,0.0,0.75,0.0,0.0,0.0,1.0
1785259668.5912902,0.0,0.0,0.75,0.0,0.0,0.0,1.0
1785259668.5962949,0.0,0.0,0.75,0.0,0.0,0.0,1.0
1785259668.6012824,0.0,0.0,0.75,0.0,0.0,0.0,1.0
1785259668.6162782,0.0,0.0,0.75,0.0,0.0,0.0,1.0
1785259668.6212394,0.0,0.0,0.75,0.0,0.0,0.0,1.0
1785259668.6562965,0.0,0.0,0.75,0.0,0.0,0.0,1.0
1785259668.6712766,0.0,0.0,0.75,0.0,0.0,0.0,1.0
1785259668.6762822,0.0,0.0,0.75,0.0,0.0,0.0,1.0
1785259668.696318,0.0,0.0,0.75,0.0,0.0,0.0,1.0
1785259668.7012725,0.0,0.0,0.75,0.0,0.0,0.0,1.0
1785259668.706312,0.0,0.0,0.75,0.0,0.0,0.0,1.0
1785259668.7112908,0.0,0.0,0.75,0.0,0.0,0.0,1.0
1785259668.7162783,0.0,0.0,0.75,0.0,0.0,0.0,1.0
1785259668.7262619,0.0,0.0,0.75,0.0,0.0,0.0,1.0
1785259668.7312963,0.0,0.0,0.75,0.0,0.0,0.0,1.0
1785259668.7362683,0.0,0.0,0.75,0.0,0.0,0.0,1.0
1785259668.7412307,0.0,0.0,0.75,0.0,0.0,0.0,1.0
1785259668.7462726,0.0,0.0,0.75,0.0,0.0,0.0,1.0
1785259668.7562754,0.0,0.0,0.75,0.0,0.0,0.0,1.0
1785259668.7612536,0.0,0.0,0.75,0.0,0.0,0.0,1.0
1785259668.7712858,0.0,0.0,0.75,0.0,0.0,0.0,1.0
1785259668.7812254,0.0,0.0,0.75,0.0,0.0,0.0,1.0
1785259668.7862794,0.0,0.0,0.75,0.0,0.0,0.0,1.0
1785259668.8012352,0.0,0.0,0.75,0.0,0.0,0.0,1.0
1785259668.8063257,0.0,0.0,0.75,0.0,0.0,0.0,1.0
1785259668.8112862,0.0,0.0,0.75,0.0,0.0,0.0,1.0
1785259668.8162804,0.0,0.0,0.75,0.0,0.0,0.0,1.0
1785259668.826267,0.0,0.0,0.75,0.0,0.0,0.0,1.0
1785259668.9812424,0.0,0.0,0.75,0.0,0.0,0.0,1.0
1785259669.001252,0.0,0.0,0.75,0.0,0.0,0.0,1.0
1785259669.0063188,0.0,0.0,0.75,0.0,0.0,0.0,1.0
1785259669.0112882,0.0,0.0,0.75,0.0,0.0,0.0,1.0
1785259669.016283,0.0,0.0,0.75,0.0,0.0,0.0,1.0
1785259669.0212357,0.0,0.0,0.75,0.0,0.0,0.0,1.0
1785259669.0263028,0.0,0.0,0.75,0.0,0.0,0.0,1.0
1785259669.0313046,0.0,0.0,0.75,0.0,0.0,0.0,1.0
1785259669.0362766,0.0,0.0,0.75,0.0,0.0,0.0,1.0
1785259669.0412302,0.0,0.0,0.75,0.0,0.0,0.0,1.0
1785259669.0512793,0.0,0.0,0.75,0.0,0.0,0.0,1.0
1785259669.0562878,0.0,0.0,0.75,0.0,0.0,0.0,1.0
1785259669.0612278,0.0,0.0,0.75,0.0,0.0,0.0,1.0
1785259669.0712967,0.0,0.0,0.75,0.0,0.0,0.0,1.0
1785259669.0812345,0.0,0.0,0.75,0.0,0.0,0.0,1.0
1785259669.0862854,0.0,0.0,0.75,0.0,0.0,0.0,1.0
1785259669.1012325,0.0,0.0,0.75,0.0,0.0,0.0,1.0
1785259669.1312962,0.0,0.0,0.75,0.0,0.0,0.0,1.0
1785259669.2112901,0.0,0.0,0.75,0.0,0.0,0.0,1.0
1785259669.216311,0.0,0.0,0.75,0.0,0.0,0.0,1.0
1785259669.2262936,0.0,0.0,0.75,0.0,0.0,0.0,1.0
1785259669.296274,0.0,0.0,0.75,0.0,0.0,0.0,1.0
1785259669.491257,0.0,0.0,0.75,0.0,0.0,0.0,1.0
1785259669.5362961,0.0,0.0,0.75,0.0,0.0,0.0,1.0
1785259669.541224,0.0,0.0,0.75,0.0,0.0,0.0,1.0
1785259669.5462692,0.0,0.0,0.75,0.0,0.0,0.0,1.0
1785259669.5512643,0.0,0.0,0.75,0.0,0.0,0.0,1.0
1785259669.566279,0.0,0.0,0.75,0.0,0.0,0.0,1.0
1785259669.571299,0.0,0.0,0.75,0.0,0.0,0.0,1.0
1785259669.5912604,0.0,0.0,0.75,0.0,0.0,0.0,1.0
1785259669.60632,0.0,0.0,0.75,0.0,0.0,0.0,1.0
1785259669.6312695,0.0,0.0,0.75,0.0,0.0,0.0,1.0
1785259669.636297,0.0,0.0,0.75,0.0,0.0,0.0,1.0
1785259669.6612232,0.0,0.0,0.75,0.0,0.0,0.0,1.0
1785259669.6712852,0.0,0.0,0.75,0.0,0.0,0.0,1.0
1785259669.6762772,0.0,0.0,0.75,0.0,0.0,0.0,1.0
1785259669.6812272,0.0,0.0,0.75,0.0,0.0,0.0,1.0
1785259669.8412328,0.0,0.0,0.75,0.0,0.0,0.0,1.0
1785259669.8562796,0.0,0.0,0.75,0.0,0.0,0.0,1.0
1785259669.8662767,0.0,0.0,0.75,0.0,0.0,0.0,1.0
1785259669.8812199,0.0,0.0,0.75,0.0,0.0,0.0,1.0
1785259669.886267,0.0,0.0,0.75,0.0,0.0,0.0,1.0
1785259669.8912656,0.0,0.0,0.75,0.0,0.0,0.0,1.0
1785259669.896278,0.0,0.0,0.75,0.0,0.0,0.0,1.0
1785259669.9062846,0.0,0.0,0.75,0.0,0.0,0.0,1.0
1785259669.9113088,0.0,0.0,0.75,0.0,0.0,0.0,1.0
1785259669.916333,0.0,0.0,0.75,0.0,0.0,0.0,1.0
1785259669.9212813,0.0,0.0,0.75,0.0,0.0,0.0,1.0
1785259669.9263086,0.0,0.0,0.75,0.0,0.0,0.0,1.0
1785259669.9312758,0.0,0.0,0.75,0.0,0.0,0.0,1.0
1785259669.9362648,0.0,0.0,0.75,0.0,0.0,0.0,1.0
1785259669.9412708,0.0,0.0,0.75,0.0,0.0,0.0,1.0
1785259669.9562593,0.0,0.0,0.75,0.0,0.0,0.0,1.0
1785259669.966263,0.0,0.0,0.75,0.0,0.0,0.0,1.0
1785259669.9712594,0.0,0.0,0.75,0.0,0.0,0.0,1.0
1785259669.9812152,0.0,0.0,0.75,0.0,0.0,0.0,1.0
1785259669.98628,0.0,0.0,0.75,0.0,0.0,0.0,1.0
1785259669.9912653,0.0,0.0,0.75,0.0,0.0,0.0,1.0
1785259669.9962635,0.0,0.0,0.75,0.0,0.0,0.0,1.0
1785259670.001247,0.0,0.0,0.75,0.0,0.0,0.0,1.0
1785259670.0062711,0.0,0.0,0.75,0.0,0.0,0.0,1.0
1785259670.0113583,0.0,0.0,0.75,0.0,0.0,0.0,1.0
1785259670.0163002,0.0,0.0,0.75,0.0,0.0,0.0,1.0
1785259670.0212617,0.0,0.0,0.75,0.0,0.0,0.0,1.0
1785259670.0312798,0.0,0.0,0.75,0.0,0.0,0.0,1.0
1785259670.0362794,0.0,0.0,0.75,0.0,0.0,0.0,1.0
1785259670.046283,0.0,0.0,0.75,0.0,0.0,0.0,1.0
1785259670.051295,0.0,0.0,0.75,0.0,0.0,0.0,1.0
1785259670.0562854,0.0,0.0,0.75,0.0,0.0,0.0,1.0
1785259670.0862782,0.0,0.0,0.75,0.0,0.0,0.0,1.0
1785259670.0912893,0.0,0.0,0.75,0.0,0.0,0.0,1.0
1785259670.0962431,0.0,0.0,0.75,0.0,0.0,0.0,1.0
1785259670.101219,0.0,0.0,0.75,0.0,0.0,0.0,1.0
1785259670.106266,0.0,0.0,0.75,0.0,0.0,0.0,1.0
1785259670.1112967,0.0,0.0,0.75,0.0,0.0,0.0,1.0
1785259670.1163354,0.0,0.0,0.75,0.0,0.0,0.0,1.0
1785259670.1212506,0.0,0.0,0.75,0.0,0.0,0.0,1.0
1785259670.1262894,0.0,0.0,0.75,0.0,0.0,0.0,1.0
1785259670.136275,0.0,0.0,0.75,0.0,0.0,0.0,1.0
1785259670.2062912,0.0,0.0,0.75,0.0,0.0,0.0,1.0
1785259670.2162998,0.0,0.0,0.75,0.0,0.0,0.0,1.0
1785259670.2212381,0.0,0.0,0.75,0.0,0.0,0.0,1.0
1785259670.2262688,0.0,0.0,0.75,0.0,0.0,0.0,1.0
1785259670.2312667,0.0,0.0,0.75,0.0,0.0,0.0,1.0
1785259670.2362642,0.0,0.0,0.75,0.0,0.0,0.0,1.0
1785259670.241248,0.0,0.0,0.75,0.0,0.0,0.0,1.0
1785259670.2712734,0.0,0.0,0.75,0.0,0.0,0.0,1.0
1785259670.2762876,0.0,0.0,0.75,0.0,0.0,0.0,1.0
1785259670.281225,0.0,0.0,0.75,0.0,0.0,0.0,1.0
1785259670.291298,0.0,0.0,0.75,0.0,0.0,0.0,1.0
1785259670.2962718,0.0,0.0,0.75,0.0,0.0,0.0,1.0
1785259670.3062894,0.0,0.0,0.75,0.0,0.0,0.0,1.0
1785259670.311297,0.0,0.0,0.75,0.0,0.0,0.0,1.0
1785259670.3162947,0.0,0.0,0.75,0.0,0.0,0.0,1.0
1785259670.3212311,0.0,0.0,0.75,0.0,0.0,0.0,1.0
1785259670.3262944,0.0,0.0,0.75,0.0,0.0,0.0,1.0
1785259670.331283,0.0,0.0,0.75,0.0,0.0,0.0,1.0
1785259670.3362653,0.0,0.0,0.75,0.0,0.0,0.0,1.0
1785259670.3412302,0.0,0.0,0.75,0.0,0.0,0.0,1.0
1785259670.3512628,0.0,0.0,0.75,0.0,0.0,0.0,1.0
1785259670.356268,0.0,0.0,0.75,0.0,0.0,0.0,1.0
1785259670.361228,0.0,0.0,0.75,0.0,0.0,0.0,1.0
1785259670.4012265,0.0,0.0,0.75,0.0,0.0,0.0,1.0
1785259670.4163008,0.0,0.0,0.75,0.0,0.0,0.0,1.0
1785259670.4212644,0.0,0.0,0.75,0.0,0.0,0.0,1.0
1785259670.4412243,0.0,0.0,0.75,0.0,0.0,0.0,1.0
1785259670.446293,0.0,0.0,0.75,0.0,0.0,0.0,1.0
1785259670.5162904,0.0,0.0,0.75,0.0,0.0,0.0,1.0
1785259670.5412176,0.0,0.0,0.75,0.0,0.0,0.0,1.0
1785259670.5812054,0.0,0.0,0.75,0.0,0.0,0.0,1.0
1785259670.5962586,0.0,0.0,0.75,0.0,0.0,0.0,1.0
1785259670.6012084,0.0,0.0,0.75,0.0,0.0,0.0,1.0
1785259670.621235,0.0,0.0,0.75,0.0,0.0,0.0,1.0
1785259670.6262772,0.0,0.0,0.75,0.0,0.0,0.0,1.0
1785259670.631272,0.0,0.0,0.75,0.0,0.0,0.0,1.0
1785259670.6362638,0.0,0.0,0.75,0.0,0.0,0.0,1.0
1785259670.6412146,0.0,0.0,0.75,0.0,0.0,0.0,1.0
1785259670.6462746,0.0,0.0,0.75,0.0,0.0,0.0,1.0
1785259670.6512618,0.0,0.0,0.75,0.0,0.0,0.0,1.0
1785259670.676276,0.0,0.0,0.75,0.0,0.0,0.0,1.0
1785259670.6812065,0.0,0.0,0.75,0.0,0.0,0.0,1.0
1785259670.6862981,0.0,0.0,0.75,0.0,0.0,0.0,1.0
1785259670.6913376,0.0,0.0,0.75,0.0,0.0,0.0,1.0
1785259670.7162786,0.0,0.0,0.75,0.0,0.0,0.0,1.0
1785259670.7212322,0.0,0.0,0.75,0.0,0.0,0.0,1.0
1785259670.726269,0.0,0.0,0.75,0.0,0.0,0.0,1.0
1785259670.7412288,0.0,0.0,0.75,0.0,0.0,0.0,1.0
1785259670.7512672,0.0,0.0,0.75,0.0,0.0,0.0,1.0
1785259670.7562997,0.0,0.0,0.75,0.0,0.0,0.0,1.0
1785259670.7662845,0.0,0.0,0.75,0.0,0.0,0.0,1.0
1785259670.7712777,0.0,0.0,0.75,0.0,0.0,0.0,1.0
1785259670.7762754,0.0,0.0,0.75,0.0,0.0,0.0,1.0
1785259670.7812216,0.0,0.0,0.75,0.0,0.0,0.0,1.0
1785259670.7912753,0.0,0.0,0.75,0.0,0.0,0.0,1.0
1785259670.7962742,0.0,0.0,0.75,0.0,0.0,0.0,1.0
1785259670.8062785,0.0,0.0,0.75,0.0,0.0,0.0,1.0
1785259670.816268,0.0,0.0,0.75,0.0,0.0,0.0,1.0
1785259670.8212311,0.0,0.0,0.75,0.0,0.0,0.0,1.0
1785259670.8262708,0.0,0.0,0.75,0.0,0.0,0.0,1.0
1785259670.8312647,0.0,0.0,0.75,0.0,0.0,0.0,1.0
1785259670.8412147,0.0,0.0,0.75,0.0,0.0,0.0,1.0
1785259670.8462677,0.0,0.0,0.75,0.0,0.0,0.0,1.0
1785259670.8512623,0.0,0.0,0.75,0.0,0.0,0.0,1.0
1785259670.8612256,0.0,0.0,0.75,0.0,0.0,0.0,1.0
1785259670.8912685,0.0,0.0,0.75,0.0,0.0,0.0,1.0
1785259670.8962815,0.0,0.0,0.75,0.0,0.0,0.0,1.0
1785259670.9012146,0.0,0.0,0.75,0.0,0.0,0.0,1.0
1785259670.9063141,0.0,0.0,0.75,0.0,0.0,0.0,1.0
1785259670.9113019,0.0,0.0,0.75,0.0,0.0,0.0,1.0
1785259670.9162786,0.0,0.0,0.75,0.0,0.0,0.0,1.0
1785259670.9212575,0.0,0.0,0.75,0.0,0.0,0.0,1.0
1785259670.9263172,0.0,0.0,0.75,0.0,0.0,0.0,1.0
1785259670.9312968,0.0,0.0,0.75,0.0,0.0,0.0,1.0
1785259670.9362826,0.0,0.0,0.75,0.0,0.0,0.0,1.0
1785259670.941222,0.0,0.0,0.75,0.0,0.0,0.0,1.0
1785259670.94632,0.0,0.0,0.75,0.0,0.0,0.0,1.0
1785259670.9513094,0.0,0.0,0.75,0.0,0.0,0.0,1.0
1785259670.9612303,0.0,0.0,0.75,0.0,0.0,0.0,1.0
1785259670.9912784,0.0,0.0,0.75,0.0,0.0,0.0,1.0
1785259670.9962828,0.0,0.0,0.75,0.0,0.0,0.0,1.0
1785259671.0012355,0.0,0.0,0.75,0.0,0.0,0.0,1.0
1785259671.0112777,0.0,0.0,0.75,0.0,0.0,0.0,1.0
1785259671.0162761,0.0,0.0,0.75,0.0,0.0,0.0,1.0
1785259671.0212204,0.0,0.0,0.75,0.0,0.0,0.0,1.0
1785259671.0262723,0.0,0.0,0.75,0.0,0.0,0.0,1.0
1785259671.0362628,0.0,0.0,0.75,0.0,0.0,0.0,1.0
1785259671.041224,0.0,0.0,0.75,0.0,0.0,0.0,1.0
1785259671.0462563,0.0,0.0,0.75,0.0,0.0,0.0,1.0
1785259671.0512762,0.0,0.0,0.75,0.0,0.0,0.0,1.0
1785259671.0912611,0.0,0.0,0.75,0.0,0.0,0.0,1.0
1785259671.096279,0.0,0.0,0.75,0.0,0.0,0.0,1.0
1785259671.1062744,0.0,0.0,0.75,0.0,0.0,0.0,1.0
1785259671.1112924,0.0,0.0,0.75,0.0,0.0,0.0,1.0
1785259671.116281,0.0,0.0,0.75,0.0,0.0,0.0,1.0
1785259671.1212997,0.0,0.0,0.75,0.0,0.0,0.0,1.0
1785259671.1263056,0.0,0.0,0.75,0.0,0.0,0.0,1.0
1785259671.1362655,0.0,0.0,0.75,0.0,0.0,0.0,1.0
1785259671.1462765,0.0,0.0,0.75,0.0,0.0,0.0,1.0
1785259671.1512806,0.0,0.0,0.75,0.0,0.0,0.0,1.0
1785259671.211262,0.0,0.0,0.75,0.0,0.0,0.0,1.0
1785259671.2212455,0.0,0.0,0.75,0.0,0.0,0.0,1.0
1785259671.226281,0.0,0.0,0.75,0.0,0.0,0.0,1.0
1785259671.2312734,0.0,0.0,0.75,0.0,0.0,0.0,1.0
1785259671.2412295,0.0,0.0,0.75,0.0,0.0,0.0,1.0
1785259671.2462828,0.0,0.0,0.75,0.0,0.0,0.0,1.0
1785259671.2562702,0.0,0.0,0.75,0.0,0.0,0.0,1.0
1785259671.2712607,0.0,0.0,0.75,0.0,0.0,0.0,1.0
1785259671.2762613,0.0,0.0,0.75,0.0,0.0,0.0,1.0
1785259671.2912698,0.0,0.0,0.75,0.0,0.0,0.0,1.0
1785259671.3062646,0.0,0.0,0.75,0.0,0.0,0.0,1.0
1785259671.316286,0.0,0.0,0.75,0.0,0.0,0.0,1.0
1785259671.3212676,0.0,0.0,0.75,0.0,0.0,0.0,1.0
1785259671.3262885,0.0,0.0,0.75,0.0,0.0,0.0,1.0
1785259671.3462684,0.0,0.0,0.75,0.0,0.0,0.0,1.0
1785259671.3562584,0.0,0.0,0.75,0.0,0.0,0.0,1.0
1785259671.3612328,0.0,0.0,0.75,0.0,0.0,0.0,1.0
1785259671.371267,0.0,0.0,0.75,0.0,0.0,0.0,1.0
1785259671.396303,0.0,0.0,0.75,0.0,0.0,0.0,1.0
1785259671.401233,0.0,0.0,0.75,0.0,0.0,0.0,1.0
1785259671.42123,0.0,0.0,0.75,0.0,0.0,0.0,1.0
1785259671.4512937,0.0,0.0,0.75,0.0,0.0,0.0,1.0
1785259671.4563296,0.0,0.0,0.75,0.0,0.0,0.0,1.0
1785259671.4663026,0.0,0.0,0.75,0.0,0.0,0.0,1.0
1785259671.471281,0.0,0.0,0.75,0.0,0.0,0.0,1.0
1785259671.4762945,0.0,0.0,0.75,0.0,0.0,0.0,1.0
1785259671.481227,0.0,0.0,0.75,0.0,0.0,0.0,1.0
1785259671.5112622,0.0,0.0,0.75,0.0,0.0,0.0,1.0
1785259671.5212522,0.0,0.0,0.75,0.0,0.0,0.0,1.0
1785259671.5262911,0.0,0.0,0.75,0.0,0.0,0.0,1.0
1785259671.531298,0.0,0.0,0.75,0.0,0.0,0.0,1.0
1785259671.5363011,0.0,0.0,0.75,0.0,0.0,0.0,1.0
1785259671.546271,0.0,0.0,0.75,0.0,0.0,0.0,1.0
1785259671.551293,0.0,0.0,0.75,0.0,0.0,0.0,1.0
1785259671.5563345,0.0,0.0,0.75,0.0,0.0,0.0,1.0
1785259671.6162605,0.0,0.0,0.75,0.0,0.0,0.0,1.0
1785259671.62628,0.0,0.0,0.75,0.0,0.0,0.0,1.0
1785259671.6362748,0.0,0.0,0.75,0.0,0.0,0.0,1.0
1785259671.646277,0.0,0.0,0.75,0.0,0.0,0.0,1.0
1785259671.6512725,0.0,0.0,0.75,0.0,0.0,0.0,1.0
1785259671.6662562,0.0,0.0,0.75,0.0,0.0,0.0,1.0
1785259671.6762748,0.0,0.0,0.75,0.0,0.0,0.0,1.0
1785259671.6812167,0.0,0.0,0.75,0.0,0.0,0.0,1.0
1785259671.6862826,0.0,0.0,0.75,0.0,0.0,0.0,1.0
1785259671.6912608,0.0,0.0,0.75,0.0,0.0,0.0,1.0
1785259671.701233,0.0,0.0,0.75,0.0,0.0,0.0,1.0
1785259671.706293,0.0,0.0,0.75,0.0,0.0,0.0,1.0
1785259671.71127,0.0,0.0,0.75,0.0,0.0,0.0,1.0
1785259671.7212553,0.0,0.0,0.75,0.0,0.0,0.0,1.0
1785259671.7263093,0.0,0.0,0.75,0.0,0.0,0.0,1.0
1785259671.7313266,0.0,0.0,0.75,0.0,0.0,0.0,1.0
1785259671.7363017,0.0,0.0,0.75,0.0,0.0,0.0,1.0
1785259671.741261,0.0,0.0,0.75,0.0,0.0,0.0,1.0
1785259671.9062607,0.0,0.0,0.75,0.0,0.0,0.0,1.0
1785259671.911284,0.0,0.0,0.75,0.0,0.0,0.0,1.0
1785259671.9362752,0.0,0.0,0.75,0.0,0.0,0.0,1.0
1785259671.9512687,0.0,0.0,0.75,0.0,0.0,0.0,1.0
1785259671.9612527,0.0,0.0,0.75,0.0,0.0,0.0,1.0
1785259672.0162613,0.0,0.0,0.75,0.0,0.0,0.0,1.0
1785259672.021216,0.0,0.0,0.75,0.0,0.0,0.0,1.0
1785259672.0512688,0.0,0.0,0.75,0.0,0.0,0.0,1.0
1785259672.0563042,0.0,0.0,0.75,0.0,0.0,0.0,1.0
1785259672.4263172,0.0,0.0,0.75,0.0,0.0,0.0,1.0
1785259672.4362743,0.0,0.0,0.75,0.0,0.0,0.0,1.0
1785259672.446273,0.0,0.0,0.75,0.0,0.0,0.0,1.0
1785259672.4512913,0.0,0.0,0.75,0.0,0.0,0.0,1.0
1785259672.4562736,0.0,0.0,0.75,0.0,0.0,0.0,1.0
1785259672.531284,0.0,0.0,0.75,0.0,0.0,0.0,1.0
1785259672.536278,0.0,0.0,0.75,0.0,0.0,0.0,1.0
1785259672.5412428,0.0,0.0,0.75,0.0,0.0,0.0,1.0
1785259672.546276,0.0,0.0,0.75,0.0,0.0,0.0,1.0
1785259672.551267,0.0,0.0,0.75,0.0,0.0,0.0,1.0
1785259672.5562603,0.0,0.0,0.75,0.0,0.0,0.0,1.0
1785259672.5614693,0.0,0.0,0.75,0.0,0.0,0.0,1.0
1785259672.5762544,0.0,0.0,0.75,0.0,0.0,0.0,1.0
1785259672.596283,0.0,0.0,0.75,0.0,0.0,0.0,1.0
1785259672.601224,0.0,0.0,0.75,0.0,0.0,0.0,1.0
1785259672.6262808,0.0,0.0,0.75,0.0,0.0,0.0,1.0
1785259672.6362772,0.0,0.0,0.75,0.0,0.0,0.0,1.0
1785259672.6412477,0.0,0.0,0.75,0.0,0.0,0.0,1.0
1785259672.6512656,0.0,0.0,0.75,0.0,0.0,0.0,1.0
1785259672.6562634,0.0,0.0,0.75,0.0,0.0,0.0,1.0
1785259672.661239,0.0,0.0,0.75,0.0,0.0,0.0,1.0
1785259672.6662734,0.0,0.0,0.75,0.0,0.0,0.0,1.0
1785259672.6712916,0.0,0.0,0.75,0.0,0.0,0.0,1.0
1785259672.68629,0.0,0.0,0.75,0.0,0.0,0.0,1.0
1785259672.6912608,0.0,0.0,0.75,0.0,0.0,0.0,1.0
1785259672.6962993,0.0,0.0,0.75,0.0,0.0,0.0,1.0
1785259672.701245,0.0,0.0,0.75,0.0,0.0,0.0,1.0
1785259672.7062647,0.0,0.0,0.75,0.0,0.0,0.0,1.0
1785259672.711266,0.0,0.0,0.75,0.0,0.0,0.0,1.0
1785259672.7212105,0.0,0.0,0.75,0.0,0.0,0.0,1.0
1785259672.7262836,0.0,0.0,0.75,0.0,0.0,0.0,1.0
1785259672.7312944,0.0,0.0,0.75,0.0,0.0,0.0,1.0
1785259672.7362845,0.0,0.0,0.75,0.0,0.0,0.0,1.0
1785259672.7412357,0.0,0.0,0.75,0.0,0.0,0.0,1.0
1785259672.7462838,0.0,0.0,0.75,0.0,0.0,0.0,1.0
1785259672.7512867,0.0,0.0,0.75,0.0,0.0,0.0,1.0
1785259672.7562637,0.0,0.0,0.75,0.0,0.0,0.0,1.0
1785259672.7612264,0.0,0.0,0.75,0.0,0.0,0.0,1.0
1785259672.8062634,0.0,0.0,0.75,0.0,0.0,0.0,1.0
1785259672.8212132,0.0,0.0,0.75,0.0,0.0,0.0,1.0
1785259672.8312912,0.0,0.0,0.75,0.0,0.0,0.0,1.0
1785259672.8412113,0.0,0.0,0.75,0.0,0.0,0.0,1.0
1785259672.861222,0.0,0.0,0.75,0.0,0.0,0.0,1.0
1785259672.8662734,0.0,0.0,0.75,0.0,0.0,0.0,1.0
1785259672.8712924,0.0,0.0,0.75,0.0,0.0,0.0,1.0
1785259672.8762832,0.0,0.0,0.75,0.0,0.0,0.0,1.0
1785259672.9012423,0.0,0.0,0.75,0.0,0.0,0.0,1.0
1785259672.9062698,0.0,0.0,0.75,0.0,0.0,0.0,1.0
1785259672.931276,0.0,0.0,0.75,0.0,0.0,0.0,1.0
1785259673.186278,0.0,0.0,0.75,0.0,0.0,0.0,1.0
1785259673.1913013,0.0,0.0,0.75,0.0,0.0,0.0,1.0
1785259673.231276,0.0,0.0,0.75,0.0,0.0,0.0,1.0
1785259673.2363548,0.0,0.0,0.75,0.0,0.0,0.0,1.0
1785259673.2462811,0.0,0.0,0.75,0.0,0.0,0.0,1.0
1785259673.2512915,0.0,0.0,0.75,0.0,0.0,0.0,1.0
1785259673.2562892,0.0,0.0,0.75,0.0,0.0,0.0,1.0
1785259673.2612379,0.0,0.0,0.75,0.0,0.0,0.0,1.0
1785259673.2662854,0.0,0.0,0.75,0.0,0.0,0.0,1.0
1785259673.2762616,0.0,0.0,0.75,0.0,0.0,0.0,1.0
1785259673.28124,0.0,0.0,0.75,0.0,0.0,0.0,1.0
1785259673.3112803,0.0,0.0,0.75,0.0,0.0,0.0,1.0
1785259673.3263085,0.0,0.0,0.75,0.0,0.0,0.0,1.0
1785259673.3362827,0.0,0.0,0.75,0.0,0.0,0.0,1.0
1785259673.341239,0.0,0.0,0.75,0.0,0.0,0.0,1.0
1785259673.3462863,0.0,0.0,0.75,0.0,0.0,0.0,1.0
1785259673.3512962,0.0,0.0,0.75,0.0,0.0,0.0,1.0
1785259673.3562849,0.0,0.0,0.75,0.0,0.0,0.0,1.0
1785259673.3612187,0.0,0.0,0.75,0.0,0.0,0.0,1.0
1785259673.3662815,0.0,0.0,0.75,0.0,0.0,0.0,1.0
1785259673.3712668,0.0,0.0,0.75,0.0,0.0,0.0,1.0
1785259673.4412293,0.0,0.0,0.75,0.0,0.0,0.0,1.0
1785259673.44629,0.0,0.0,0.75,0.0,0.0,0.0,1.0
1785259673.4712684,0.0,0.0,0.75,0.0,0.0,0.0,1.0
1785259673.4812465,0.0,0.0,0.75,0.0,0.0,0.0,1.0
1785259673.5312757,0.0,0.0,0.75,0.0,0.0,0.0,1.0
1785259673.536296,0.0,0.0,0.75,0.0,0.0,0.0,1.0
1785259673.5412352,0.0,0.0,0.75,0.0,0.0,0.0,1.0
1785259673.546272,0.0,0.0,0.75,0.0,0.0,0.0,1.0
1785259673.5512688,0.0,0.0,0.75,0.0,0.0,0.0,1.0
1785259673.5712817,0.0,0.0,0.75,0.0,0.0,0.0,1.0
1785259673.5763538,0.0,0.0,0.75,0.0,0.0,0.0,1.0
1785259673.581286,0.0,0.0,0.75,0.0,0.0,0.0,1.0
1785259673.5863912,0.0,0.0,0.75,0.0,0.0,0.0,1.0
1785259673.5962832,0.0,0.0,0.75,0.0,0.0,0.0,1.0
1785259673.601356,0.0,0.0,0.75,0.0,0.0,0.0,1.0
1785259673.6063209,0.0,0.0,0.75,0.0,0.0,0.0,1.0
1785259673.6112807,0.0,0.0,0.75,0.0,0.0,0.0,1.0
1785259673.6212628,0.0,0.0,0.75,0.0,0.0,0.0,1.0
1785259673.6263251,0.0,0.0,0.75,0.0,0.0,0.0,1.0
1785259673.641242,0.0,0.0,0.75,0.0,0.0,0.0,1.0
1785259673.6462805,0.0,0.0,0.75,0.0,0.0,0.0,1.0
1785259673.6512735,0.0,0.0,0.75,0.0,0.0,0.0,1.0
1785259673.656275,0.0,0.0,0.75,0.0,0.0,0.0,1.0
1785259673.661217,0.0,0.0,0.75,0.0,0.0,0.0,1.0
1785259673.666261,0.0,0.0,0.75,0.0,0.0,0.0,1.0
1785259673.6712797,0.0,0.0,0.75,0.0,0.0,0.0,1.0
1785259673.6862803,0.0,0.0,0.75,0.0,0.0,0.0,1.0
1785259673.6912766,0.0,0.0,0.75,0.0,0.0,0.0,1.0
1785259673.6962764,0.0,0.0,0.75,0.0,0.0,0.0,1.0
1785259673.7012064,0.0,0.0,0.75,0.0,0.0,0.0,1.0
1785259673.7113092,0.0,0.0,0.75,0.0,0.0,0.0,1.0
1785259673.7362978,0.0,0.0,0.75,0.0,0.0,0.0,1.0
1785259673.7462647,0.0,0.0,0.75,0.0,0.0,0.0,1.0
1785259673.7512786,0.0,0.0,0.75,0.0,0.0,0.0,1.0
1785259673.7562659,0.0,0.0,0.75,0.0,0.0,0.0,1.0
1785259673.7612119,0.0,0.0,0.75,0.0,0.0,0.0,1.0
1785259673.7812245,0.0,0.0,0.75,0.0,0.0,0.0,1.0
1785259673.791287,0.0,0.0,0.75,0.0,0.0,0.0,1.0
1785259673.7962706,0.0,0.0,0.75,0.0,0.0,0.0,1.0
1785259673.8012416,0.0,0.0,0.75,0.0,0.0,0.0,1.0
1785259673.8062904,0.0,0.0,0.75,0.0,0.0,0.0,1.0
1785259673.8113215,0.0,0.0,0.75,0.0,0.0,0.0,1.0
1785259673.8162818,0.0,0.0,0.75,0.0,0.0,0.0,1.0
1785259673.8212328,0.0,0.0,0.75,0.0,0.0,0.0,1.0
1785259673.8263123,0.0,0.0,0.75,0.0,0.0,0.0,1.0
1785259673.8362947,0.0,0.0,0.75,0.0,0.0,0.0,1.0
1785259673.8412888,0.0,0.0,0.75,0.0,0.0,0.0,1.0
1785259673.8463492,0.0,0.0,0.75,0.0,0.0,0.0,1.0
1785259673.8513076,0.0,0.0,0.75,0.0,0.0,0.0,1.0
1785259673.8562872,0.0,0.0,0.75,0.0,0.0,0.0,1.0
1785259673.8612373,0.0,0.0,0.75,0.0,0.0,0.0,1.0
1785259673.8662772,0.0,0.0,0.75,0.0,0.0,0.0,1.0
1785259673.8712852,0.0,0.0,0.75,0.0,0.0,0.0,1.0
1785259673.8763206,0.0,0.0,0.75,0.0,0.0,0.0,1.0
1785259673.8812335,0.0,0.0,0.75,0.0,0.0,0.0,1.0
1785259673.891264,0.0,0.0,0.75,0.0,0.0,0.0,1.0
1785259673.8962793,0.0,0.0,0.75,0.0,0.0,0.0,1.0
1785259673.9062746,0.0,0.0,0.75,0.0,0.0,0.0,1.0
1785259673.9113095,0.0,0.0,0.75,0.0,0.0,0.0,1.0
1785259673.9162784,0.0,0.0,0.75,0.0,0.0,0.0,1.0
1785259673.9263117,0.0,0.0,0.75,0.0,0.0,0.0,1.0
1785259673.9312835,0.0,0.0,0.75,0.0,0.0,0.0,1.0
1785259673.9362776,0.0,0.0,0.75,0.0,0.0,0.0,1.0
1785259673.9412346,0.0,0.0,0.75,0.0,0.0,0.0,1.0
1785259673.9462729,0.0,0.0,0.75,0.0,0.0,0.0,1.0
1785259673.9512677,0.0,0.0,0.75,0.0,0.0,0.0,1.0
1785259673.9562738,0.0,0.0,0.75,0.0,0.0,0.0,1.0
1785259674.116288,0.0,0.0,0.75,0.0,0.0,0.0,1.0
1785259674.1212234,0.0,0.0,0.75,0.0,0.0,0.0,1.0
1785259674.1312783,0.0,0.0,0.75,0.0,0.0,0.0,1.0
1785259674.1362755,0.0,0.0,0.75,0.0,0.0,0.0,1.0
1785259674.1412182,0.0,0.0,0.75,0.0,0.0,0.0,1.0
1785259674.1462762,0.0,0.0,0.75,0.0,0.0,0.0,1.0
1785259674.1512685,0.0,0.0,0.75,0.0,0.0,0.0,1.0
1785259674.156262,0.0,0.0,0.75,0.0,0.0,0.0,1.0
1785259674.1662602,0.0,0.0,0.75,0.0,0.0,0.0,1.0
1785259674.1712773,0.0,0.0,0.75,0.0,0.0,0.0,1.0
1785259674.176268,0.0,0.0,0.75,0.0,0.0,0.0,1.0
1785259674.1862626,0.0,0.0,0.75,0.0,0.0,0.0,1.0
1785259674.1962624,0.0,0.0,0.75,0.0,0.0,0.0,1.0
1785259674.206266,0.0,0.0,0.75,0.0,0.0,0.0,1.0
1785259674.2113137,0.0,0.0,0.75,0.0,0.0,0.0,1.0
1785259674.2162623,0.0,0.0,0.75,0.0,0.0,0.0,1.0
1785259674.231263,0.0,0.0,0.75,0.0,0.0,0.0,1.0
1785259674.236263,0.0,0.0,0.75,0.0,0.0,0.0,1.0
1785259674.2412274,0.0,0.0,0.75,0.0,0.0,0.0,1.0
1785259674.251287,0.0,0.0,0.75,0.0,0.0,0.0,1.0
1785259674.2564008,0.0,0.0,0.75,0.0,0.0,0.0,1.0
1785259674.2662778,0.0,0.0,0.75,0.0,0.0,0.0,1.0
1785259674.2716043,0.0,0.0,0.75,0.0,0.0,0.0,1.0
1785259674.326266,0.0,0.0,0.75,0.0,0.0,0.0,1.0
1785259674.3462589,0.0,0.0,0.75,0.0,0.0,0.0,1.0
1785259674.3513849,0.0,0.0,0.75,0.0,0.0,0.0,1.0
1785259674.3565989,0.0,0.0,0.75,0.0,0.0,0.0,1.0
1785259674.361225,0.0,0.0,0.75,0.0,0.0,0.0,1.0
1785259674.3662698,0.0,0.0,0.75,0.0,0.0,0.0,1.0
1785259674.3762732,0.0,0.0,0.75,0.0,0.0,0.0,1.0
1785259674.3813157,0.0,0.0,0.75,0.0,0.0,0.0,1.0
1785259674.3862767,0.0,0.0,0.75,0.0,0.0,0.0,1.0
1785259674.3916948,0.0,0.0,0.75,0.0,0.0,0.0,1.0
1785259674.396275,0.0,0.0,0.75,0.0,0.0,0.0,1.0
1785259674.4062812,0.0,0.0,0.75,0.0,0.0,0.0,1.0
1785259674.4112678,0.0,0.0,0.75,0.0,0.0,0.0,1.0
1785259674.4412165,0.0,0.0,0.75,0.0,0.0,0.0,1.0
1785259674.4462738,0.0,0.0,0.75,0.0,0.0,0.0,1.0
1785259674.451684,0.0,0.0,0.75,0.0,0.0,0.0,1.0
1785259674.541206,0.0,0.0,0.75,0.0,0.0,0.0,1.0
1785259674.546283,0.0,0.0,0.75,0.0,0.0,0.0,1.0
1785259674.5513384,0.0,0.0,0.75,0.0,0.0,0.0,1.0
1785259674.5563338,0.0,0.0,0.75,0.0,0.0,0.0,1.0
1785259674.5612555,0.0,0.0,0.75,0.0,0.0,0.0,1.0
1785259674.5662951,0.0,0.0,0.75,0.0,0.0,0.0,1.0
1785259674.5712798,0.0,0.0,0.75,0.0,0.0,0.0,1.0
1785259674.576291,0.0,0.0,0.75,0.0,0.0,0.0,1.0
1785259674.5862734,0.0,0.0,0.75,0.0,0.0,0.0,1.0
1785259674.5912793,0.0,0.0,0.75,0.0,0.0,0.0,1.0
1785259674.616273,0.0,0.0,0.75,0.0,0.0,0.0,1.0
1785259674.6212397,0.0,0.0,0.75,0.0,0.0,0.0,1.0
1785259674.626294,0.0,0.0,0.75,0.0,0.0,0.0,1.0
1785259674.636302,0.0,0.0,0.75,0.0,0.0,0.0,1.0
1785259674.641286,0.0,0.0,0.75,0.0,0.0,0.0,1.0
1785259674.6463158,0.0,0.0,0.75,0.0,0.0,0.0,1.0
1785259674.6512961,0.0,0.0,0.75,0.0,0.0,0.0,1.0
1785259674.6562805,0.0,0.0,0.75,0.0,0.0,0.0,1.0
1785259674.676281,0.0,0.0,0.75,0.0,0.0,0.0,1.0
1785259674.681222,0.0,0.0,0.75,0.0,0.0,0.0,1.0
1785259674.8862474,0.0,0.0,0.75,0.0,0.0,0.0,1.0
1785259674.921218,0.0,0.0,0.75,0.0,0.0,0.0,1.0
1785259674.9312642,0.0,0.0,0.75,0.0,0.0,0.0,1.0
1785259674.9462852,0.0,0.0,0.75,0.0,0.0,0.0,1.0
1785259674.9513106,0.0,0.0,0.75,0.0,0.0,0.0,1.0
1785259674.9562953,0.0,0.0,0.75,0.0,0.0,0.0,1.0
1785259674.9612386,0.0,0.0,0.75,0.0,0.0,0.0,1.0
1785259674.9712613,0.0,0.0,0.75,0.0,0.0,0.0,1.0
1785259674.9862552,0.0,0.0,0.75,0.0,0.0,0.0,1.0
1785259675.001219,0.0,0.0,0.75,0.0,0.0,0.0,1.0
1785259675.0112917,0.0,0.0,0.75,0.0,0.0,0.0,1.0
1785259675.0362716,0.0,0.0,0.75,0.0,0.0,0.0,1.0
1785259675.0562816,0.0,0.0,0.75,0.0,0.0,0.0,1.0
1785259675.076276,0.0,0.0,0.75,0.0,0.0,0.0,1.0
1785259675.0812397,0.0,0.0,0.75,0.0,0.0,0.0,1.0
1785259675.121253,0.0,0.0,0.75,0.0,0.0,0.0,1.0
1785259675.1362638,0.0,0.0,0.75,0.0,0.0,0.0,1.0
1785259675.1413093,0.0,0.0,0.75,0.0,0.0,0.0,1.0
1785259675.1513176,0.0,0.0,0.75,0.0,0.0,0.0,1.0
1785259675.1762736,0.0,0.0,0.75,0.0,0.0,0.0,1.0
1785259675.1812496,0.0,0.0,0.75,0.0,0.0,0.0,1.0
1785259675.2262805,0.0,0.0,0.75,0.0,0.0,0.0,1.0
1785259675.2312732,0.0,0.0,0.75,0.0,0.0,0.0,1.0
1785259675.2362752,0.0,0.0,0.75,0.0,0.0,0.0,1.0
1785259675.2412245,0.0,0.0,0.75,0.0,0.0,0.0,1.0
1785259675.2463088,0.0,0.0,0.75,0.0,0.0,0.0,1.0
1785259675.2562983,0.0,0.0,0.75,0.0,0.0,0.0,1.0
1785259675.261235,0.0,0.0,0.75,0.0,0.0,0.0,1.0
1785259675.271281,0.0,0.0,0.75,0.0,0.0,0.0,1.0
1785259675.2763991,0.0,0.0,0.75,0.0,0.0,0.0,1.0
1785259675.2812846,0.0,0.0,0.75,0.0,0.0,0.0,1.0
1785259675.2912679,0.0,0.0,0.75,0.0,0.0,0.0,1.0
1785259675.2963324,0.0,0.0,0.75,0.0,0.0,0.0,1.0
1785259675.3012419,0.0,0.0,0.75,0.0,0.0,0.0,1.0
1785259675.3062718,0.0,0.0,0.75,0.0,0.0,0.0,1.0
1785259675.3162668,0.0,0.0,0.75,0.0,0.0,0.0,1.0
1785259675.321222,0.0,0.0,0.75,0.0,0.0,0.0,1.0
1785259675.3312676,0.0,0.0,0.75,0.0,0.0,0.0,1.0
1785259675.3362887,0.0,0.0,0.75,0.0,0.0,0.0,1.0
1785259675.3412588,0.0,0.0,0.75,0.0,0.0,0.0,1.0
1785259675.3463197,0.0,0.0,0.75,0.0,0.0,0.0,1.0
1785259675.351668,0.0,0.0,0.75,0.0,0.0,0.0,1.0
1785259675.3562536,0.0,0.0,0.75,0.0,0.0,0.0,1.0
1785259675.3812442,0.0,0.0,0.75,0.0,0.0,0.0,1.0
1785259675.3862808,0.0,0.0,0.75,0.0,0.0,0.0,1.0
1785259675.3913085,0.0,0.0,0.75,0.0,0.0,0.0,1.0
1785259675.3963122,0.0,0.0,0.75,0.0,0.0,0.0,1.0
1785259675.4020865,0.0,0.0,0.75,0.0,0.0,0.0,1.0
1785259675.4065967,0.0,0.0,0.75,0.0,0.0,0.0,1.0
1785259675.4162724,0.0,0.0,0.75,0.0,0.0,0.0,1.0
1785259675.4212313,0.0,0.0,0.75,0.0,0.0,0.0,1.0
1785259675.4262707,0.0,0.0,0.75,0.0,0.0,0.0,1.0
1785259675.4412448,0.0,0.0,0.75,0.0,0.0,0.0,1.0
1785259675.446278,0.0,0.0,0.75,0.0,0.0,0.0,1.0
1785259675.4512885,0.0,0.0,0.75,0.0,0.0,0.0,1.0
1785259675.4563472,0.0,0.0,0.75,0.0,0.0,0.0,1.0
1785259675.4612446,0.0,0.0,0.75,0.0,0.0,0.0,1.0
1785259675.4662745,0.0,0.0,0.75,0.0,0.0,0.0,1.0
1785259675.4712837,0.0,0.0,0.75,0.0,0.0,0.0,1.0
1785259675.5762823,0.0,0.0,0.75,0.0,0.0,0.0,1.0
1785259675.5812356,0.0,0.0,0.75,0.0,0.0,0.0,1.0
1785259675.5862837,0.0,0.0,0.75,0.0,0.0,0.0,1.0
1785259675.5912898,0.0,0.0,0.75,0.0,0.0,0.0,1.0
1785259675.6262913,0.0,0.0,0.75,0.0,0.0,0.0,1.0
1785259675.6362922,0.0,0.0,0.75,0.0,0.0,0.0,1.0
1785259675.6462822,0.0,0.0,0.75,0.0,0.0,0.0,1.0
1785259675.651275,0.0,0.0,0.75,0.0,0.0,0.0,1.0
1785259675.6562963,0.0,0.0,0.75,0.0,0.0,0.0,1.0
1785259675.6612475,0.0,0.0,0.75,0.0,0.0,0.0,1.0
1785259675.6662726,0.0,0.0,0.75,0.0,0.0,0.0,1.0
1785259675.6712646,0.0,0.0,0.75,0.0,0.0,0.0,1.0
1785259675.6762795,0.0,0.0,0.75,0.0,0.0,0.0,1.0
1785259675.7263792,0.0,0.0,0.75,0.0,0.0,0.0,1.0
1785259675.7313764,0.0,0.0,0.75,0.0,0.0,0.0,1.0
1785259675.7512786,0.0,0.0,0.75,0.0,0.0,0.0,1.0
1785259675.7562847,0.0,0.0,0.75,0.0,0.0,0.0,1.0
1785259675.761231,0.0,0.0,0.75,0.0,0.0,0.0,1.0
1785259675.7662666,0.0,0.0,0.75,0.0,0.0,0.0,1.0
1785259675.7812147,0.0,0.0,0.75,0.0,0.0,0.0,1.0
1785259675.786276,0.0,0.0,0.75,0.0,0.0,0.0,1.0
1785259675.7912655,0.0,0.0,0.75,0.0,0.0,0.0,1.0
1785259675.7962615,0.0,0.0,0.75,0.0,0.0,0.0,1.0
1785259675.801213,0.0,0.0,0.75,0.0,0.0,0.0,1.0
1785259675.8062801,0.0,0.0,0.75,0.0,0.0,0.0,1.0
1785259675.811277,0.0,0.0,0.75,0.0,0.0,0.0,1.0
1785259675.8162606,0.0,0.0,0.75,0.0,0.0,0.0,1.0
1785259675.821221,0.0,0.0,0.75,0.0,0.0,0.0,1.0
1785259675.826299,0.0,0.0,0.75,0.0,0.0,0.0,1.0
1785259675.8312728,0.0,0.0,0.75,0.0,0.0,0.0,1.0
1785259675.836263,0.0,0.0,0.75,0.0,0.0,0.0,1.0
1785259675.841226,0.0,0.0,0.75,0.0,0.0,0.0,1.0
1785259675.8462646,0.0,0.0,0.75,0.0,0.0,0.0,1.0
1785259675.8512802,0.0,0.0,0.75,0.0,0.0,0.0,1.0
1785259675.8562927,0.0,0.0,0.75,0.0,0.0,0.0,1.0
1785259675.8612382,0.0,0.0,0.75,0.0,0.0,0.0,1.0
1785259675.866287,0.0,0.0,0.75,0.0,0.0,0.0,1.0
1785259675.876268,0.0,0.0,0.75,0.0,0.0,0.0,1.0
1785259675.881234,0.0,0.0,0.75,0.0,0.0,0.0,1.0
1785259675.8912826,0.0,0.0,0.75,0.0,0.0,0.0,1.0
1785259675.8962612,0.0,0.0,0.75,0.0,0.0,0.0,1.0
1785259675.906262,0.0,0.0,0.75,0.0,0.0,0.0,1.0
1785259675.9162629,0.0,0.0,0.75,0.0,0.0,0.0,1.0
1785259675.9212239,0.0,0.0,0.75,0.0,0.0,0.0,1.0
1785259675.9262629,0.0,0.0,0.75,0.0,0.0,0.0,1.0
1785259675.9312692,0.0,0.0,0.75,0.0,0.0,0.0,1.0
1785259675.9362612,0.0,0.0,0.75,0.0,0.0,0.0,1.0
1785259675.9412115,0.0,0.0,0.75,0.0,0.0,0.0,1.0
1785259675.946263,0.0,0.0,0.75,0.0,0.0,0.0,1.0
1785259675.9512897,0.0,0.0,0.75,0.0,0.0,0.0,1.0
1785259675.9562812,0.0,0.0,0.75,0.0,0.0,0.0,1.0
1785259675.9612472,0.0,0.0,0.75,0.0,0.0,0.0,1.0
1785259675.9662805,0.0,0.0,0.75,0.0,0.0,0.0,1.0
1785259675.9812126,0.0,0.0,0.75,0.0,0.0,0.0,1.0
1785259675.986275,0.0,0.0,0.75,0.0,0.0,0.0,1.0
1785259675.991281,0.0,0.0,0.75,0.0,0.0,0.0,1.0
1785259675.996254,0.0,0.0,0.75,0.0,0.0,0.0,1.0
1785259676.0012245,0.0,0.0,0.75,0.0,0.0,0.0,1.0
1785259676.0112596,0.0,0.0,0.75,0.0,0.0,0.0,1.0
1785259676.0212073,0.0,0.0,0.75,0.0,0.0,0.0,1.0
1785259676.0262759,0.0,0.0,0.75,0.0,0.0,0.0,1.0
1785259676.031266,0.0,0.0,0.75,0.0,0.0,0.0,1.0
1785259676.0362647,0.0,0.0,0.75,0.0,0.0,0.0,1.0
1785259676.0412123,0.0,0.0,0.75,0.0,0.0,0.0,1.0
1785259676.0512686,0.0,0.0,0.75,0.0,0.0,0.0,1.0
1785259676.066274,0.0,0.0,0.75,0.0,0.0,0.0,1.0
1785259676.0712721,0.0,0.0,0.75,0.0,0.0,0.0,1.0
1785259676.0812137,0.0,0.0,0.75,0.0,0.0,0.0,1.0
1785259676.0862706,0.0,0.0,0.75,0.0,0.0,0.0,1.0
1785259676.0912633,0.0,0.0,0.75,0.0,0.0,0.0,1.0
1785259676.0962582,0.0,0.0,0.75,0.0,0.0,0.0,1.0
1785259676.1012113,0.0,0.0,0.75,0.0,0.0,0.0,1.0
1785259676.1062636,0.0,0.0,0.75,0.0,0.0,0.0,1.0
1785259676.1112769,0.0,0.0,0.75,0.0,0.0,0.0,1.0
1785259676.1162593,0.0,0.0,0.75,0.0,0.0,0.0,1.0
1785259676.126259,0.0,0.0,0.75,0.0,0.0,0.0,1.0
1785259676.1312623,0.0,0.0,0.75,0.0,0.0,0.0,1.0
1785259676.1362634,0.0,0.0,0.75,0.0,0.0,0.0,1.0
1785259676.14121,0.0,0.0,0.75,0.0,0.0,0.0,1.0
1785259676.1512604,0.0,0.0,0.75,0.0,0.0,0.0,1.0
1785259676.1562681,0.0,0.0,0.75,0.0,0.0,0.0,1.0
1785259676.1612287,0.0,0.0,0.75,0.0,0.0,0.0,1.0
1785259676.20121,0.0,0.0,0.75,0.0,0.0,0.0,1.0
1785259676.2112768,0.0,0.0,0.75,0.0,0.0,0.0,1.0
1785259676.216265,0.0,0.0,0.75,0.0,0.0,0.0,1.0
1785259676.226277,0.0,0.0,0.75,0.0,0.0,0.0,1.0
1785259676.2312725,0.0,0.0,0.75,0.0,0.0,0.0,1.0
1785259676.2462773,0.0,0.0,0.75,0.0,0.0,0.0,1.0
1785259676.2512844,0.0,0.0,0.75,0.0,0.0,0.0,1.0
1785259676.2562864,0.0,0.0,0.75,0.0,0.0,0.0,1.0
1785259676.261223,0.0,0.0,0.75,0.0,0.0,0.0,1.0
1785259676.2662709,0.0,0.0,0.75,0.0,0.0,0.0,1.0
1785259676.2712631,0.0,0.0,0.75,0.0,0.0,0.0,1.0
1785259676.2762642,0.0,0.0,0.75,0.0,0.0,0.0,1.0
1785259676.2812104,0.0,0.0,0.75,0.0,0.0,0.0,1.0
1785259676.2862732,0.0,0.0,0.75,0.0,0.0,0.0,1.0
1785259676.291278,0.0,0.0,0.75,0.0,0.0,0.0,1.0
1785259676.331299,0.0,0.0,0.75,0.0,0.0,0.0,1.0
1785259676.3362768,0.0,0.0,0.75,0.0,0.0,0.0,1.0
1785259676.3412597,0.0,0.0,0.75,0.0,0.0,0.0,1.0
1785259676.3462653,0.0,0.0,0.75,0.0,0.0,0.0,1.0
1785259676.356272,0.0,0.0,0.75,0.0,0.0,0.0,1.0
1785259676.3612363,0.0,0.0,0.75,0.0,0.0,0.0,1.0
1785259676.3662884,0.0,0.0,0.75,0.0,0.0,0.0,1.0
1785259676.37127,0.0,0.0,0.75,0.0,0.0,0.0,1.0
1785259676.3762825,0.0,0.0,0.75,0.0,0.0,0.0,1.0
1785259676.381233,0.0,0.0,0.75,0.0,0.0,0.0,1.0
1785259676.3862786,0.0,0.0,0.75,0.0,0.0,0.0,1.0
1785259676.3962634,0.0,0.0,0.75,0.0,0.0,0.0,1.0
1785259676.406283,0.0,0.0,0.75,0.0,0.0,0.0,1.0
1785259676.411277,0.0,0.0,0.75,0.0,0.0,0.0,1.0
1785259676.4162757,0.0,0.0,0.75,0.0,0.0,0.0,1.0
1785259676.4212213,0.0,0.0,0.75,0.0,0.0,0.0,1.0
1785259676.4262793,0.0,0.0,0.75,0.0,0.0,0.0,1.0
1785259676.4312692,0.0,0.0,0.75,0.0,0.0,0.0,1.0
1785259676.4412115,0.0,0.0,0.75,0.0,0.0,0.0,1.0
1785259676.4512653,0.0,0.0,0.75,0.0,0.0,0.0,1.0
1785259676.4612482,0.0,0.0,0.75,0.0,0.0,0.0,1.0
1785259676.466314,0.0,0.0,0.75,0.0,0.0,0.0,1.0
1785259676.4712849,0.0,0.0,0.75,0.0,0.0,0.0,1.0
1785259676.476265,0.0,0.0,0.75,0.0,0.0,0.0,1.0
1785259676.4812288,0.0,0.0,0.75,0.0,0.0,0.0,1.0
1785259676.4862843,0.0,0.0,0.75,0.0,0.0,0.0,1.0
1785259676.4912703,0.0,0.0,0.75,0.0,0.0,0.0,1.0
1785259676.4962635,0.0,0.0,0.75,0.0,0.0,0.0,1.0
1785259676.5012321,0.0,0.0,0.75,0.0,0.0,0.0,1.0
1785259676.5162761,0.0,0.0,0.75,0.0,0.0,0.0,1.0
1785259676.5212421,0.0,0.0,0.75,0.0,0.0,0.0,1.0
1785259676.531306,0.0,0.0,0.75,0.0,0.0,0.0,1.0
1785259676.5462842,0.0,0.0,0.75,0.0,0.0,0.0,1.0
1785259676.551278,0.0,0.0,0.75,0.0,0.0,0.0,1.0
1785259676.5562932,0.0,0.0,0.75,0.0,0.0,0.0,1.0
1785259676.5612347,0.0,0.0,0.75,0.0,0.0,0.0,1.0
1785259676.5662668,0.0,0.0,0.75,0.0,0.0,0.0,1.0
1785259676.5712657,0.0,0.0,0.75,0.0,0.0,0.0,1.0
1785259676.5762644,0.0,0.0,0.75,0.0,0.0,0.0,1.0
1785259676.586266,0.0,0.0,0.75,0.0,0.0,0.0,1.0
1785259676.5912764,0.0,0.0,0.75,0.0,0.0,0.0,1.0
1785259676.5962572,0.0,0.0,0.75,0.0,0.0,0.0,1.0
1785259676.6012304,0.0,0.0,0.75,0.0,0.0,0.0,1.0
1785259676.6062808,0.0,0.0,0.75,0.0,0.0,0.0,1.0
1785259676.611277,0.0,0.0,0.75,0.0,0.0,0.0,1.0
1785259676.6212225,0.0,0.0,0.75,0.0,0.0,0.0,1.0
1785259676.6313255,0.0,0.0,0.75,0.0,0.0,0.0,1.0
1785259676.6462796,0.0,0.0,0.75,0.0,0.0,0.0,1.0
1785259676.656322,0.0,0.0,0.75,0.0,0.0,0.0,1.0
1785259676.6612196,0.0,0.0,0.75,0.0,0.0,0.0,1.0
1785259676.666267,0.0,0.0,0.75,0.0,0.0,0.0,1.0
1785259676.671267,0.0,0.0,0.75,0.0,0.0,0.0,1.0
1785259676.6762664,0.0,0.0,0.75,0.0,0.0,0.0,1.0
1785259676.6862628,0.0,0.0,0.75,0.0,0.0,0.0,1.0
1785259676.691273,0.0,0.0,0.75,0.0,0.0,0.0,1.0
1785259676.696247,0.0,0.0,0.75,0.0,0.0,0.0,1.0
1785259676.7012284,0.0,0.0,0.75,0.0,0.0,0.0,1.0
1785259676.7112584,0.0,0.0,0.75,0.0,0.0,0.0,1.0
1785259676.72123,0.0,0.0,0.75,0.0,0.0,0.0,1.0
1785259676.7262673,0.0,0.0,0.75,0.0,0.0,0.0,1.0
1785259676.7312586,0.0,0.0,0.75,0.0,0.0,0.0,1.0
1785259676.7362704,0.0,0.0,0.75,0.0,0.0,0.0,1.0
1785259676.741227,0.0,0.0,0.75,0.0,0.0,0.0,1.0
1785259676.7462788,0.0,0.0,0.75,0.0,0.0,0.0,1.0
1785259676.756298,0.0,0.0,0.75,0.0,0.0,0.0,1.0
1785259676.761217,0.0,0.0,0.75,0.0,0.0,0.0,1.0
1785259676.7662683,0.0,0.0,0.75,0.0,0.0,0.0,1.0
1785259676.7812283,0.0,0.0,0.75,0.0,0.0,0.0,1.0
1785259676.7862651,0.0,0.0,0.75,0.0,0.0,0.0,1.0
1785259676.8162816,0.0,0.0,0.75,0.0,0.0,0.0,1.0
1785259676.83628,0.0,0.0,0.75,0.0,0.0,0.0,1.0
1785259676.8412187,0.0,0.0,0.75,0.0,0.0,0.0,1.0
1785259677.0212104,0.0,0.0,0.75,0.0,0.0,0.0,1.0
1785259677.0362592,0.0,0.0,0.75,0.0,0.0,0.0,1.0
1785259677.0412164,0.0,0.0,0.75,0.0,0.0,0.0,1.0
1785259677.0462594,0.0,0.0,0.75,0.0,0.0,0.0,1.0
1785259677.0512695,0.0,0.0,0.75,0.0,0.0,0.0,1.0
1785259677.0612133,0.0,0.0,0.75,0.0,0.0,0.0,1.0
1785259677.0762877,0.0,0.0,0.75,0.0,0.0,0.0,1.0
1785259677.081237,0.0,0.0,0.75,0.0,0.0,0.0,1.0
1785259677.0862763,0.0,0.0,0.75,0.0,0.0,0.0,1.0
1785259677.0912638,0.0,0.0,0.75,0.0,0.0,0.0,1.0
1785259677.1012125,0.0,0.0,0.75,0.0,0.0,0.0,1.0
1785259677.1112845,0.0,0.0,0.75,0.0,0.0,0.0,1.0
1785259677.1162815,0.0,0.0,0.75,0.0,0.0,0.0,1.0
1785259677.1212163,0.0,0.0,0.75,0.0,0.0,0.0,1.0
1785259677.1362975,0.0,0.0,0.75,0.0,0.0,0.0,1.0
1785259677.1512642,0.0,0.0,0.75,0.0,0.0,0.0,1.0
1785259677.1612518,0.0,0.0,0.75,0.0,0.0,0.0,1.0
1785259677.1663272,0.0,0.0,0.75,0.0,0.0,0.0,1.0
1785259677.1712983,0.0,0.0,0.75,0.0,0.0,0.0,1.0
1785259677.1762905,0.0,0.0,0.75,0.0,0.0,0.0,1.0
1785259677.181304,0.0,0.0,0.75,0.0,0.0,0.0,1.0
1785259677.1912634,0.0,0.0,0.75,0.0,0.0,0.0,1.0
1785259677.1962893,0.0,0.0,0.75,0.0,0.0,0.0,1.0
1785259677.2012348,0.0,0.0,0.75,0.0,0.0,0.0,1.0
1785259677.2562733,0.0,0.0,0.75,0.0,0.0,0.0,1.0
1785259677.2612407,0.0,0.0,0.75,0.0,0.0,0.0,1.0
1785259677.266288,0.0,0.0,0.75,0.0,0.0,0.0,1.0
1785259677.2713063,0.0,0.0,0.75,0.0,0.0,0.0,1.0
1785259677.2763147,0.0,0.0,0.75,0.0,0.0,0.0,1.0
1785259677.2812517,0.0,0.0,0.75,0.0,0.0,0.0,1.0
1785259677.286283,0.0,0.0,0.75,0.0,0.0,0.0,1.0
1785259677.2912896,0.0,0.0,0.75,0.0,0.0,0.0,1.0
1785259677.296269,0.0,0.0,0.75,0.0,0.0,0.0,1.0
1785259677.356274,0.0,0.0,0.75,0.0,0.0,0.0,1.0
1785259677.3712928,0.0,0.0,0.75,0.0,0.0,0.0,1.0
1785259677.3763096,0.0,0.0,0.75,0.0,0.0,0.0,1.0
1785259677.3812497,0.0,0.0,0.75,0.0,0.0,0.0,1.0
1785259677.3862839,0.0,0.0,0.75,0.0,0.0,0.0,1.0
1785259677.391265,0.0,0.0,0.75,0.0,0.0,0.0,1.0
1785259677.3963032,0.0,0.0,0.75,0.0,0.0,0.0,1.0
1785259677.401247,0.0,0.0,0.75,0.0,0.0,0.0,1.0
1785259677.406333,0.0,0.0,0.75,0.0,0.0,0.0,1.0
1785259677.411291,0.0,0.0,0.75,0.0,0.0,0.0,1.0
1785259677.416279,0.0,0.0,0.75,0.0,0.0,0.0,1.0
1785259677.4212258,0.0,0.0,0.75,0.0,0.0,0.0,1.0
1785259677.4262774,0.0,0.0,0.75,0.0,0.0,0.0,1.0
1785259677.4362922,0.0,0.0,0.75,0.0,0.0,0.0,1.0
1785259677.4412556,0.0,0.0,0.75,0.0,0.0,0.0,1.0
1785259677.4462888,0.0,0.0,0.75,0.0,0.0,0.0,1.0
1785259677.4512968,0.0,0.0,0.75,0.0,0.0,0.0,1.0
1785259677.456288,0.0,0.0,0.75,0.0,0.0,0.0,1.0
1785259677.4612849,0.0,0.0,0.75,0.0,0.0,0.0,1.0
1785259677.4663062,0.0,0.0,0.75,0.0,0.0,0.0,1.0
1785259677.471322,0.0,0.0,0.75,0.0,0.0,0.0,1.0
1785259677.4763105,0.0,0.0,0.75,0.0,0.0,0.0,1.0
1785259677.4812512,0.0,0.0,0.75,0.0,0.0,0.0,1.0
1785259677.486306,0.0,0.0,0.75,0.0,0.0,0.0,1.0
1785259677.5662677,0.0,0.0,0.75,0.0,0.0,0.0,1.0
1785259677.57129,0.0,0.0,0.75,0.0,0.0,0.0,1.0
1785259677.5762734,0.0,0.0,0.75,0.0,0.0,0.0,1.0
1785259677.6162794,0.0,0.0,0.75,0.0,0.0,0.0,1.0
1785259677.6262634,0.0,0.0,0.75,0.0,0.0,0.0,1.0
1785259677.6412253,0.0,0.0,0.75,0.0,0.0,0.0,1.0
1785259677.6462708,0.0,0.0,0.75,0.0,0.0,0.0,1.0
1785259677.6562784,0.0,0.0,0.75,0.0,0.0,0.0,1.0
1785259677.6612337,0.0,0.0,0.75,0.0,0.0,0.0,1.0
1785259677.6662614,0.0,0.0,0.75,0.0,0.0,0.0,1.0
1785259677.6712916,0.0,0.0,0.75,0.0,0.0,0.0,1.0
1785259677.6762857,0.0,0.0,0.75,0.0,0.0,0.0,1.0
1785259677.6812263,0.0,0.0,0.75,0.0,0.0,0.0,1.0
1785259677.691277,0.0,0.0,0.75,0.0,0.0,0.0,1.0
1785259677.696267,0.0,0.0,0.75,0.0,0.0,0.0,1.0
1785259677.7062473,0.0,0.0,0.75,0.0,0.0,0.0,1.0
1785259677.7112586,0.0,0.0,0.75,0.0,0.0,0.0,1.0
1785259677.7412207,0.0,0.0,0.75,0.0,0.0,0.0,1.0
1785259677.7562778,0.0,0.0,0.75,0.0,0.0,0.0,1.0
1785259677.7612286,0.0,0.0,0.75,0.0,0.0,0.0,1.0
1785259677.7662768,0.0,0.0,0.75,0.0,0.0,0.0,1.0
1785259677.771274,0.0,0.0,0.75,0.0,0.0,0.0,1.0
1785259677.7762637,0.0,0.0,0.75,0.0,0.0,0.0,1.0
1785259677.7912629,0.0,0.0,0.75,0.0,0.0,0.0,1.0
1785259677.796261,0.0,0.0,0.75,0.0,0.0,0.0,1.0
1785259677.801253,0.0,0.0,0.75,0.0,0.0,0.0,1.0
1785259677.8112874,0.0,0.0,0.75,0.0,0.0,0.0,1.0
1785259677.836276,0.0,0.0,0.75,0.0,0.0,0.0,1.0
1785259677.8462675,0.0,0.0,0.75,0.0,0.0,0.0,1.0
1785259677.8713043,0.0,0.0,0.75,0.0,0.0,0.0,1.0
1785259677.8762746,0.0,0.0,0.75,0.0,0.0,0.0,1.0
1785259677.881333,0.0,0.0,0.75,0.0,0.0,0.0,1.0
1785259677.886737,0.0,0.0,0.75,0.0,0.0,0.0,1.0
1785259677.9012158,0.0,0.0,0.75,0.0,0.0,0.0,1.0
1785259678.2512774,0.0,0.0,0.75,0.0,0.0,0.0,1.0
1785259678.2662895,0.0,0.0,0.75,0.0,0.0,0.0,1.0
1785259678.271297,0.0,0.0,0.75,0.0,0.0,0.0,1.0
1785259678.2764552,0.0,0.0,0.75,0.0,0.0,0.0,1.0
1785259678.2863054,0.0,0.0,0.75,0.0,0.0,0.0,1.0
1785259678.2912815,0.0,0.0,0.75,0.0,0.0,0.0,1.0
1785259678.2962708,0.0,0.0,0.75,0.0,0.0,0.0,1.0
1785259678.3512752,0.0,0.0,0.75,0.0,0.0,0.0,1.0
1785259678.3712754,0.0,0.0,0.75,0.0,0.0,0.0,1.0
1785259678.3763397,0.0,0.0,0.75,0.0,0.0,0.0,1.0
1785259678.3912864,0.0,0.0,0.75,0.0,0.0,0.0,1.0
1785259678.4012358,0.0,0.0,0.75,0.0,0.0,0.0,1.0
1785259678.40635,0.0,0.0,0.75,0.0,0.0,0.0,1.0
1785259678.581245,0.0,0.0,0.75,0.0,0.0,0.0,1.0
1785259678.5862935,0.0,0.0,0.75,0.0,0.0,0.0,1.0
1785259678.5912855,0.0,0.0,0.75,0.0,0.0,0.0,1.0
1785259678.5963044,0.0,0.0,0.75,0.0,0.0,0.0,1.0
1785259678.6013253,0.0,0.0,0.75,0.0,0.0,0.0,1.0
1785259678.60637,0.0,0.0,0.75,0.0,0.0,0.0,1.0
1785259678.6113262,0.0,0.0,0.75,0.0,0.0,0.0,1.0
1785259678.621239,0.0,0.0,0.75,0.0,0.0,0.0,1.0
1785259678.6262963,0.0,0.0,0.75,0.0,0.0,0.0,1.0
1785259678.6562998,0.0,0.0,0.75,0.0,0.0,0.0,1.0
1785259678.6712778,0.0,0.0,0.75,0.0,0.0,0.0,1.0
1785259678.6762705,0.0,0.0,0.75,0.0,0.0,0.0,1.0
1785259678.6812496,0.0,0.0,0.75,0.0,0.0,0.0,1.0
1785259678.6862996,0.0,0.0,0.75,0.0,0.0,0.0,1.0
1785259678.6963065,0.0,0.0,0.75,0.0,0.0,0.0,1.0
1785259678.706264,0.0,0.0,0.75,0.0,0.0,0.0,1.0
1785259678.7162704,0.0,0.0,0.75,0.0,0.0,0.0,1.0
1785259678.7412493,0.0,0.0,0.75,0.0,0.0,0.0,1.0
1785259678.7562757,0.0,0.0,0.75,0.0,0.0,0.0,1.0
1785259678.7612278,0.0,0.0,0.75,0.0,0.0,0.0,1.0
1785259678.7663002,0.0,0.0,0.75,0.0,0.0,0.0,1.0
1785259678.7762792,0.0,0.0,0.75,0.0,0.0,0.0,1.0
1785259678.7812538,0.0,0.0,0.75,0.0,0.0,0.0,1.0
1785259678.786327,0.0,0.0,0.75,0.0,0.0,0.0,1.0
1785259678.7912908,0.0,0.0,0.75,0.0,0.0,0.0,1.0
1785259678.7962778,0.0,0.0,0.75,0.0,0.0,0.0,1.0
1785259678.8012574,0.0,0.0,0.75,0.0,0.0,0.0,1.0
1785259678.8062632,0.0,0.0,0.75,0.0,0.0,0.0,1.0
1785259678.8112755,0.0,0.0,0.75,0.0,0.0,0.0,1.0
1785259678.8362646,0.0,0.0,0.75,0.0,0.0,0.0,1.0
1785259678.856258,0.0,0.0,0.75,0.0,0.0,0.0,1.0
1785259678.8612332,0.0,0.0,0.75,0.0,0.0,0.0,1.0
1785259678.866271,0.0,0.0,0.75,0.0,0.0,0.0,1.0
1785259678.8713365,0.0,0.0,0.75,0.0,0.0,0.0,1.0
1785259678.8813028,0.0,0.0,0.75,0.0,0.0,0.0,1.0
1785259678.8863378,0.0,0.0,0.75,0.0,0.0,0.0,1.0
1785259678.90123,0.0,0.0,0.75,0.0,0.0,0.0,1.0
1785259678.9062762,0.0,0.0,0.75,0.0,0.0,0.0,1.0
1785259678.9112935,0.0,0.0,0.75,0.0,0.0,0.0,1.0
1785259678.9212306,0.0,0.0,0.75,0.0,0.0,0.0,1.0
1785259678.9362836,0.0,0.0,0.75,0.0,0.0,0.0,1.0
1785259678.941235,0.0,0.0,0.75,0.0,0.0,0.0,1.0
1785259678.9462786,0.0,0.0,0.75,0.0,0.0,0.0,1.0
1785259678.9512708,0.0,0.0,0.75,0.0,0.0,0.0,1.0
1785259678.956378,0.0,0.0,0.75,0.0,0.0,0.0,1.0
1785259678.9662805,0.0,0.0,0.75,0.0,0.0,0.0,1.0
1785259678.9762719,0.0,0.0,0.75,0.0,0.0,0.0,1.0
1785259678.9812205,0.0,0.0,0.75,0.0,0.0,0.0,1.0
1785259679.01628,0.0,0.0,0.75,0.0,0.0,0.0,1.0
1785259679.0212524,0.0,0.0,0.75,0.0,0.0,0.0,1.0
1785259679.041226,0.0,0.0,0.75,0.0,0.0,0.0,1.0
1785259679.0512774,0.0,0.0,0.75,0.0,0.0,0.0,1.0
1785259679.0562756,0.0,0.0,0.75,0.0,0.0,0.0,1.0
1785259679.0612092,0.0,0.0,0.75,0.0,0.0,0.0,1.0
1785259679.0662653,0.0,0.0,0.75,0.0,0.0,0.0,1.0
1785259679.0812094,0.0,0.0,0.75,0.0,0.0,0.0,1.0
1785259679.0862794,0.0,0.0,0.75,0.0,0.0,0.0,1.0
1785259679.0912893,0.0,0.0,0.75,0.0,0.0,0.0,1.0
1785259679.0962741,0.0,0.0,0.75,0.0,0.0,0.0,1.0
1785259679.1112628,0.0,0.0,0.75,0.0,0.0,0.0,1.0
1785259679.1162984,0.0,0.0,0.75,0.0,0.0,0.0,1.0
1785259679.121233,0.0,0.0,0.75,0.0,0.0,0.0,1.0
1785259679.1563003,0.0,0.0,0.75,0.0,0.0,0.0,1.0
1785259679.1612313,0.0,0.0,0.75,0.0,0.0,0.0,1.0
1785259679.1662924,0.0,0.0,0.75,0.0,0.0,0.0,1.0
1785259679.181221,0.0,0.0,0.75,0.0,0.0,0.0,1.0
1785259679.206284,0.0,0.0,0.75,0.0,0.0,0.0,1.0
1785259679.2112787,0.0,0.0,0.75,0.0,0.0,0.0,1.0
1785259679.2212186,0.0,0.0,0.75,0.0,0.0,0.0,1.0
1785259679.2262874,0.0,0.0,0.75,0.0,0.0,0.0,1.0
1785259679.2862704,0.0,0.0,0.75,0.0,0.0,0.0,1.0
1785259679.2912698,0.0,0.0,0.75,0.0,0.0,0.0,1.0
1785259679.2962651,0.0,0.0,0.75,0.0,0.0,0.0,1.0
1785259679.3112607,0.0,0.0,0.75,0.0,0.0,0.0,1.0
1785259679.3162684,0.0,0.0,0.75,0.0,0.0,0.0,1.0
1785259679.3262799,0.0,0.0,0.75,0.0,0.0,0.0,1.0
1785259679.331264,0.0,0.0,0.75,0.0,0.0,0.0,1.0
1785259679.3362603,0.0,0.0,0.75,0.0,0.0,0.0,1.0
1785259679.346275,0.0,0.0,0.75,0.0,0.0,0.0,1.0
1785259679.3512664,0.0,0.0,0.75,0.0,0.0,0.0,1.0
1785259679.3863285,0.0,0.0,0.75,0.0,0.0,0.0,1.0
1785259679.3912778,0.0,0.0,0.75,0.0,0.0,0.0,1.0
1785259679.4012196,0.0,0.0,0.75,0.0,0.0,0.0,1.0
1785259679.406265,0.0,0.0,0.75,0.0,0.0,0.0,1.0
1785259679.411261,0.0,0.0,0.75,0.0,0.0,0.0,1.0
1785259679.4162707,0.0,0.0,0.75,0.0,0.0,0.0,1.0
1785259679.4212177,0.0,0.0,0.75,0.0,0.0,0.0,1.0
1785259679.4312634,0.0,0.0,0.75,0.0,0.0,0.0,1.0
1785259679.436277,0.0,0.0,0.75,0.0,0.0,0.0,1.0
1785259679.441222,0.0,0.0,0.75,0.0,0.0,0.0,1.0
1785259679.451298,0.0,0.0,0.75,0.0,0.0,0.0,1.0
1785259679.456298,0.0,0.0,0.75,0.0,0.0,0.0,1.0
1785259679.461224,0.0,0.0,0.75,0.0,0.0,0.0,1.0
1785259679.481225,0.0,0.0,0.75,0.0,0.0,0.0,1.0
1785259679.486278,0.0,0.0,0.75,0.0,0.0,0.0,1.0
1785259679.4962785,0.0,0.0,0.75,0.0,0.0,0.0,1.0
1785259679.5012295,0.0,0.0,0.75,0.0,0.0,0.0,1.0
1785259679.506284,0.0,0.0,0.75,0.0,0.0,0.0,1.0
1785259679.5112646,0.0,0.0,0.75,0.0,0.0,0.0,1.0
1785259679.5162628,0.0,0.0,0.75,0.0,0.0,0.0,1.0
1785259679.5212383,0.0,0.0,0.75,0.0,0.0,0.0,1.0
1785259679.5262458,0.0,0.0,0.75,0.0,0.0,0.0,1.0
1785259679.5362601,0.0,0.0,0.75,0.0,0.0,0.0,1.0
1785259679.5462606,0.0,0.0,0.75,0.0,0.0,0.0,1.0
1785259679.5612097,0.0,0.0,0.75,0.0,0.0,0.0,1.0
1785259679.5662713,0.0,0.0,0.75,0.0,0.0,0.0,1.0
1785259679.5862596,0.0,0.0,0.75,0.0,0.0,0.0,1.0
1785259679.5913136,0.0,0.0,0.75,0.0,0.0,0.0,1.0
1785259679.5962787,0.0,0.0,0.75,0.0,0.0,0.0,1.0
1785259679.6012266,0.0,0.0,0.75,0.0,0.0,0.0,1.0
1785259679.6062682,0.0,0.0,0.75,0.0,0.0,0.0,1.0
1785259679.6112642,0.0,0.0,0.75,0.0,0.0,0.0,1.0
1785259679.6163023,0.0,0.0,0.75,0.0,0.0,0.0,1.0
1785259679.6262639,0.0,0.0,0.75,0.0,0.0,0.0,1.0
1785259679.6612217,0.0,0.0,0.75,0.0,0.0,0.0,1.0
1785259679.6662908,0.0,0.0,0.75,0.0,0.0,0.0,1.0
1785259679.6712835,0.0,0.0,0.75,0.0,0.0,0.0,1.0
1785259679.6862593,0.0,0.0,0.75,0.0,0.0,0.0,1.0
1785259679.6912892,0.0,0.0,0.75,0.0,0.0,0.0,1.0
1785259679.6962726,0.0,0.0,0.75,0.0,0.0,0.0,1.0
1785259679.7012174,0.0,0.0,0.75,0.0,0.0,0.0,1.0
1785259679.7062676,0.0,0.0,0.75,0.0,0.0,0.0,1.0
1785259679.7162588,0.0,0.0,0.75,0.0,0.0,0.0,1.0
1785259679.7262893,0.0,0.0,0.75,0.0,0.0,0.0,1.0
1785259679.7312841,0.0,0.0,0.75,0.0,0.0,0.0,1.0
1785259679.7362776,0.0,0.0,0.75,0.0,0.0,0.0,1.0
1785259679.7512758,0.0,0.0,0.75,0.0,0.0,0.0,1.0
1785259679.761241,0.0,0.0,0.75,0.0,0.0,0.0,1.0
1785259679.7662785,0.0,0.0,0.75,0.0,0.0,0.0,1.0
1785259679.771295,0.0,0.0,0.75,0.0,0.0,0.0,1.0
1785259679.7812326,0.0,0.0,0.75,0.0,0.0,0.0,1.0
1785259679.7863064,0.0,0.0,0.75,0.0,0.0,0.0,1.0
1785259679.7912815,0.0,0.0,0.75,0.0,0.0,0.0,1.0
1785259679.801248,0.0,0.0,0.75,0.0,0.0,0.0,1.0
1785259679.8162658,0.0,0.0,0.75,0.0,0.0,0.0,1.0
1785259679.8263166,0.0,0.0,0.75,0.0,0.0,0.0,1.0
1785259679.83628,0.0,0.0,0.75,0.0,0.0,0.0,1.0
1785259679.846278,0.0,0.0,0.75,0.0,0.0,0.0,1.0
1785259679.8562782,0.0,0.0,0.75,0.0,0.0,0.0,1.0
1785259679.8662639,0.0,0.0,0.75,0.0,0.0,0.0,1.0
1785259679.8763356,0.0,0.0,0.75,0.0,0.0,0.0,1.0
1785259679.8962653,0.0,0.0,0.75,0.0,0.0,0.0,1.0
1785259679.9062793,0.0,0.0,0.75,0.0,0.0,0.0,1.0
1785259679.9112628,0.0,0.0,0.75,0.0,0.0,0.0,1.0
1785259679.9162743,0.0,0.0,0.75,0.0,0.0,0.0,1.0
1785259679.9212263,0.0,0.0,0.75,0.0,0.0,0.0,1.0
1785259679.9513013,0.0,0.0,0.75,0.0,0.0,0.0,1.0
1785259679.956301,0.0,0.0,0.75,0.0,0.0,0.0,1.0
1785259679.9612417,0.0,0.0,0.75,0.0,0.0,0.0,1.0
1785259679.9862974,0.0,0.0,0.75,0.0,0.0,0.0,1.0
1785259679.9913313,0.0,0.0,0.75,0.0,0.0,0.0,1.0
1785259680.0012493,0.0,0.0,0.75,0.0,0.0,0.0,1.0
1785259680.006275,0.0,0.0,0.75,0.0,0.0,0.0,1.0
1785259680.0262706,0.0,0.0,0.75,0.0,0.0,0.0,1.0
1785259680.0312724,0.0,0.0,0.75,0.0,0.0,0.0,1.0
1785259680.061241,0.0,0.0,0.75,0.0,0.0,0.0,1.0
1785259680.0663128,0.0,0.0,0.75,0.0,0.0,0.0,1.0
1785259680.0762591,0.0,0.0,0.75,0.0,0.0,0.0,1.0
1785259680.0812323,0.0,0.0,0.75,0.0,0.0,0.0,1.0
1785259680.086278,0.0,0.0,0.75,0.0,0.0,0.0,1.0
1785259680.1112783,0.0,0.0,0.75,0.0,0.0,0.0,1.0
1785259680.1162677,0.0,0.0,0.75,0.0,0.0,0.0,1.0
1785259680.1212409,0.0,0.0,0.75,0.0,0.0,0.0,1.0
1785259680.1562607,0.0,0.0,0.75,0.0,0.0,0.0,1.0
1785259680.161217,0.0,0.0,0.75,0.0,0.0,0.0,1.0
1785259680.1663375,0.0,0.0,0.75,0.0,0.0,0.0,1.0
1785259680.17628,0.0,0.0,0.75,0.0,0.0,0.0,1.0
1785259680.1812353,0.0,0.0,0.75,0.0,0.0,0.0,1.0
1785259680.186273,0.0,0.0,0.75,0.0,0.0,0.0,1.0
1785259680.19131,0.0,0.0,0.75,0.0,0.0,0.0,1.0
1785259680.206298,0.0,0.0,0.75,0.0,0.0,0.0,1.0
1785259680.2162766,0.0,0.0,0.75,0.0,0.0,0.0,1.0
1785259680.2212512,0.0,0.0,0.75,0.0,0.0,0.0,1.0
1785259680.226284,0.0,0.0,0.75,0.0,0.0,0.0,1.0
1785259680.2362757,0.0,0.0,0.75,0.0,0.0,0.0,1.0
1785259680.241238,0.0,0.0,0.75,0.0,0.0,0.0,1.0
1785259680.2662735,0.0,0.0,0.75,0.0,0.0,0.0,1.0
1785259680.271286,0.0,0.0,0.75,0.0,0.0,0.0,1.0
1785259680.2812324,0.0,0.0,0.75,0.0,0.0,0.0,1.0
1785259680.2912693,0.0,0.0,0.75,0.0,0.0,0.0,1.0
1785259680.2962866,0.0,0.0,0.75,0.0,0.0,0.0,1.0
1785259680.3012252,0.0,0.0,0.75,0.0,0.0,0.0,1.0
1785259680.3162608,0.0,0.0,0.75,0.0,0.0,0.0,1.0
1785259680.3262486,0.0,0.0,0.75,0.0,0.0,0.0,1.0
1785259680.331284,0.0,0.0,0.75,0.0,0.0,0.0,1.0
1785259680.3512857,0.0,0.0,0.75,0.0,0.0,0.0,1.0
1785259680.3612313,0.0,0.0,0.75,0.0,0.0,0.0,1.0
1785259680.3762789,0.0,0.0,0.75,0.0,0.0,0.0,1.0
1785259680.3862736,0.0,0.0,0.75,0.0,0.0,0.0,1.0
1785259680.39127,0.0,0.0,0.75,0.0,0.0,0.0,1.0
1785259680.3962717,0.0,0.0,0.75,0.0,0.0,0.0,1.0
1785259680.4012196,0.0,0.0,0.75,0.0,0.0,0.0,1.0
1785259680.4062717,0.0,0.0,0.75,0.0,0.0,0.0,1.0
1785259680.4262657,0.0,0.0,0.75,0.0,0.0,0.0,1.0
1785259680.4612076,0.0,0.0,0.75,0.0,0.0,0.0,1.0
1785259680.4662745,0.0,0.0,0.75,0.0,0.0,0.0,1.0
1785259680.4762607,0.0,0.0,0.75,0.0,0.0,0.0,1.0
1785259680.4862776,0.0,0.0,0.75,0.0,0.0,0.0,1.0
1785259680.4912717,0.0,0.0,0.75,0.0,0.0,0.0,1.0
1785259680.4962711,0.0,0.0,0.75,0.0,0.0,0.0,1.0
1785259680.5012255,0.0,0.0,0.75,0.0,0.0,0.0,1.0
1785259680.5062883,0.0,0.0,0.75,0.0,0.0,0.0,1.0
1785259680.5112674,0.0,0.0,0.75,0.0,0.0,0.0,1.0
1785259680.5162783,0.0,0.0,0.75,0.0,0.0,0.0,1.0
1785259680.5212286,0.0,0.0,0.75,0.0,0.0,0.0,1.0
1785259680.5412238,0.0,0.0,0.75,0.0,0.0,0.0,1.0
1785259680.5463026,0.0,0.0,0.75,0.0,0.0,0.0,1.0
1785259680.561231,0.0,0.0,0.75,0.0,0.0,0.0,1.0
1785259680.5712771,0.0,0.0,0.75,0.0,0.0,0.0,1.0
1785259680.5862622,0.0,0.0,0.75,0.0,0.0,0.0,1.0
1785259680.5912757,0.0,0.0,0.75,0.0,0.0,0.0,1.0
1785259680.59631,0.0,0.0,0.75,0.0,0.0,0.0,1.0
1785259680.611288,0.0,0.0,0.75,0.0,0.0,0.0,1.0
1785259680.6162648,0.0,0.0,0.75,0.0,0.0,0.0,1.0
1785259680.6212645,0.0,0.0,0.75,0.0,0.0,0.0,1.0
1785259680.6262846,0.0,0.0,0.75,0.0,0.0,0.0,1.0
1785259680.666301,0.0,0.0,0.75,0.0,0.0,0.0,1.0
1785259680.6862617,0.0,0.0,0.75,0.0,0.0,0.0,1.0
1785259680.6912766,0.0,0.0,0.75,0.0,0.0,0.0,1.0
1785259680.6962695,0.0,0.0,0.75,0.0,0.0,0.0,1.0
1785259680.7012208,0.0,0.0,0.75,0.0,0.0,0.0,1.0
1785259680.7062657,0.0,0.0,0.75,0.0,0.0,0.0,1.0
1785259680.7112882,0.0,0.0,0.75,0.0,0.0,0.0,1.0
1785259680.7162693,0.0,0.0,0.75,0.0,0.0,0.0,1.0
1785259680.731285,0.0,0.0,0.75,0.0,0.0,0.0,1.0
1785259680.936282,0.0,0.0,0.75,0.0,0.0,0.0,1.0
1785259681.0112705,0.0,0.0,0.75,0.0,0.0,0.0,1.0
1785259681.0312676,0.0,0.0,0.75,0.0,0.0,0.0,1.0
1785259681.0412097,0.0,0.0,0.75,0.0,0.0,0.0,1.0
1785259681.046307,0.0,0.0,0.75,0.0,0.0,0.0,1.0
1785259681.0712733,0.0,0.0,0.75,0.0,0.0,0.0,1.0
1785259681.0762682,0.0,0.0,0.75,0.0,0.0,0.0,1.0
1785259681.0862806,0.0,0.0,0.75,0.0,0.0,0.0,1.0
1785259681.0912604,0.0,0.0,0.75,0.0,0.0,0.0,1.0
1785259681.0962803,0.0,0.0,0.75,0.0,0.0,0.0,1.0
1785259681.101294,0.0,0.0,0.75,0.0,0.0,0.0,1.0
1785259681.1063132,0.0,0.0,0.75,0.0,0.0,0.0,1.0
1785259681.1112888,0.0,0.0,0.75,0.0,0.0,0.0,1.0
1785259681.1162815,0.0,0.0,0.75,0.0,0.0,0.0,1.0
1785259681.121239,0.0,0.0,0.75,0.0,0.0,0.0,1.0
1785259681.1263218,0.0,0.0,0.75,0.0,0.0,0.0,1.0
1785259681.1412182,0.0,0.0,0.75,0.0,0.0,0.0,1.0
1785259681.1462722,0.0,0.0,0.75,0.0,0.0,0.0,1.0
1785259681.1512816,0.0,0.0,0.75,0.0,0.0,0.0,1.0
1785259681.1562781,0.0,0.0,0.75,0.0,0.0,0.0,1.0
1785259681.1612167,0.0,0.0,0.75,0.0,0.0,0.0,1.0
1785259681.1662796,0.0,0.0,0.75,0.0,0.0,0.0,1.0
1785259681.1712809,0.0,0.0,0.75,0.0,0.0,0.0,1.0
1785259681.1862636,0.0,0.0,0.75,0.0,0.0,0.0,1.0
1785259681.1912766,0.0,0.0,0.75,0.0,0.0,0.0,1.0
1785259681.1962914,0.0,0.0,0.75,0.0,0.0,0.0,1.0
1785259681.2012281,0.0,0.0,0.75,0.0,0.0,0.0,1.0
1785259681.2062936,0.0,0.0,0.75,0.0,0.0,0.0,1.0
1785259681.2112706,0.0,0.0,0.75,0.0,0.0,0.0,1.0
1785259681.2162633,0.0,0.0,0.75,0.0,0.0,0.0,1.0
1785259681.2212136,0.0,0.0,0.75,0.0,0.0,0.0,1.0
1785259681.2312696,0.0,0.0,0.75,0.0,0.0,0.0,1.0
1785259681.2363014,0.0,0.0,0.75,0.0,0.0,0.0,1.0
1785259681.24121,0.0,0.0,0.75,0.0,0.0,0.0,1.0
1785259681.2562666,0.0,0.0,0.75,0.0,0.0,0.0,1.0
1785259681.261212,0.0,0.0,0.75,0.0,0.0,0.0,1.0
1785259681.2712986,0.0,0.0,0.75,0.0,0.0,0.0,1.0
1785259681.2862623,0.0,0.0,0.75,0.0,0.0,0.0,1.0
1785259681.2962759,0.0,0.0,0.75,0.0,0.0,0.0,1.0
1785259681.3012133,0.0,0.0,0.75,0.0,0.0,0.0,1.0
1785259681.3113368,0.0,0.0,0.75,0.0,0.0,0.0,1.0
1785259681.3162851,0.0,0.0,0.75,0.0,0.0,0.0,1.0
1785259681.3963032,0.0,0.0,0.75,0.0,0.0,0.0,1.0
1785259681.4162784,0.0,0.0,0.75,0.0,0.0,0.0,1.0
1785259681.4312773,0.0,0.0,0.75,0.0,0.0,0.0,1.0
1785259681.4362814,0.0,0.0,0.75,0.0,0.0,0.0,1.0
1785259681.4462948,0.0,0.0,0.75,0.0,0.0,0.0,1.0
1785259681.4662697,0.0,0.0,0.75,0.0,0.0,0.0,1.0
1785259681.4962735,0.0,0.0,0.75,0.0,0.0,0.0,1.0
1785259681.5012503,0.0,0.0,0.75,0.0,0.0,0.0,1.0
1785259681.5063279,0.0,0.0,0.75,0.0,0.0,0.0,1.0
1785259681.5113184,0.0,0.0,0.75,0.0,0.0,0.0,1.0
1785259681.5162816,0.0,0.0,0.75,0.0,0.0,0.0,1.0
1785259681.5212352,0.0,0.0,0.75,0.0,0.0,0.0,1.0
1785259681.531284,0.0,0.0,0.75,0.0,0.0,0.0,1.0
1785259681.5512662,0.0,0.0,0.75,0.0,0.0,0.0,1.0
1785259681.5712879,0.0,0.0,0.75,0.0,0.0,0.0,1.0
1785259681.5762813,0.0,0.0,0.75,0.0,0.0,0.0,1.0
1785259681.5912805,0.0,0.0,0.75,0.0,0.0,0.0,1.0
1785259681.626285,0.0,0.0,0.75,0.0,0.0,0.0,1.0
1785259681.6363008,0.0,0.0,0.75,0.0,0.0,0.0,1.0
1785259681.6412253,0.0,0.0,0.75,0.0,0.0,0.0,1.0
1785259681.646292,0.0,0.0,0.75,0.0,0.0,0.0,1.0
1785259681.6512775,0.0,0.0,0.75,0.0,0.0,0.0,1.0
1785259681.6612494,0.0,0.0,0.75,0.0,0.0,0.0,1.0
1785259681.6712916,0.0,0.0,0.75,0.0,0.0,0.0,1.0
1785259681.676303,0.0,0.0,0.75,0.0,0.0,0.0,1.0
1785259681.6812408,0.0,0.0,0.75,0.0,0.0,0.0,1.0
1785259681.6862733,0.0,0.0,0.75,0.0,0.0,0.0,1.0
1785259681.6913028,0.0,0.0,0.75,0.0,0.0,0.0,1.0
1785259681.7012663,0.0,0.0,0.75,0.0,0.0,0.0,1.0
1785259681.7112885,0.0,0.0,0.75,0.0,0.0,0.0,1.0
1785259681.7162786,0.0,0.0,0.75,0.0,0.0,0.0,1.0
1785259681.721235,0.0,0.0,0.75,0.0,0.0,0.0,1.0
1785259681.7262862,0.0,0.0,0.75,0.0,0.0,0.0,1.0
1785259681.731282,0.0,0.0,0.75,0.0,0.0,0.0,1.0
1785259681.7462702,0.0,0.0,0.75,0.0,0.0,0.0,1.0
1785259681.7612274,0.0,0.0,0.75,0.0,0.0,0.0,1.0
1785259681.776277,0.0,0.0,0.75,0.0,0.0,0.0,1.0
1785259681.7812395,0.0,0.0,0.75,0.0,0.0,0.0,1.0
1785259681.796267,0.0,0.0,0.75,0.0,0.0,0.0,1.0
1785259681.8063,0.0,0.0,0.75,0.0,0.0,0.0,1.0
1785259681.8313005,0.0,0.0,0.75,0.0,0.0,0.0,1.0
1785259681.8362927,0.0,0.0,0.75,0.0,0.0,0.0,1.0
1785259681.8762836,0.0,0.0,0.75,0.0,0.0,0.0,1.0
1785259681.8812723,0.0,0.0,0.75,0.0,0.0,0.0,1.0
1785259681.8862944,0.0,0.0,0.75,0.0,0.0,0.0,1.0
1785259681.896277,0.0,0.0,0.75,0.0,0.0,0.0,1.0
1785259681.901236,0.0,0.0,0.75,0.0,0.0,0.0,1.0
1785259681.9762712,0.0,0.0,0.75,0.0,0.0,0.0,1.0
1785259682.006282,0.0,0.0,0.75,0.0,0.0,0.0,1.0
1785259682.0113363,0.0,0.0,0.75,0.0,0.0,0.0,1.0
1785259682.016286,0.0,0.0,0.75,0.0,0.0,0.0,1.0
1785259682.0212364,0.0,0.0,0.75,0.0,0.0,0.0,1.0
1785259682.0313134,0.0,0.0,0.75,0.0,0.0,0.0,1.0
1785259682.0762973,0.0,0.0,0.75,0.0,0.0,0.0,1.0
1785259682.0812278,0.0,0.0,0.75,0.0,0.0,0.0,1.0
1785259682.096284,0.0,0.0,0.75,0.0,0.0,0.0,1.0
1785259682.101241,0.0,0.0,0.75,0.0,0.0,0.0,1.0
1785259682.2862818,0.0,0.0,0.75,0.0,0.0,0.0,1.0
1785259682.3012476,0.0,0.0,0.75,0.0,0.0,0.0,1.0
1785259682.3062894,0.0,0.0,0.75,0.0,0.0,0.0,1.0
1785259682.3112917,0.0,0.0,0.75,0.0,0.0,0.0,1.0
1785259682.3162687,0.0,0.0,0.75,0.0,0.0,0.0,1.0
1785259682.3212435,0.0,0.0,0.75,0.0,0.0,0.0,1.0
1785259682.3312652,0.0,0.0,0.75,0.0,0.0,0.0,1.0
1785259682.4362738,0.0,0.0,0.75,0.0,0.0,0.0,1.0
1785259682.4512818,0.0,0.0,0.75,0.0,0.0,0.0,1.0
1785259682.481248,0.0,0.0,0.75,0.0,0.0,0.0,1.0
1785259682.4862914,0.0,0.0,0.75,0.0,0.0,0.0,1.0
1785259682.501233,0.0,0.0,0.75,0.0,0.0,0.0,1.0
1785259682.5062785,0.0,0.0,0.75,0.0,0.0,0.0,1.0
1785259682.51127,0.0,0.0,0.75,0.0,0.0,0.0,1.0
1785259682.516276,0.0,0.0,0.75,0.0,0.0,0.0,1.0
1785259682.5212188,0.0,0.0,0.75,0.0,0.0,0.0,1.0
1785259682.531261,0.0,0.0,0.75,0.0,0.0,0.0,1.0
1785259682.5362854,0.0,0.0,0.75,0.0,0.0,0.0,1.0
1785259682.5512698,0.0,0.0,0.75,0.0,0.0,0.0,1.0
1785259682.5563345,0.0,0.0,0.75,0.0,0.0,0.0,1.0
1785259682.5662854,0.0,0.0,0.75,0.0,0.0,0.0,1.0
1785259682.5712602,0.0,0.0,0.75,0.0,0.0,0.0,1.0
1785259682.5762815,0.0,0.0,0.75,0.0,0.0,0.0,1.0
1785259682.581209,0.0,0.0,0.75,0.0,0.0,0.0,1.0
1785259683.5812154,0.0,0.0,0.75,0.0,0.0,0.0,1.0
1785259683.596261,0.0,0.0,0.75,0.0,0.0,0.0,1.0
1785259683.6112688,0.0,0.0,0.75,0.0,0.0,0.0,1.0
1785259683.616313,0.0,0.0,0.75,0.0,0.0,0.0,1.0
1785259683.6212585,0.0,0.0,0.75,0.0,0.0,0.0,1.0
1785259683.6262972,0.0,0.0,0.75,0.0,0.0,0.0,1.0
1785259683.631279,0.0,0.0,0.75,0.0,0.0,0.0,1.0
1785259683.6363044,0.0,0.0,0.75,0.0,0.0,0.0,1.0
1785259683.646272,0.0,0.0,0.75,0.0,0.0,0.0,1.0
1785259683.666279,0.0,0.0,0.75,0.0,0.0,0.0,1.0
1785259683.671274,0.0,0.0,0.75,0.0,0.0,0.0,1.0
1785259683.6762576,0.0,0.0,0.75,0.0,0.0,0.0,1.0
1785259683.681219,0.0,0.0,0.75,0.0,0.0,0.0,1.0
1785259683.686264,0.0,0.0,0.75,0.0,0.0,0.0,1.0
1785259683.6912715,0.0,0.0,0.75,0.0,0.0,0.0,1.0
1785259683.696273,0.0,0.0,0.75,0.0,0.0,0.0,1.0
1785259683.7112756,0.0,0.0,0.75,0.0,0.0,0.0,1.0
1785259683.7163403,0.0,0.0,0.75,0.0,0.0,0.0,1.0
1785259683.721275,0.0,0.0,0.75,0.0,0.0,0.0,1.0
1785259683.7262907,0.0,0.0,0.75,0.0,0.0,0.0,1.0
1785259683.7312999,0.0,0.0,0.75,0.0,0.0,0.0,1.0
1785259683.7362804,0.0,0.0,0.75,0.0,0.0,0.0,1.0
1785259683.7412322,0.0,0.0,0.75,0.0,0.0,0.0,1.0
1785259683.7512674,0.0,0.0,0.75,0.0,0.0,0.0,1.0
1785259683.7912805,0.0,0.0,0.75,0.0,0.0,0.0,1.0
1785259683.796303,0.0,0.0,0.75,0.0,0.0,0.0,1.0
1785259683.8062694,0.0,0.0,0.75,0.0,0.0,0.0,1.0
1785259683.8112702,0.0,0.0,0.75,0.0,0.0,0.0,1.0
1785259683.816292,0.0,0.0,0.75,0.0,0.0,0.0,1.0
1785259683.8212457,0.0,0.0,0.75,0.0,0.0,0.0,1.0
1785259683.8412263,0.0,0.0,0.75,0.0,0.0,0.0,1.0
1785259683.8512821,0.0,0.0,0.75,0.0,0.0,0.0,1.0
1785259683.8912585,0.0,0.0,0.75,0.0,0.0,0.0,1.0
1785259683.9112852,0.0,0.0,0.75,0.0,0.0,0.0,1.0
1785259683.916275,0.0,0.0,0.75,0.0,0.0,0.0,1.0
1785259683.9212573,0.0,0.0,0.75,0.0,0.0,0.0,1.0
1785259683.9262986,0.0,0.0,0.75,0.0,0.0,0.0,1.0
1785259683.9312718,0.0,0.0,0.75,0.0,0.0,0.0,1.0
1785259683.9362645,0.0,0.0,0.75,0.0,0.0,0.0,1.0
1785259683.9412348,0.0,0.0,0.75,0.0,0.0,0.0,1.0
1785259683.9462607,0.0,0.0,0.75,0.0,0.0,0.0,1.0
1785259683.9512892,0.0,0.0,0.75,0.0,0.0,0.0,1.0
1785259683.9612272,0.0,0.0,0.75,0.0,0.0,0.0,1.0
1785259683.9662802,0.0,0.0,0.75,0.0,0.0,0.0,1.0
1785259684.0162864,0.0,0.0,0.75,0.0,0.0,0.0,1.0
1785259684.0262942,0.0,0.0,0.75,0.0,0.0,0.0,1.0
1785259684.0312808,0.0,0.0,0.75,0.0,0.0,0.0,1.0
1785259684.0462747,0.0,0.0,0.75,0.0,0.0,0.0,1.0
1785259684.0512812,0.0,0.0,0.75,0.0,0.0,0.0,1.0
1785259684.056361,0.0,0.0,0.75,0.0,0.0,0.0,1.0
1785259684.0612316,0.0,0.0,0.75,0.0,0.0,0.0,1.0
1785259684.066346,0.0,0.0,0.75,0.0,0.0,0.0,1.0
1785259684.071307,0.0,0.0,0.75,0.0,0.0,0.0,1.0
1785259684.0762756,0.0,0.0,0.75,0.0,0.0,0.0,1.0
1785259684.0862863,0.0,0.0,0.75,0.0,0.0,0.0,1.0
1785259684.1112878,0.0,0.0,0.75,0.0,0.0,0.0,1.0
1785259684.1162717,0.0,0.0,0.75,0.0,0.0,0.0,1.0
1785259684.1212506,0.0,0.0,0.75,0.0,0.0,0.0,1.0
1785259684.1263156,0.0,0.0,0.75,0.0,0.0,0.0,1.0
1785259684.1312854,0.0,0.0,0.75,0.0,0.0,0.0,1.0
1785259684.1362798,0.0,0.0,0.75,0.0,0.0,0.0,1.0
1785259684.1412296,0.0,0.0,0.75,0.0,0.0,0.0,1.0
1785259684.151322,0.0,0.0,0.75,0.0,0.0,0.0,1.0
1785259684.2262661,0.0,0.0,0.75,0.0,0.0,0.0,1.0
1785259684.2412138,0.0,0.0,0.75,0.0,0.0,0.0,1.0
1785259684.246262,0.0,0.0,0.75,0.0,0.0,0.0,1.0
1785259684.2512894,0.0,0.0,0.75,0.0,0.0,0.0,1.0
1785259684.256314,0.0,0.0,0.75,0.0,0.0,0.0,1.0
1785259684.2662892,0.0,0.0,0.75,0.0,0.0,0.0,1.0
1785259684.2712848,0.0,0.0,0.75,0.0,0.0,0.0,1.0
1785259684.2762778,0.0,0.0,0.75,0.0,0.0,0.0,1.0
1785259684.2812548,0.0,0.0,0.75,0.0,0.0,0.0,1.0
1785259684.2862847,0.0,0.0,0.75,0.0,0.0,0.0,1.0
1785259684.3162618,0.0,0.0,0.75,0.0,0.0,0.0,1.0
1785259684.3262792,0.0,0.0,0.75,0.0,0.0,0.0,1.0
1785259684.331279,0.0,0.0,0.75,0.0,0.0,0.0,1.0
1785259684.346266,0.0,0.0,0.75,0.0,0.0,0.0,1.0
1785259684.3512905,0.0,0.0,0.75,0.0,0.0,0.0,1.0
1785259684.4212203,0.0,0.0,0.75,0.0,0.0,0.0,1.0
1785259684.4312713,0.0,0.0,0.75,0.0,0.0,0.0,1.0
1785259684.4362698,0.0,0.0,0.75,0.0,0.0,0.0,1.0
1785259684.531277,0.0,0.0,0.75,0.0,0.0,0.0,1.0
1785259684.5362756,0.0,0.0,0.75,0.0,0.0,0.0,1.0
1785259684.5412257,0.0,0.0,0.75,0.0,0.0,0.0,1.0
1785259684.5612216,0.0,0.0,0.75,0.0,0.0,0.0,1.0
1785259684.576264,0.0,0.0,0.75,0.0,0.0,0.0,1.0
1785259684.5812204,0.0,0.0,0.75,0.0,0.0,0.0,1.0
1785259684.586274,0.0,0.0,0.75,0.0,0.0,0.0,1.0
1785259684.5912805,0.0,0.0,0.75,0.0,0.0,0.0,1.0
1785259684.5962627,0.0,0.0,0.75,0.0,0.0,0.0,1.0
1785259684.6012487,0.0,0.0,0.75,0.0,0.0,0.0,1.0
1785259684.606274,0.0,0.0,0.75,0.0,0.0,0.0,1.0
1785259684.6112669,0.0,0.0,0.75,0.0,0.0,0.0,1.0
1785259684.6162658,0.0,0.0,0.75,0.0,0.0,0.0,1.0
1785259684.6212173,0.0,0.0,0.75,0.0,0.0,0.0,1.0
1785259684.6262774,0.0,0.0,0.75,0.0,0.0,0.0,1.0
1785259684.6362712,0.0,0.0,0.75,0.0,0.0,0.0,1.0
1785259684.646271,0.0,0.0,0.75,0.0,0.0,0.0,1.0
1785259684.7212152,0.0,0.0,0.75,0.0,0.0,0.0,1.0
1785259684.726267,0.0,0.0,0.75,0.0,0.0,0.0,1.0
1785259684.7312715,0.0,0.0,0.75,0.0,0.0,0.0,1.0
1785259684.7362733,0.0,0.0,0.75,0.0,0.0,0.0,1.0
1785259684.741221,0.0,0.0,0.75,0.0,0.0,0.0,1.0
1785259684.7462635,0.0,0.0,0.75,0.0,0.0,0.0,1.0
1785259684.751262,0.0,0.0,0.75,0.0,0.0,0.0,1.0
1785259684.7612276,0.0,0.0,0.75,0.0,0.0,0.0,1.0
1785259684.7762759,0.0,0.0,0.75,0.0,0.0,0.0,1.0
1785259684.7912607,0.0,0.0,0.75,0.0,0.0,0.0,1.0
1785259684.79626,0.0,0.0,0.75,0.0,0.0,0.0,1.0
1785259684.8012083,0.0,0.0,0.75,0.0,0.0,0.0,1.0
1785259684.8062754,0.0,0.0,0.75,0.0,0.0,0.0,1.0
1785259684.816262,0.0,0.0,0.75,0.0,0.0,0.0,1.0
1785259684.8263023,0.0,0.0,0.75,0.0,0.0,0.0,1.0
1785259684.831274,0.0,0.0,0.75,0.0,0.0,0.0,1.0
1785259684.841221,0.0,0.0,0.75,0.0,0.0,0.0,1.0
1785259685.0262797,0.0,0.0,0.75,0.0,0.0,0.0,1.0
1785259685.0462682,0.0,0.0,0.75,0.0,0.0,0.0,1.0
1785259685.056279,0.0,0.0,0.75,0.0,0.0,0.0,1.0
1785259685.101229,0.0,0.0,0.75,0.0,0.0,0.0,1.0
1785259685.1263766,0.0,0.0,0.75,0.0,0.0,0.0,1.0
1785259685.1312745,0.0,0.0,0.75,0.0,0.0,0.0,1.0
1785259685.1412213,0.0,0.0,0.75,0.0,0.0,0.0,1.0
1785259685.1462677,0.0,0.0,0.75,0.0,0.0,0.0,1.0
1785259685.1512647,0.0,0.0,0.75,0.0,0.0,0.0,1.0
1785259685.1562774,0.0,0.0,0.75,0.0,0.0,0.0,1.0
1785259685.1612248,0.0,0.0,0.75,0.0,0.0,0.0,1.0
1785259685.1812246,0.0,0.0,0.75,0.0,0.0,0.0,1.0
1785259685.1962752,0.0,0.0,0.75,0.0,0.0,0.0,1.0
1785259685.2062814,0.0,0.0,0.75,0.0,0.0,0.0,1.0
1785259685.2313194,0.0,0.0,0.75,0.0,0.0,0.0,1.0
1785259685.2363477,0.0,0.0,0.75,0.0,0.0,0.0,1.0
1785259685.2412515,0.0,0.0,0.75,0.0,0.0,0.0,1.0
1785259685.246306,0.0,0.0,0.75,0.0,0.0,0.0,1.0
1785259685.2562637,0.0,0.0,0.75,0.0,0.0,0.0,1.0
1785259685.261217,0.0,0.0,0.75,0.0,0.0,0.0,1.0
1785259685.2962773,0.0,0.0,0.75,0.0,0.0,0.0,1.0
1785259685.306279,0.0,0.0,0.75,0.0,0.0,0.0,1.0
1785259685.3162816,0.0,0.0,0.75,0.0,0.0,0.0,1.0
1785259685.321225,0.0,0.0,0.75,0.0,0.0,0.0,1.0
1785259685.3312962,0.0,0.0,0.75,0.0,0.0,0.0,1.0
1785259685.3362958,0.0,0.0,0.75,0.0,0.0,0.0,1.0
1785259685.3412504,0.0,0.0,0.75,0.0,0.0,0.0,1.0
1785259685.3612235,0.0,0.0,0.75,0.0,0.0,0.0,1.0
1785259685.3662703,0.0,0.0,0.75,0.0,0.0,0.0,1.0
1785259685.4162848,0.0,0.0,0.75,0.0,0.0,0.0,1.0
1785259685.4212384,0.0,0.0,0.75,0.0,0.0,0.0,1.0
1785259685.43137,0.0,0.0,0.75,0.0,0.0,0.0,1.0
1785259685.4362953,0.0,0.0,0.75,0.0,0.0,0.0,1.0
1785259685.4612215,0.0,0.0,0.75,0.0,0.0,0.0,1.0
1785259685.5212235,0.0,0.0,0.75,0.0,0.0,0.0,1.0
1785259685.6662984,0.0,0.0,0.75,0.0,0.0,0.0,1.0
1785259685.6763172,0.0,0.0,0.75,0.0,0.0,0.0,1.0
1785259685.686279,0.0,0.0,0.75,0.0,0.0,0.0,1.0
1785259685.6912968,0.0,0.0,0.75,0.0,0.0,0.0,1.0
1785259685.7412455,0.0,0.0,0.75,0.0,0.0,0.0,1.0
1785259685.746293,0.0,0.0,0.75,0.0,0.0,0.0,1.0
1785259685.7512984,0.0,0.0,0.75,0.0,0.0,0.0,1.0
1785259685.756272,0.0,0.0,0.75,0.0,0.0,0.0,1.0
1785259685.7612288,0.0,0.0,0.75,0.0,0.0,0.0,1.0
1785259685.9612246,0.0,0.0,0.75,0.0,0.0,0.0,1.0
1785259685.9662998,0.0,0.0,0.75,0.0,0.0,0.0,1.0
1785259685.9812214,0.0,0.0,0.75,0.0,0.0,0.0,1.0
1785259685.9862914,0.0,0.0,0.75,0.0,0.0,0.0,1.0
1785259685.9912784,0.0,0.0,0.75,0.0,0.0,0.0,1.0
1785259686.0112681,0.0,0.0,0.75,0.0,0.0,0.0,1.0
1785259686.0163088,0.0,0.0,0.75,0.0,0.0,0.0,1.0
1785259686.026277,0.0,0.0,0.75,0.0,0.0,0.0,1.0
1785259686.046277,0.0,0.0,0.75,0.0,0.0,0.0,1.0
1785259686.0562751,0.0,0.0,0.75,0.0,0.0,0.0,1.0
1785259686.0612495,0.0,0.0,0.75,0.0,0.0,0.0,1.0
1785259686.0662882,0.0,0.0,0.75,0.0,0.0,0.0,1.0
1785259686.081214,0.0,0.0,0.75,0.0,0.0,0.0,1.0
1785259686.111259,0.0,0.0,0.75,0.0,0.0,0.0,1.0
1785259686.1163015,0.0,0.0,0.75,0.0,0.0,0.0,1.0
1785259686.1262777,0.0,0.0,0.75,0.0,0.0,0.0,1.0
1785259686.1312656,0.0,0.0,0.75,0.0,0.0,0.0,1.0
1785259686.1363277,0.0,0.0,0.75,0.0,0.0,0.0,1.0
1785259686.141266,0.0,0.0,0.75,0.0,0.0,0.0,1.0
1785259686.1462815,0.0,0.0,0.75,0.0,0.0,0.0,1.0
1785259686.151268,0.0,0.0,0.75,0.0,0.0,0.0,1.0
1785259686.16626,0.0,0.0,0.75,0.0,0.0,0.0,1.0
1785259686.1712825,0.0,0.0,0.75,0.0,0.0,0.0,1.0
1785259686.1812086,0.0,0.0,0.75,0.0,0.0,0.0,1.0
1785259686.1962626,0.0,0.0,0.75,0.0,0.0,0.0,1.0
1785259686.2412233,0.0,0.0,0.75,0.0,0.0,0.0,1.0
1785259686.2513018,0.0,0.0,0.75,0.0,0.0,0.0,1.0
1785259686.2612226,0.0,0.0,0.75,0.0,0.0,0.0,1.0
1785259686.271294,0.0,0.0,0.75,0.0,0.0,0.0,1.0
1785259686.2812307,0.0,0.0,0.75,0.0,0.0,0.0,1.0
1785259686.291279,0.0,0.0,0.75,0.0,0.0,0.0,1.0
1785259686.3412158,0.0,0.0,0.75,0.0,0.0,0.0,1.0
1785259686.7462702,0.0,0.0,0.75,0.0,0.0,0.0,1.0
1785259686.756263,0.0,0.0,0.75,0.0,0.0,0.0,1.0
1785259686.7612176,0.0,0.0,0.75,0.0,0.0,0.0,1.0
1785259686.7662613,0.0,0.0,0.75,0.0,0.0,0.0,1.0
1785259686.7712605,0.0,0.0,0.75,0.0,0.0,0.0,1.0
1785259686.7912796,0.0,0.0,0.75,0.0,0.0,0.0,1.0
1785259686.796298,0.0,0.0,0.75,0.0,0.0,0.0,1.0
1785259686.8162975,0.0,0.0,0.75,0.0,0.0,0.0,1.0
1785259686.8362777,0.0,0.0,0.75,0.0,0.0,0.0,1.0
1785259686.8412359,0.0,0.0,0.75,0.0,0.0,0.0,1.0
1785259686.8512685,0.0,0.0,0.75,0.0,0.0,0.0,1.0
1785259686.8562639,0.0,0.0,0.75,0.0,0.0,0.0,1.0
1785259686.871265,0.0,0.0,0.75,0.0,0.0,0.0,1.0
1785259686.8762743,0.0,0.0,0.75,0.0,0.0,0.0,1.0
1785259686.886299,0.0,0.0,0.75,0.0,0.0,0.0,1.0
1785259686.9062755,0.0,0.0,0.75,0.0,0.0,0.0,1.0
1785259686.9112833,0.0,0.0,0.75,0.0,0.0,0.0,1.0
1785259686.9212277,0.0,0.0,0.75,0.0,0.0,0.0,1.0
1785259686.9312904,0.0,0.0,0.75,0.0,0.0,0.0,1.0
1785259686.9412143,0.0,0.0,0.75,0.0,0.0,0.0,1.0
1785259686.9462745,0.0,0.0,0.75,0.0,0.0,0.0,1.0
1785259686.9513204,0.0,0.0,0.75,0.0,0.0,0.0,1.0
1785259686.956324,0.0,0.0,0.75,0.0,0.0,0.0,1.0
1785259686.9612453,0.0,0.0,0.75,0.0,0.0,0.0,1.0
1785259686.9662786,0.0,0.0,0.75,0.0,0.0,0.0,1.0
1785259686.971269,0.0,0.0,0.75,0.0,0.0,0.0,1.0
1785259686.976284,0.0,0.0,0.75,0.0,0.0,0.0,1.0
1785259687.1912844,0.0,0.0,0.75,0.0,0.0,0.0,1.0
1785259687.2212372,0.0,0.0,0.75,0.0,0.0,0.0,1.0
1785259687.226285,0.0,0.0,0.75,0.0,0.0,0.0,1.0
1785259687.2312877,0.0,0.0,0.75,0.0,0.0,0.0,1.0
1785259687.2363245,0.0,0.0,0.75,0.0,0.0,0.0,1.0
1785259687.2412255,0.0,0.0,0.75,0.0,0.0,0.0,1.0
1785259687.2462993,0.0,0.0,0.75,0.0,0.0,0.0,1.0
1785259687.261241,0.0,0.0,0.75,0.0,0.0,0.0,1.0
1785259687.2662852,0.0,0.0,0.75,0.0,0.0,0.0,1.0
1785259687.2712975,0.0,0.0,0.75,0.0,0.0,0.0,1.0
1785259687.2762876,0.0,0.0,0.75,0.0,0.0,0.0,1.0
1785259687.2862663,0.0,0.0,0.75,0.0,0.0,0.0,1.0
1785259687.2913115,0.0,0.0,0.75,0.0,0.0,0.0,1.0
1785259687.2962835,0.0,0.0,0.75,0.0,0.0,0.0,1.0
1785259687.3212295,0.0,0.0,0.75,0.0,0.0,0.0,1.0
1785259687.3262873,0.0,0.0,0.75,0.0,0.0,0.0,1.0
1785259687.3312962,0.0,0.0,0.75,0.0,0.0,0.0,1.0
1785259687.3362873,0.0,0.0,0.75,0.0,0.0,0.0,1.0
1785259687.3412333,0.0,0.0,0.75,0.0,0.0,0.0,1.0
1785259687.3469555,0.0,0.0,0.75,0.0,0.0,0.0,1.0
1785259687.351302,0.0,0.0,0.75,0.0,0.0,0.0,1.0
1785259687.356297,0.0,0.0,0.75,0.0,0.0,0.0,1.0
1785259687.361228,0.0,0.0,0.75,0.0,0.0,0.0,1.0
1785259687.3662667,0.0,0.0,0.75,0.0,0.0,0.0,1.0
1785259687.3712635,0.0,0.0,0.75,0.0,0.0,0.0,1.0
1785259687.3762615,0.0,0.0,0.75,0.0,0.0,0.0,1.0
1785259687.3812213,0.0,0.0,0.75,0.0,0.0,0.0,1.0
1785259687.426278,0.0,0.0,0.75,0.0,0.0,0.0,1.0
1785259687.4312637,0.0,0.0,0.75,0.0,0.0,0.0,1.0
1785259687.4362607,0.0,0.0,0.75,0.0,0.0,0.0,1.0
1785259687.4463062,0.0,0.0,0.75,0.0,0.0,0.0,1.0
1785259687.4512851,0.0,0.0,0.75,0.0,0.0,0.0,1.0
1785259687.8512974,0.0,0.0,0.75,0.0,0.0,0.0,1.0
1785259688.2812343,0.0,0.0,0.75,0.0,0.0,0.0,1.0
1785259688.3912826,0.0,0.0,0.75,0.0,0.0,0.0,1.0
1785259688.3962796,0.0,0.0,0.75,0.0,0.0,0.0,1.0
1785259688.4012387,0.0,0.0,0.75,0.0,0.0,0.0,1.0
1785259688.406281,0.0,0.0,0.75,0.0,0.0,0.0,1.0
1785259688.4162762,0.0,0.0,0.75,0.0,0.0,0.0,1.0
1785259688.4362695,0.0,0.0,0.75,0.0,0.0,0.0,1.0
1785259688.4462938,0.0,0.0,0.75,0.0,0.0,0.0,1.0
1785259688.451265,0.0,0.0,0.75,0.0,0.0,0.0,1.0
1785259688.4812236,0.0,0.0,0.75,0.0,0.0,0.0,1.0
1785259688.496285,0.0,0.0,0.75,0.0,0.0,0.0,1.0
1785259688.5063245,0.0,0.0,0.75,0.0,0.0,0.0,1.0
1785259688.5663285,0.0,0.0,0.75,0.0,0.0,0.0,1.0
1785259688.5912619,0.0,0.0,0.75,0.0,0.0,0.0,1.0
1785259688.6012259,0.0,0.0,0.75,0.0,0.0,0.0,1.0
1785259688.691274,0.0,0.0,0.75,0.0,0.0,0.0,1.0
1785259688.6962965,0.0,0.0,0.75,0.0,0.0,0.0,1.0
1785259688.7012277,0.0,0.0,0.75,0.0,0.0,0.0,1.0
1785259688.711275,0.0,0.0,0.75,0.0,0.0,0.0,1.0
1785259688.716283,0.0,0.0,0.75,0.0,0.0,0.0,1.0
1785259688.7263396,0.0,0.0,0.75,0.0,0.0,0.0,1.0
1785259688.7312996,0.0,0.0,0.75,0.0,0.0,0.0,1.0
1785259688.7363262,0.0,0.0,0.75,0.0,0.0,0.0,1.0
1785259688.7512665,0.0,0.0,0.75,0.0,0.0,0.0,1.0
1785259688.756307,0.0,0.0,0.75,0.0,0.0,0.0,1.0
1785259688.7612507,0.0,0.0,0.75,0.0,0.0,0.0,1.0
1785259688.7663116,0.0,0.0,0.75,0.0,0.0,0.0,1.0
1785259688.7762508,0.0,0.0,0.75,0.0,0.0,0.0,1.0
1785259688.786267,0.0,0.0,0.75,0.0,0.0,0.0,1.0
1785259688.7912953,0.0,0.0,0.75,0.0,0.0,0.0,1.0
1785259688.836277,0.0,0.0,0.75,0.0,0.0,0.0,1.0
1785259688.8462973,0.0,0.0,0.75,0.0,0.0,0.0,1.0
1785259688.8712862,0.0,0.0,0.75,0.0,0.0,0.0,1.0
1785259688.8763096,0.0,0.0,0.75,0.0,0.0,0.0,1.0
1785259688.8862836,0.0,0.0,0.75,0.0,0.0,0.0,1.0
1785259688.891293,0.0,0.0,0.75,0.0,0.0,0.0,1.0
1785259688.896288,0.0,0.0,0.75,0.0,0.0,0.0,1.0
1785259688.91627,0.0,0.0,0.75,0.0,0.0,0.0,1.0
1785259688.921215,0.0,0.0,0.75,0.0,0.0,0.0,1.0
1785259688.9262722,0.0,0.0,0.75,0.0,0.0,0.0,1.0
1785259688.9312901,0.0,0.0,0.75,0.0,0.0,0.0,1.0
1785259688.936273,0.0,0.0,0.75,0.0,0.0,0.0,1.0
1785259688.961237,0.0,0.0,0.75,0.0,0.0,0.0,1.0
1785259688.9912744,0.0,0.0,0.75,0.0,0.0,0.0,1.0
1785259688.996271,0.0,0.0,0.75,0.0,0.0,0.0,1.0
1785259689.0012345,0.0,0.0,0.75,0.0,0.0,0.0,1.0
1785259689.0063097,0.0,0.0,0.75,0.0,0.0,0.0,1.0
1785259689.0162876,0.0,0.0,0.75,0.0,0.0,0.0,1.0
1785259689.0212307,0.0,0.0,0.75,0.0,0.0,0.0,1.0
1785259689.031264,0.0,0.0,0.75,0.0,0.0,0.0,1.0
1785259689.041235,0.0,0.0,0.75,0.0,0.0,0.0,1.0
1785259689.0562618,0.0,0.0,0.75,0.0,0.0,0.0,1.0
1785259689.0712938,0.0,0.0,0.75,0.0,0.0,0.0,1.0
1785259689.0763013,0.0,0.0,0.75,0.0,0.0,0.0,1.0
1785259689.0912597,0.0,0.0,0.75,0.0,0.0,0.0,1.0
1785259689.5862703,0.0,0.0,0.75,0.0,0.0,0.0,1.0
1785259689.7712886,0.0,0.0,0.75,0.0,0.0,0.0,1.0
1785259689.7812688,0.0,0.0,0.75,0.0,0.0,0.0,1.0
1785259689.7962666,0.0,0.0,0.75,0.0,0.0,0.0,1.0
1785259689.8012476,0.0,0.0,0.75,0.0,0.0,0.0,1.0
1785259689.8412125,0.0,0.0,0.75,0.0,0.0,0.0,1.0
1785259689.856285,0.0,0.0,0.75,0.0,0.0,0.0,1.0
1785259689.8762922,0.0,0.0,0.75,0.0,0.0,0.0,1.0
1785259689.8912625,0.0,0.0,0.75,0.0,0.0,0.0,1.0
1785259689.9012372,0.0,0.0,0.75,0.0,0.0,0.0,1.0
1785259689.9262846,0.0,0.0,0.75,0.0,0.0,0.0,1.0
1785259689.9412434,0.0,0.0,0.75,0.0,0.0,0.0,1.0
1785259689.9562747,0.0,0.0,0.75,0.0,0.0,0.0,1.0
1785259689.9662745,0.0,0.0,0.75,0.0,0.0,0.0,1.0
1785259689.9713151,0.0,0.0,0.75,0.0,0.0,0.0,1.0
1785259689.976282,0.0,0.0,0.75,0.0,0.0,0.0,1.0
1785259689.981254,0.0,0.0,0.75,0.0,0.0,0.0,1.0
1785259689.9912624,0.0,0.0,0.75,0.0,0.0,0.0,1.0
1785259689.9962656,0.0,0.0,0.75,0.0,0.0,0.0,1.0
1785259690.0112832,0.0,0.0,0.75,0.0,0.0,0.0,1.0
1785259690.0512836,0.0,0.0,0.75,0.0,0.0,0.0,1.0
1785259690.066259,0.0,0.0,0.75,0.0,0.0,0.0,1.0
1785259690.0762653,0.0,0.0,0.75,0.0,0.0,0.0,1.0
1785259690.0812886,0.0,0.0,0.75,0.0,0.0,0.0,1.0
1785259690.086298,0.0,0.0,0.75,0.0,0.0,0.0,1.0
1785259690.0962884,0.0,0.0,0.75,0.0,0.0,0.0,1.0
1785259690.1062725,0.0,0.0,0.75,0.0,0.0,0.0,1.0
1785259690.1112921,0.0,0.0,0.75,0.0,0.0,0.0,1.0
1785259690.116264,0.0,0.0,0.75,0.0,0.0,0.0,1.0
1785259690.121214,0.0,0.0,0.75,0.0,0.0,0.0,1.0
1785259690.1312754,0.0,0.0,0.75,0.0,0.0,0.0,1.0
1785259690.136281,0.0,0.0,0.75,0.0,0.0,0.0,1.0
1785259690.141225,0.0,0.0,0.75,0.0,0.0,0.0,1.0
1785259690.146281,0.0,0.0,0.75,0.0,0.0,0.0,1.0
1785259690.1512609,0.0,0.0,0.75,0.0,0.0,0.0,1.0
1785259690.156262,0.0,0.0,0.75,0.0,0.0,0.0,1.0
1785259690.166263,0.0,0.0,0.75,0.0,0.0,0.0,1.0
1785259690.1762977,0.0,0.0,0.75,0.0,0.0,0.0,1.0
1785259690.181271,0.0,0.0,0.75,0.0,0.0,0.0,1.0
1785259690.1962607,0.0,0.0,0.75,0.0,0.0,0.0,1.0
1785259690.2612174,0.0,0.0,0.75,0.0,0.0,0.0,1.0
1785259690.2862716,0.0,0.0,0.75,0.0,0.0,0.0,1.0
1785259690.2962658,0.0,0.0,0.75,0.0,0.0,0.0,1.0
1785259690.3012547,0.0,0.0,0.75,0.0,0.0,0.0,1.0
1785259690.3063052,0.0,0.0,0.75,0.0,0.0,0.0,1.0
1785259690.311299,0.0,0.0,0.75,0.0,0.0,0.0,1.0
1785259690.316278,0.0,0.0,0.75,0.0,0.0,0.0,1.0
1785259690.3212156,0.0,0.0,0.75,0.0,0.0,0.0,1.0
1785259690.3262606,0.0,0.0,0.75,0.0,0.0,0.0,1.0
1785259690.3312588,0.0,0.0,0.75,0.0,0.0,0.0,1.0
1785259690.336259,0.0,0.0,0.75,0.0,0.0,0.0,1.0
1785259690.3412073,0.0,0.0,0.75,0.0,0.0,0.0,1.0
1785259690.346264,0.0,0.0,0.75,0.0,0.0,0.0,1.0
1785259690.3612108,0.0,0.0,0.75,0.0,0.0,0.0,1.0
1785259690.3662584,0.0,0.0,0.75,0.0,0.0,0.0,1.0
1785259690.3712666,0.0,0.0,0.75,0.0,0.0,0.0,1.0
1785259690.3762746,0.0,0.0,0.75,0.0,0.0,0.0,1.0
1785259690.396259,0.0,0.0,0.75,0.0,0.0,0.0,1.0
1785259690.4012372,0.0,0.0,0.75,0.0,0.0,0.0,1.0
1785259690.4712665,0.0,0.0,0.75,0.0,0.0,0.0,1.0
1785259690.4762962,0.0,0.0,0.75,0.0,0.0,0.0,1.0
1785259690.481239,0.0,0.0,0.75,0.0,0.0,0.0,1.0
1785259690.5012093,0.0,0.0,0.75,0.0,0.0,0.0,1.0
1785259690.5062673,0.0,0.0,0.75,0.0,0.0,0.0,1.0
1785259690.5112638,0.0,0.0,0.75,0.0,0.0,0.0,1.0
1785259690.5162551,0.0,0.0,0.75,0.0,0.0,0.0,1.0
1785259690.5212092,0.0,0.0,0.75,0.0,0.0,0.0,1.0
1785259690.5462599,0.0,0.0,0.75,0.0,0.0,0.0,1.0
1785259690.551275,0.0,0.0,0.75,0.0,0.0,0.0,1.0
1785259690.5612152,0.0,0.0,0.75,0.0,0.0,0.0,1.0
1785259690.5712607,0.0,0.0,0.75,0.0,0.0,0.0,1.0
1785259690.5762765,0.0,0.0,0.75,0.0,0.0,0.0,1.0
1785259690.5812378,0.0,0.0,0.75,0.0,0.0,0.0,1.0
1785259690.5862947,0.0,0.0,0.75,0.0,0.0,0.0,1.0
1785259690.5912824,0.0,0.0,0.75,0.0,0.0,0.0,1.0
1785259690.5962627,0.0,0.0,0.75,0.0,0.0,0.0,1.0
1785259690.6012137,0.0,0.0,0.75,0.0,0.0,0.0,1.0
1785259690.611282,0.0,0.0,0.75,0.0,0.0,0.0,1.0
1785259690.6162858,0.0,0.0,0.75,0.0,0.0,0.0,1.0
1785259690.6212258,0.0,0.0,0.75,0.0,0.0,0.0,1.0
1785259690.631343,0.0,0.0,0.75,0.0,0.0,0.0,1.0
1785259690.636304,0.0,0.0,0.75,0.0,0.0,0.0,1.0
1785259690.6412535,0.0,0.0,0.75,0.0,0.0,0.0,1.0
1785259690.6462998,0.0,0.0,0.75,0.0,0.0,0.0,1.0
1785259690.6512766,0.0,0.0,0.75,0.0,0.0,0.0,1.0
1785259690.656282,0.0,0.0,0.75,0.0,0.0,0.0,1.0
1785259690.6612291,0.0,0.0,0.75,0.0,0.0,0.0,1.0
1785259690.6662772,0.0,0.0,0.75,0.0,0.0,0.0,1.0
1785259690.671262,0.0,0.0,0.75,0.0,0.0,0.0,1.0
1785259690.6762621,0.0,0.0,0.75,0.0,0.0,0.0,1.0
1785259690.6812894,0.0,0.0,0.75,0.0,0.0,0.0,1.0
1785259690.6862984,0.0,0.0,0.75,0.0,0.0,0.0,1.0
1785259690.6962812,0.0,0.0,0.75,0.0,0.0,0.0,1.0
1785259690.7012253,0.0,0.0,0.75,0.0,0.0,0.0,1.0
1785259690.8962636,0.0,0.0,0.75,0.0,0.0,0.0,1.0
1785259691.2112875,0.0,0.0,0.75,0.0,0.0,0.0,1.0
1785259691.2262838,0.0,0.0,0.75,0.0,0.0,0.0,1.0
1785259691.2312791,0.0,0.0,0.75,0.0,0.0,0.0,1.0
1785259691.2462776,0.0,0.0,0.75,0.0,0.0,0.0,1.0
1785259691.2512774,0.0,0.0,0.75,0.0,0.0,0.0,1.0
1785259691.2562675,0.0,0.0,0.75,0.0,0.0,0.0,1.0
1785259691.2612278,0.0,0.0,0.75,0.0,0.0,0.0,1.0
1785259691.2662785,0.0,0.0,0.75,0.0,0.0,0.0,1.0
1785259691.2712593,0.0,0.0,0.75,0.0,0.0,0.0,1.0
1785259691.2762764,0.0,0.0,0.75,0.0,0.0,0.0,1.0
1785259691.2812238,0.0,0.0,0.75,0.0,0.0,0.0,1.0
1785259691.291267,0.0,0.0,0.75,0.0,0.0,0.0,1.0
1785259691.296266,0.0,0.0,0.75,0.0,0.0,0.0,1.0
1785259691.3012125,0.0,0.0,0.75,0.0,0.0,0.0,1.0
1785259691.3112693,0.0,0.0,0.75,0.0,0.0,0.0,1.0
1785259691.336277,0.0,0.0,0.75,0.0,0.0,0.0,1.0
1785259691.3662791,0.0,0.0,0.75,0.0,0.0,0.0,1.0
1785259691.3712761,0.0,0.0,0.75,0.0,0.0,0.0,1.0
1785259691.376271,0.0,0.0,0.75,0.0,0.0,0.0,1.0
1785259691.3912652,0.0,0.0,0.75,0.0,0.0,0.0,1.0
1785259691.406264,0.0,0.0,0.75,0.0,0.0,0.0,1.0
1785259691.4112859,0.0,0.0,0.75,0.0,0.0,0.0,1.0
1785259691.4162924,0.0,0.0,0.75,0.0,0.0,0.0,1.0
1785259691.4212227,0.0,0.0,0.75,0.0,0.0,0.0,1.0
1785259691.426269,0.0,0.0,0.75,0.0,0.0,0.0,1.0
1785259691.431285,0.0,0.0,0.75,0.0,0.0,0.0,1.0
1785259691.4362628,0.0,0.0,0.75,0.0,0.0,0.0,1.0
1785259691.481229,0.0,0.0,0.75,0.0,0.0,0.0,1.0
1785259691.486274,0.0,0.0,0.75,0.0,0.0,0.0,1.0
1785259691.4912646,0.0,0.0,0.75,0.0,0.0,0.0,1.0
1785259691.5062652,0.0,0.0,0.75,0.0,0.0,0.0,1.0
1785259691.5112746,0.0,0.0,0.75,0.0,0.0,0.0,1.0
1785259691.5412555,0.0,0.0,0.75,0.0,0.0,0.0,1.0
1785259691.551302,0.0,0.0,0.75,0.0,0.0,0.0,1.0
1785259691.556267,0.0,0.0,0.75,0.0,0.0,0.0,1.0
1785259691.5713012,0.0,0.0,0.75,0.0,0.0,0.0,1.0
1785259691.5762982,0.0,0.0,0.75,0.0,0.0,0.0,1.0
1785259691.5812397,0.0,0.0,0.75,0.0,0.0,0.0,1.0
1785259691.591269,0.0,0.0,0.75,0.0,0.0,0.0,1.0
1785259691.596275,0.0,0.0,0.75,0.0,0.0,0.0,1.0
1785259691.6012332,0.0,0.0,0.75,0.0,0.0,0.0,1.0
1785259691.6062787,0.0,0.0,0.75,0.0,0.0,0.0,1.0
1785259691.6812203,0.0,0.0,0.75,0.0,0.0,0.0,1.0
1785259691.706264,0.0,0.0,0.75,0.0,0.0,0.0,1.0
1785259691.7262661,0.0,0.0,0.75,0.0,0.0,0.0,1.0
1785259691.7412338,0.0,0.0,0.75,0.0,0.0,0.0,1.0
1785259691.7612453,0.0,0.0,0.75,0.0,0.0,0.0,1.0
1785259691.7662754,0.0,0.0,0.75,0.0,0.0,0.0,1.0
1785259691.7762656,0.0,0.0,0.75,0.0,0.0,0.0,1.0
1785259691.7812269,0.0,0.0,0.75,0.0,0.0,0.0,1.0
1785259691.7913065,0.0,0.0,0.75,0.0,0.0,0.0,1.0
1785259691.7962754,0.0,0.0,0.75,0.0,0.0,0.0,1.0
1785259691.801232,0.0,0.0,0.75,0.0,0.0,0.0,1.0
1785259691.8113053,0.0,0.0,0.75,0.0,0.0,0.0,1.0
1785259691.8162837,0.0,0.0,0.75,0.0,0.0,0.0,1.0
1785259691.8212273,0.0,0.0,0.75,0.0,0.0,0.0,1.0
1785259691.8262713,0.0,0.0,0.75,0.0,0.0,0.0,1.0
1785259691.8362782,0.0,0.0,0.75,0.0,0.0,0.0,1.0
1785259691.8412268,0.0,0.0,0.75,0.0,0.0,0.0,1.0
1785259692.0312696,0.0,0.0,0.75,0.0,0.0,0.0,1.0
1785259692.0913699,0.0,0.0,0.75,0.0,0.0,0.0,1.0
1785259692.0963073,0.0,0.0,0.75,0.0,0.0,0.0,1.0
1785259692.1112804,0.0,0.0,0.75,0.0,0.0,0.0,1.0
1785259692.1163058,0.0,0.0,0.75,0.0,0.0,0.0,1.0
1785259692.1212475,0.0,0.0,0.75,0.0,0.0,0.0,1.0
1785259692.1312761,0.0,0.0,0.75,0.0,0.0,0.0,1.0
1785259692.1462884,0.0,0.0,0.75,0.0,0.0,0.0,1.0
1785259692.161238,0.0,0.0,0.75,0.0,0.0,0.0,1.0
1785259692.186293,0.0,0.0,0.75,0.0,0.0,0.0,1.0
1785259692.1912937,0.0,0.0,0.75,0.0,0.0,0.0,1.0
1785259692.211292,0.0,0.0,0.75,0.0,0.0,0.0,1.0
1785259692.2162745,0.0,0.0,0.75,0.0,0.0,0.0,1.0
1785259692.2612357,0.0,0.0,0.75,0.0,0.0,0.0,1.0
1785259692.2663124,0.0,0.0,0.75,0.0,0.0,0.0,1.0
1785259692.2713056,0.0,0.0,0.75,0.0,0.0,0.0,1.0
1785259692.2762744,0.0,0.0,0.75,0.0,0.0,0.0,1.0
1785259692.28123,0.0,0.0,0.75,0.0,0.0,0.0,1.0
1785259692.2862818,0.0,0.0,0.75,0.0,0.0,0.0,1.0
1785259692.2912843,0.0,0.0,0.75,0.0,0.0,0.0,1.0
1785259692.3012323,0.0,0.0,0.75,0.0,0.0,0.0,1.0
1785259692.3112757,0.0,0.0,0.75,0.0,0.0,0.0,1.0
1785259692.3212361,0.0,0.0,0.75,0.0,0.0,0.0,1.0
1785259692.3263264,0.0,0.0,0.75,0.0,0.0,0.0,1.0
1785259692.3412108,0.0,0.0,0.75,0.0,0.0,0.0,1.0
1785259692.3463042,0.0,0.0,0.75,0.0,0.0,0.0,1.0
1785259692.3512695,0.0,0.0,0.75,0.0,0.0,0.0,1.0
1785259692.356278,0.0,0.0,0.75,0.0,0.0,0.0,1.0
1785259692.3612463,0.0,0.0,0.75,0.0,0.0,0.0,1.0
1785259692.3662703,0.0,0.0,0.75,0.0,0.0,0.0,1.0
1785259692.3712773,0.0,0.0,0.75,0.0,0.0,0.0,1.0
1785259692.3812242,0.0,0.0,0.75,0.0,0.0,0.0,1.0
1785259692.3862932,0.0,0.0,0.75,0.0,0.0,0.0,1.0
1785259692.3963103,0.0,0.0,0.75,0.0,0.0,0.0,1.0
1785259692.4012437,0.0,0.0,0.75,0.0,0.0,0.0,1.0
1785259692.4062743,0.0,0.0,0.75,0.0,0.0,0.0,1.0
1785259692.4112694,0.0,0.0,0.75,0.0,0.0,0.0,1.0
1785259692.4162667,0.0,0.0,0.75,0.0,0.0,0.0,1.0
1785259692.421238,0.0,0.0,0.75,0.0,0.0,0.0,1.0
1785259692.4312656,0.0,0.0,0.75,0.0,0.0,0.0,1.0
1785259692.4363112,0.0,0.0,0.75,0.0,0.0,0.0,1.0
1785259692.4412181,0.0,0.0,0.75,0.0,0.0,0.0,1.0
1785259692.4512815,0.0,0.0,0.75,0.0,0.0,0.0,1.0
1785259692.4612303,0.0,0.0,0.75,0.0,0.0,0.0,1.0
1785259692.4662707,0.0,0.0,0.75,0.0,0.0,0.0,1.0
1785259692.471277,0.0,0.0,0.75,0.0,0.0,0.0,1.0
1785259692.4862783,0.0,0.0,0.75,0.0,0.0,0.0,1.0
1785259692.4912903,0.0,0.0,0.75,0.0,0.0,0.0,1.0
1785259692.496283,0.0,0.0,0.75,0.0,0.0,0.0,1.0
1785259692.501232,0.0,0.0,0.75,0.0,0.0,0.0,1.0
1785259692.5062835,0.0,0.0,0.75,0.0,0.0,0.0,1.0
1785259692.516272,0.0,0.0,0.75,0.0,0.0,0.0,1.0
1785259692.5212326,0.0,0.0,0.75,0.0,0.0,0.0,1.0
1785259692.5362685,0.0,0.0,0.75,0.0,0.0,0.0,1.0
1785259692.5462668,0.0,0.0,0.75,0.0,0.0,0.0,1.0
1785259692.5562847,0.0,0.0,0.75,0.0,0.0,0.0,1.0
1785259692.5612204,0.0,0.0,0.75,0.0,0.0,0.0,1.0
1785259692.5712676,0.0,0.0,0.75,0.0,0.0,0.0,1.0
1785259692.5762944,0.0,0.0,0.75,0.0,0.0,0.0,1.0
1785259692.581241,0.0,0.0,0.75,0.0,0.0,0.0,1.0
1785259692.586279,0.0,0.0,0.75,0.0,0.0,0.0,1.0
1785259692.5912971,0.0,0.0,0.75,0.0,0.0,0.0,1.0
1785259692.5963237,0.0,0.0,0.75,0.0,0.0,0.0,1.0
1785259692.6012316,0.0,0.0,0.75,0.0,0.0,0.0,1.0
1785259692.6062822,0.0,0.0,0.75,0.0,0.0,0.0,1.0
1785259692.6162634,0.0,0.0,0.75,0.0,0.0,0.0,1.0
1785259692.6262581,0.0,0.0,0.75,0.0,0.0,0.0,1.0
1785259692.6313035,0.0,0.0,0.75,0.0,0.0,0.0,1.0
1785259692.6362643,0.0,0.0,0.75,0.0,0.0,0.0,1.0
1785259692.6412346,0.0,0.0,0.75,0.0,0.0,0.0,1.0
1785259692.6462638,0.0,0.0,0.75,0.0,0.0,0.0,1.0
1785259692.6512797,0.0,0.0,0.75,0.0,0.0,0.0,1.0
1785259692.6562638,0.0,0.0,0.75,0.0,0.0,0.0,1.0
1785259692.661231,0.0,0.0,0.75,0.0,0.0,0.0,1.0
1785259692.6662729,0.0,0.0,0.75,0.0,0.0,0.0,1.0
1785259692.671283,0.0,0.0,0.75,0.0,0.0,0.0,1.0
1785259692.6762626,0.0,0.0,0.75,0.0,0.0,0.0,1.0
1785259692.681233,0.0,0.0,0.75,0.0,0.0,0.0,1.0
1785259692.6862671,0.0,0.0,0.75,0.0,0.0,0.0,1.0
1785259692.69129,0.0,0.0,0.75,0.0,0.0,0.0,1.0
1785259692.6962948,0.0,0.0,0.75,0.0,0.0,0.0,1.0
1785259692.701235,0.0,0.0,0.75,0.0,0.0,0.0,1.0
1785259692.706284,0.0,0.0,0.75,0.0,0.0,0.0,1.0
1785259692.716261,0.0,0.0,0.75,0.0,0.0,0.0,1.0
1785259692.7313015,0.0,0.0,0.75,0.0,0.0,0.0,1.0
1785259692.751277,0.0,0.0,0.75,0.0,0.0,0.0,1.0
1785259692.7562966,0.0,0.0,0.75,0.0,0.0,0.0,1.0
1785259692.7612371,0.0,0.0,0.75,0.0,0.0,0.0,1.0
1785259692.7662718,0.0,0.0,0.75,0.0,0.0,0.0,1.0
1785259692.7712696,0.0,0.0,0.75,0.0,0.0,0.0,1.0
1785259692.781239,0.0,0.0,0.75,0.0,0.0,0.0,1.0
1785259692.7862601,0.0,0.0,0.75,0.0,0.0,0.0,1.0
1785259692.7913022,0.0,0.0,0.75,0.0,0.0,0.0,1.0
1785259692.7962968,0.0,0.0,0.75,0.0,0.0,0.0,1.0
1785259692.8012369,0.0,0.0,0.75,0.0,0.0,0.0,1.0
1785259692.8062892,0.0,0.0,0.75,0.0,0.0,0.0,1.0
1785259692.8112843,0.0,0.0,0.75,0.0,0.0,0.0,1.0
1785259692.8162758,0.0,0.0,0.75,0.0,0.0,0.0,1.0
1785259692.8212974,0.0,0.0,0.75,0.0,0.0,0.0,1.0
1785259692.8662899,0.0,0.0,0.75,0.0,0.0,0.0,1.0
1785259692.876281,0.0,0.0,0.75,0.0,0.0,0.0,1.0
1785259692.8812408,0.0,0.0,0.75,0.0,0.0,0.0,1.0
1785259692.886285,0.0,0.0,0.75,0.0,0.0,0.0,1.0
1785259692.8913045,0.0,0.0,0.75,0.0,0.0,0.0,1.0
1785259692.8962715,0.0,0.0,0.75,0.0,0.0,0.0,1.0
1785259692.9012437,0.0,0.0,0.75,0.0,0.0,0.0,1.0
1785259692.9212508,0.0,0.0,0.75,0.0,0.0,0.0,1.0
1785259692.9312954,0.0,0.0,0.75,0.0,0.0,0.0,1.0
1785259692.9362724,0.0,0.0,0.75,0.0,0.0,0.0,1.0
1785259692.9412417,0.0,0.0,0.75,0.0,0.0,0.0,1.0
1785259692.9563005,0.0,0.0,0.75,0.0,0.0,0.0,1.0
1785259692.9663043,0.0,0.0,0.75,0.0,0.0,0.0,1.0
1785259692.9812458,0.0,0.0,0.75,0.0,0.0,0.0,1.0
1785259692.9912875,0.0,0.0,0.75,0.0,0.0,0.0,1.0
1785259692.9962935,0.0,0.0,0.75,0.0,0.0,0.0,1.0
1785259693.00124,0.0,0.0,0.75,0.0,0.0,0.0,1.0
1785259693.0062828,0.0,0.0,0.75,0.0,0.0,0.0,1.0
1785259693.0112765,0.0,0.0,0.75,0.0,0.0,0.0,1.0
1785259693.02125,0.0,0.0,0.75,0.0,0.0,0.0,1.0
1785259693.0312877,0.0,0.0,0.75,0.0,0.0,0.0,1.0
1785259693.041222,0.0,0.0,0.75,0.0,0.0,0.0,1.0
1785259693.0512855,0.0,0.0,0.75,0.0,0.0,0.0,1.0
1785259693.0563068,0.0,0.0,0.75,0.0,0.0,0.0,1.0
1785259693.0662773,0.0,0.0,0.75,0.0,0.0,0.0,1.0
1785259693.071277,0.0,0.0,0.75,0.0,0.0,0.0,1.0
1785259693.0812445,0.0,0.0,0.75,0.0,0.0,0.0,1.0
1785259693.0912652,0.0,0.0,0.75,0.0,0.0,0.0,1.0
1785259693.096289,0.0,0.0,0.75,0.0,0.0,0.0,1.0
1785259693.1012456,0.0,0.0,0.75,0.0,0.0,0.0,1.0
1785259693.1062853,0.0,0.0,0.75,0.0,0.0,0.0,1.0
1785259693.111281,0.0,0.0,0.75,0.0,0.0,0.0,1.0
1785259693.12124,0.0,0.0,0.75,0.0,0.0,0.0,1.0
1785259693.13634,0.0,0.0,0.75,0.0,0.0,0.0,1.0
1785259693.1463108,0.0,0.0,0.75,0.0,0.0,0.0,1.0
1785259693.1663218,0.0,0.0,0.75,0.0,0.0,0.0,1.0
1785259693.1762695,0.0,0.0,0.75,0.0,0.0,0.0,1.0
1785259693.1812184,0.0,0.0,0.75,0.0,0.0,0.0,1.0
1785259693.1912806,0.0,0.0,0.75,0.0,0.0,0.0,1.0
1785259693.1962872,0.0,0.0,0.75,0.0,0.0,0.0,1.0
1785259693.2112808,0.0,0.0,0.75,0.0,0.0,0.0,1.0
1785259693.2162626,0.0,0.0,0.75,0.0,0.0,0.0,1.0
1785259693.221236,0.0,0.0,0.75,0.0,0.0,0.0,1.0
1785259693.231277,0.0,0.0,0.75,0.0,0.0,0.0,1.0
1785259693.2462723,0.0,0.0,0.75,0.0,0.0,0.0,1.0
1785259693.271303,0.0,0.0,0.75,0.0,0.0,0.0,1.0
1785259693.2763069,0.0,0.0,0.75,0.0,0.0,0.0,1.0
1785259693.281221,0.0,0.0,0.75,0.0,0.0,0.0,1.0
1785259693.2912638,0.0,0.0,0.75,0.0,0.0,0.0,1.0
1785259693.2962902,0.0,0.0,0.75,0.0,0.0,0.0,1.0
1785259693.3012552,0.0,0.0,0.75,0.0,0.0,0.0,1.0
1785259693.3062968,0.0,0.0,0.75,0.0,0.0,0.0,1.0
1785259693.3112938,0.0,0.0,0.75,0.0,0.0,0.0,1.0
1785259693.3163004,0.0,0.0,0.75,0.0,0.0,0.0,1.0
1785259693.3212326,0.0,0.0,0.75,0.0,0.0,0.0,1.0
1785259693.3312793,0.0,0.0,0.75,0.0,0.0,0.0,1.0
1785259693.3362656,0.0,0.0,0.75,0.0,0.0,0.0,1.0
1785259693.5212245,0.0,0.0,0.75,0.0,0.0,0.0,1.0
1785259693.5612218,0.0,0.0,0.75,0.0,0.0,0.0,1.0
1785259693.5712767,0.0,0.0,0.75,0.0,0.0,0.0,1.0
1785259693.576272,0.0,0.0,0.75,0.0,0.0,0.0,1.0
1785259693.5862646,0.0,0.0,0.75,0.0,0.0,0.0,1.0
1785259693.5962753,0.0,0.0,0.75,0.0,0.0,0.0,1.0
1785259693.6012344,0.0,0.0,0.75,0.0,0.0,0.0,1.0
1785259693.6063037,0.0,0.0,0.75,0.0,0.0,0.0,1.0
1785259693.6112838,0.0,0.0,0.75,0.0,0.0,0.0,1.0
1785259693.6712952,0.0,0.0,0.75,0.0,0.0,0.0,1.0
1785259693.6862705,0.0,0.0,0.75,0.0,0.0,0.0,1.0
1785259693.6962914,0.0,0.0,0.75,0.0,0.0,0.0,1.0
1785259693.7262619,0.0,0.0,0.75,0.0,0.0,0.0,1.0
1785259693.826263,0.0,0.0,0.75,0.0,0.0,0.0,1.0
1785259693.8312786,0.0,0.0,0.75,0.0,0.0,0.0,1.0
1785259693.8712597,0.0,0.0,0.75,0.0,0.0,0.0,1.0
1785259693.8912666,0.0,0.0,0.75,0.0,0.0,0.0,1.0
1785259694.0312808,0.0,0.0,0.75,0.0,0.0,0.0,1.0
1785259694.0462818,0.0,0.0,0.75,0.0,0.0,0.0,1.0
1785259694.061208,0.0,0.0,0.75,0.0,0.0,0.0,1.0
1785259694.066261,0.0,0.0,0.75,0.0,0.0,0.0,1.0
1785259694.086306,0.0,0.0,0.75,0.0,0.0,0.0,1.0
1785259694.0962975,0.0,0.0,0.75,0.0,0.0,0.0,1.0
1785259694.1012561,0.0,0.0,0.75,0.0,0.0,0.0,1.0
1785259694.1062918,0.0,0.0,0.75,0.0,0.0,0.0,1.0
1785259694.111288,0.0,0.0,0.75,0.0,0.0,0.0,1.0
1785259694.1162953,0.0,0.0,0.75,0.0,0.0,0.0,1.0
1785259694.121242,0.0,0.0,0.75,0.0,0.0,0.0,1.0
1785259694.1262798,0.0,0.0,0.75,0.0,0.0,0.0,1.0
1785259694.1412287,0.0,0.0,0.75,0.0,0.0,0.0,1.0
1785259694.1462917,0.0,0.0,0.75,0.0,0.0,0.0,1.0
1785259694.1512892,0.0,0.0,0.75,0.0,0.0,0.0,1.0
1785259694.1562693,0.0,0.0,0.75,0.0,0.0,0.0,1.0
1785259694.1612172,0.0,0.0,0.75,0.0,0.0,0.0,1.0
1785259694.1662912,0.0,0.0,0.75,0.0,0.0,0.0,1.0
1785259694.1712973,0.0,0.0,0.75,0.0,0.0,0.0,1.0
1785259694.1762712,0.0,0.0,0.75,0.0,0.0,0.0,1.0
1785259694.1812155,0.0,0.0,0.75,0.0,0.0,0.0,1.0
1785259694.1912773,0.0,0.0,0.75,0.0,0.0,0.0,1.0
1785259694.196315,0.0,0.0,0.75,0.0,0.0,0.0,1.0
1785259694.201233,0.0,0.0,0.75,0.0,0.0,0.0,1.0
1785259694.2062757,0.0,0.0,0.75,0.0,0.0,0.0,1.0
1785259694.2112727,0.0,0.0,0.75,0.0,0.0,0.0,1.0
1785259694.21627,0.0,0.0,0.75,0.0,0.0,0.0,1.0
1785259694.2212265,0.0,0.0,0.75,0.0,0.0,0.0,1.0
1785259694.2762616,0.0,0.0,0.75,0.0,0.0,0.0,1.0
1785259694.291274,0.0,0.0,0.75,0.0,0.0,0.0,1.0
1785259694.3012202,0.0,0.0,0.75,0.0,0.0,0.0,1.0
1785259694.306264,0.0,0.0,0.75,0.0,0.0,0.0,1.0
1785259694.3112705,0.0,0.0,0.75,0.0,0.0,0.0,1.0
1785259694.3162658,0.0,0.0,0.75,0.0,0.0,0.0,1.0
1785259694.326265,0.0,0.0,0.75,0.0,0.0,0.0,1.0
1785259694.3412147,0.0,0.0,0.75,0.0,0.0,0.0,1.0
1785259694.3762598,0.0,0.0,0.75,0.0,0.0,0.0,1.0
1785259694.386286,0.0,0.0,0.75,0.0,0.0,0.0,1.0
1785259694.3912797,0.0,0.0,0.75,0.0,0.0,0.0,1.0
1785259694.3962603,0.0,0.0,0.75,0.0,0.0,0.0,1.0
1785259694.4012175,0.0,0.0,0.75,0.0,0.0,0.0,1.0
1785259694.4062707,0.0,0.0,0.75,0.0,0.0,0.0,1.0
1785259694.4112685,0.0,0.0,0.75,0.0,0.0,0.0,1.0
1785259694.4162698,0.0,0.0,0.75,0.0,0.0,0.0,1.0
1785259694.4212162,0.0,0.0,0.75,0.0,0.0,0.0,1.0
1785259694.4262626,0.0,0.0,0.75,0.0,0.0,0.0,1.0
1785259694.4362328,0.0,0.0,0.75,0.0,0.0,0.0,1.0
1785259694.4512835,0.0,0.0,0.75,0.0,0.0,0.0,1.0
1785259694.461222,0.0,0.0,0.75,0.0,0.0,0.0,1.0
1785259694.4662988,0.0,0.0,0.75,0.0,0.0,0.0,1.0
1785259694.4712982,0.0,0.0,0.75,0.0,0.0,0.0,1.0
1785259694.4762979,0.0,0.0,0.75,0.0,0.0,0.0,1.0
1785259694.4812198,0.0,0.0,0.75,0.0,0.0,0.0,1.0
1785259694.4862645,0.0,0.0,0.75,0.0,0.0,0.0,1.0
1785259694.4912612,0.0,0.0,0.75,0.0,0.0,0.0,1.0
1785259694.4962604,0.0,0.0,0.75,0.0,0.0,0.0,1.0
1785259694.5012164,0.0,0.0,0.75,0.0,0.0,0.0,1.0
1785259694.50629,0.0,0.0,0.75,0.0,0.0,0.0,1.0
1785259694.5112789,0.0,0.0,0.75,0.0,0.0,0.0,1.0
1785259694.5162659,0.0,0.0,0.75,0.0,0.0,0.0,1.0
1785259694.5312624,0.0,0.0,0.75,0.0,0.0,0.0,1.0
1785259694.7212389,0.0,0.0,0.75,0.0,0.0,0.0,1.0
1785259694.8162696,0.0,0.0,0.75,0.0,0.0,0.0,1.0
1785259694.8262668,0.0,0.0,0.75,0.0,0.0,0.0,1.0
1785259694.8362596,0.0,0.0,0.75,0.0,0.0,0.0,1.0
1785259694.8412273,0.0,0.0,0.75,0.0,0.0,0.0,1.0
1785259694.8962657,0.0,0.0,0.75,0.0,0.0,0.0,1.0
1785259694.9063005,0.0,0.0,0.75,0.0,0.0,0.0,1.0
1785259694.921222,0.0,0.0,0.75,0.0,0.0,0.0,1.0
1785259694.936292,0.0,0.0,0.75,0.0,0.0,0.0,1.0
1785259694.9412327,0.0,0.0,0.75,0.0,0.0,0.0,1.0
1785259694.9512675,0.0,0.0,0.75,0.0,0.0,0.0,1.0
1785259694.9562626,0.0,0.0,0.75,0.0,0.0,0.0,1.0
1785259694.9612093,0.0,0.0,0.75,0.0,0.0,0.0,1.0
1785259694.9662607,0.0,0.0,0.75,0.0,0.0,0.0,1.0
1785259694.9712586,0.0,0.0,0.75,0.0,0.0,0.0,1.0
1785259694.9863293,0.0,0.0,0.75,0.0,0.0,0.0,1.0
1785259694.996298,0.0,0.0,0.75,0.0,0.0,0.0,1.0
1785259695.0012562,0.0,0.0,0.75,0.0,0.0,0.0,1.0
1785259695.0113065,0.0,0.0,0.75,0.0,0.0,0.0,1.0
1785259695.0212526,0.0,0.0,0.75,0.0,0.0,0.0,1.0
1785259695.0312703,0.0,0.0,0.75,0.0,0.0,0.0,1.0
1785259695.0362732,0.0,0.0,0.75,0.0,0.0,0.0,1.0
1785259695.0412414,0.0,0.0,0.75,0.0,0.0,0.0,1.0
1785259695.0462751,0.0,0.0,0.75,0.0,0.0,0.0,1.0
1785259695.0513053,0.0,0.0,0.75,0.0,0.0,0.0,1.0
1785259695.056272,0.0,0.0,0.75,0.0,0.0,0.0,1.0
1785259695.0662954,0.0,0.0,0.75,0.0,0.0,0.0,1.0
1785259695.0712802,0.0,0.0,0.75,0.0,0.0,0.0,1.0
1785259695.0762947,0.0,0.0,0.75,0.0,0.0,0.0,1.0
1785259695.081219,0.0,0.0,0.75,0.0,0.0,0.0,1.0
1785259695.086289,0.0,0.0,0.75,0.0,0.0,0.0,1.0
1785259695.0912662,0.0,0.0,0.75,0.0,0.0,0.0,1.0
1785259695.0962849,0.0,0.0,0.75,0.0,0.0,0.0,1.0
1785259695.1062634,0.0,0.0,0.75,0.0,0.0,0.0,1.0
1785259695.1112812,0.0,0.0,0.75,0.0,0.0,0.0,1.0
1785259695.1162815,0.0,0.0,0.75,0.0,0.0,0.0,1.0
1785259695.1212363,0.0,0.0,0.75,0.0,0.0,0.0,1.0
1785259695.1262774,0.0,0.0,0.75,0.0,0.0,0.0,1.0
1785259695.131274,0.0,0.0,0.75,0.0,0.0,0.0,1.0
1785259695.1362627,0.0,0.0,0.75,0.0,0.0,0.0,1.0
1785259695.141253,0.0,0.0,0.75,0.0,0.0,0.0,1.0
1785259695.1612077,0.0,0.0,0.75,0.0,0.0,0.0,1.0
1785259695.1812134,0.0,0.0,0.75,0.0,0.0,0.0,1.0
1785259695.1862824,0.0,0.0,0.75,0.0,0.0,0.0,1.0
1785259695.1962836,0.0,0.0,0.75,0.0,0.0,0.0,1.0
1785259695.2063107,0.0,0.0,0.75,0.0,0.0,0.0,1.0
1785259695.2162855,0.0,0.0,0.75,0.0,0.0,0.0,1.0
1785259695.221235,0.0,0.0,0.75,0.0,0.0,0.0,1.0
1785259695.2262776,0.0,0.0,0.75,0.0,0.0,0.0,1.0
1785259695.2312777,0.0,0.0,0.75,0.0,0.0,0.0,1.0
1785259695.2362752,0.0,0.0,0.75,0.0,0.0,0.0,1.0
1785259695.2412505,0.0,0.0,0.75,0.0,0.0,0.0,1.0
1785259695.2612102,0.0,0.0,0.75,0.0,0.0,0.0,1.0
1785259695.2762594,0.0,0.0,0.75,0.0,0.0,0.0,1.0
1785259695.2862613,0.0,0.0,0.75,0.0,0.0,0.0,1.0
1785259695.291295,0.0,0.0,0.75,0.0,0.0,0.0,1.0
1785259695.306275,0.0,0.0,0.75,0.0,0.0,0.0,1.0
1785259695.3112884,0.0,0.0,0.75,0.0,0.0,0.0,1.0
1785259695.3163092,0.0,0.0,0.75,0.0,0.0,0.0,1.0
1785259695.3212662,0.0,0.0,0.75,0.0,0.0,0.0,1.0
1785259695.3262782,0.0,0.0,0.75,0.0,0.0,0.0,1.0
1785259695.3362622,0.0,0.0,0.75,0.0,0.0,0.0,1.0
1785259695.341224,0.0,0.0,0.75,0.0,0.0,0.0,1.0
1785259695.3612177,0.0,0.0,0.75,0.0,0.0,0.0,1.0
1785259695.3662887,0.0,0.0,0.75,0.0,0.0,0.0,1.0
1785259695.371298,0.0,0.0,0.75,0.0,0.0,0.0,1.0
1785259695.3763063,0.0,0.0,0.75,0.0,0.0,0.0,1.0
1785259695.3812706,0.0,0.0,0.75,0.0,0.0,0.0,1.0
1785259695.3863199,0.0,0.0,0.75,0.0,0.0,0.0,1.0
1785259695.3913283,0.0,0.0,0.75,0.0,0.0,0.0,1.0
1785259695.396273,0.0,0.0,0.75,0.0,0.0,0.0,1.0
1785259695.4012392,0.0,0.0,0.75,0.0,0.0,0.0,1.0
1785259695.4112723,0.0,0.0,0.75,0.0,0.0,0.0,1.0
1785259695.4163368,0.0,0.0,0.75,0.0,0.0,0.0,1.0
1785259695.4212484,0.0,0.0,0.75,0.0,0.0,0.0,1.0
1785259695.4262965,0.0,0.0,0.75,0.0,0.0,0.0,1.0
1785259695.4312792,0.0,0.0,0.75,0.0,0.0,0.0,1.0
1785259695.4362614,0.0,0.0,0.75,0.0,0.0,0.0,1.0
1785259695.441257,0.0,0.0,0.75,0.0,0.0,0.0,1.0
1785259695.451276,0.0,0.0,0.75,0.0,0.0,0.0,1.0
1785259695.4563155,0.0,0.0,0.75,0.0,0.0,0.0,1.0
1785259695.4612286,0.0,0.0,0.75,0.0,0.0,0.0,1.0
1785259695.466279,0.0,0.0,0.75,0.0,0.0,0.0,1.0
1785259695.4712653,0.0,0.0,0.75,0.0,0.0,0.0,1.0
1785259695.4812338,0.0,0.0,0.75,0.0,0.0,0.0,1.0
1785259695.4862776,0.0,0.0,0.75,0.0,0.0,0.0,1.0
1785259695.4912786,0.0,0.0,0.75,0.0,0.0,0.0,1.0
1785259695.4962687,0.0,0.0,0.75,0.0,0.0,0.0,1.0
1785259695.506273,0.0,0.0,0.75,0.0,0.0,0.0,1.0
1785259695.5112627,0.0,0.0,0.75,0.0,0.0,0.0,1.0
1785259695.516302,0.0,0.0,0.75,0.0,0.0,0.0,1.0
1785259695.521265,0.0,0.0,0.75,0.0,0.0,0.0,1.0
1785259695.5262809,0.0,0.0,0.75,0.0,0.0,0.0,1.0
1785259695.5312734,0.0,0.0,0.75,0.0,0.0,0.0,1.0
1785259695.536266,0.0,0.0,0.75,0.0,0.0,0.0,1.0
1785259695.541218,0.0,0.0,0.75,0.0,0.0,0.0,1.0
1785259695.546291,0.0,0.0,0.75,0.0,0.0,0.0,1.0
1785259695.5562983,0.0,0.0,0.75,0.0,0.0,0.0,1.0
1785259695.5662665,0.0,0.0,0.75,0.0,0.0,0.0,1.0
1785259695.5762691,0.0,0.0,0.75,0.0,0.0,0.0,1.0
1785259695.581219,0.0,0.0,0.75,0.0,0.0,0.0,1.0
1785259695.5862677,0.0,0.0,0.75,0.0,0.0,0.0,1.0
1785259695.5912807,0.0,0.0,0.75,0.0,0.0,0.0,1.0
1785259695.5962696,0.0,0.0,0.75,0.0,0.0,0.0,1.0
1785259695.6062715,0.0,0.0,0.75,0.0,0.0,0.0,1.0
1785259695.61134,0.0,0.0,0.75,0.0,0.0,0.0,1.0
1785259695.616332,0.0,0.0,0.75,0.0,0.0,0.0,1.0
1785259695.6212425,0.0,0.0,0.75,0.0,0.0,0.0,1.0
1785259695.6262743,0.0,0.0,0.75,0.0,0.0,0.0,1.0
1785259695.6312668,0.0,0.0,0.75,0.0,0.0,0.0,1.0
1785259695.6362615,0.0,0.0,0.75,0.0,0.0,0.0,1.0
1785259695.641233,0.0,0.0,0.75,0.0,0.0,0.0,1.0
1785259695.6512675,0.0,0.0,0.75,0.0,0.0,0.0,1.0
1785259695.6812112,0.0,0.0,0.75,0.0,0.0,0.0,1.0
1785259695.6862614,0.0,0.0,0.75,0.0,0.0,0.0,1.0
1785259695.691311,0.0,0.0,0.75,0.0,0.0,0.0,1.0
1785259695.6962733,0.0,0.0,0.75,0.0,0.0,0.0,1.0
1785259695.7012234,0.0,0.0,0.75,0.0,0.0,0.0,1.0
1785259695.7062624,0.0,0.0,0.75,0.0,0.0,0.0,1.0
1785259695.7112799,0.0,0.0,0.75,0.0,0.0,0.0,1.0
1785259695.7162807,0.0,0.0,0.75,0.0,0.0,0.0,1.0
1785259695.7212327,0.0,0.0,0.75,0.0,0.0,0.0,1.0
1785259695.7312717,0.0,0.0,0.75,0.0,0.0,0.0,1.0
1785259695.7362661,0.0,0.0,0.75,0.0,0.0,0.0,1.0
1785259695.7412183,0.0,0.0,0.75,0.0,0.0,0.0,1.0
1785259695.7462852,0.0,0.0,0.75,0.0,0.0,0.0,1.0
1785259695.751279,0.0,0.0,0.75,0.0,0.0,0.0,1.0
1785259695.761215,0.0,0.0,0.75,0.0,0.0,0.0,1.0
1785259695.7712777,0.0,0.0,0.75,0.0,0.0,0.0,1.0
1785259695.776276,0.0,0.0,0.75,0.0,0.0,0.0,1.0
1785259695.8012505,0.0,0.0,0.75,0.0,0.0,0.0,1.0
1785259695.811281,0.0,0.0,0.75,0.0,0.0,0.0,1.0
1785259695.8162825,0.0,0.0,0.75,0.0,0.0,0.0,1.0
1785259695.8212435,0.0,0.0,0.75,0.0,0.0,0.0,1.0
1785259695.826302,0.0,0.0,0.75,0.0,0.0,0.0,1.0
1785259695.8312848,0.0,0.0,0.75,0.0,0.0,0.0,1.0
1785259695.836269,0.0,0.0,0.75,0.0,0.0,0.0,1.0
1785259695.8412814,0.0,0.0,0.75,0.0,0.0,0.0,1.0
1785259695.8462877,0.0,0.0,0.75,0.0,0.0,0.0,1.0
1785259695.8512764,0.0,0.0,0.75,0.0,0.0,0.0,1.0
1785259695.856274,0.0,0.0,0.75,0.0,0.0,0.0,1.0
1785259695.8612576,0.0,0.0,0.75,0.0,0.0,0.0,1.0
1785259695.881234,0.0,0.0,0.75,0.0,0.0,0.0,1.0
1785259695.886271,0.0,0.0,0.75,0.0,0.0,0.0,1.0
1785259695.8912818,0.0,0.0,0.75,0.0,0.0,0.0,1.0
1785259695.8962705,0.0,0.0,0.75,0.0,0.0,0.0,1.0
1785259695.9012449,0.0,0.0,0.75,0.0,0.0,0.0,1.0
1785259695.9062665,0.0,0.0,0.75,0.0,0.0,0.0,1.0
1785259695.9112895,0.0,0.0,0.75,0.0,0.0,0.0,1.0
1785259695.921245,0.0,0.0,0.75,0.0,0.0,0.0,1.0
1785259695.9312801,0.0,0.0,0.75,0.0,0.0,0.0,1.0
1785259695.9362798,0.0,0.0,0.75,0.0,0.0,0.0,1.0
1785259696.1362975,0.0,0.0,0.75,0.0,0.0,0.0,1.0
1785259696.2162971,0.0,0.0,0.75,0.0,0.0,0.0,1.0
1785259696.2263181,0.0,0.0,0.75,0.0,0.0,0.0,1.0
1785259696.2313101,0.0,0.0,0.75,0.0,0.0,0.0,1.0
1785259696.236304,0.0,0.0,0.75,0.0,0.0,0.0,1.0
1785259696.2462842,0.0,0.0,0.75,0.0,0.0,0.0,1.0
1785259696.251288,0.0,0.0,0.75,0.0,0.0,0.0,1.0
1785259696.25629,0.0,0.0,0.75,0.0,0.0,0.0,1.0
1785259696.261224,0.0,0.0,0.75,0.0,0.0,0.0,1.0
1785259696.2762733,0.0,0.0,0.75,0.0,0.0,0.0,1.0
1785259696.29127,0.0,0.0,0.75,0.0,0.0,0.0,1.0
1785259696.3012283,0.0,0.0,0.75,0.0,0.0,0.0,1.0
1785259696.3062742,0.0,0.0,0.75,0.0,0.0,0.0,1.0
1785259696.3112662,0.0,0.0,0.75,0.0,0.0,0.0,1.0
1785259696.3162935,0.0,0.0,0.75,0.0,0.0,0.0,1.0
1785259696.3412526,0.0,0.0,0.75,0.0,0.0,0.0,1.0
1785259696.3962848,0.0,0.0,0.75,0.0,0.0,0.0,1.0
1785259696.4062836,0.0,0.0,0.75,0.0,0.0,0.0,1.0
1785259696.4112701,0.0,0.0,0.75,0.0,0.0,0.0,1.0
1785259696.4162726,0.0,0.0,0.75,0.0,0.0,0.0,1.0
1785259696.4212532,0.0,0.0,0.75,0.0,0.0,0.0,1.0
1785259696.4263031,0.0,0.0,0.75,0.0,0.0,0.0,1.0
1785259696.4313178,0.0,0.0,0.75,0.0,0.0,0.0,1.0
1785259696.4363093,0.0,0.0,0.75,0.0,0.0,0.0,1.0
1785259696.441256,0.0,0.0,0.75,0.0,0.0,0.0,1.0
1785259696.4462795,0.0,0.0,0.75,0.0,0.0,0.0,1.0
1785259696.456297,0.0,0.0,0.75,0.0,0.0,0.0,1.0
1785259696.461239,0.0,0.0,0.75,0.0,0.0,0.0,1.0
1785259696.471285,0.0,0.0,0.75,0.0,0.0,0.0,1.0
1785259696.4862642,0.0,0.0,0.75,0.0,0.0,0.0,1.0
1785259696.4963,0.0,0.0,0.75,0.0,0.0,0.0,1.0
1785259696.5212338,0.0,0.0,0.75,0.0,0.0,0.0,1.0
1785259696.5263343,0.0,0.0,0.75,0.0,0.0,0.0,1.0
1785259696.5312967,0.0,0.0,0.75,0.0,0.0,0.0,1.0
1785259696.54123,0.0,0.0,0.75,0.0,0.0,0.0,1.0
1785259696.5462809,0.0,0.0,0.75,0.0,0.0,0.0,1.0
1785259696.5562963,0.0,0.0,0.75,0.0,0.0,0.0,1.0
1785259696.561227,0.0,0.0,0.75,0.0,0.0,0.0,1.0
1785259696.5662766,0.0,0.0,0.75,0.0,0.0,0.0,1.0
1785259696.5762699,0.0,0.0,0.75,0.0,0.0,0.0,1.0
1785259696.581216,0.0,0.0,0.75,0.0,0.0,0.0,1.0
1785259696.5862708,0.0,0.0,0.75,0.0,0.0,0.0,1.0
1785259696.5962708,0.0,0.0,0.75,0.0,0.0,0.0,1.0
1785259696.60125,0.0,0.0,0.75,0.0,0.0,0.0,1.0
1785259696.6112893,0.0,0.0,0.75,0.0,0.0,0.0,1.0
1785259696.6162853,0.0,0.0,0.75,0.0,0.0,0.0,1.0
1785259696.621247,0.0,0.0,0.75,0.0,0.0,0.0,1.0
1785259696.6263132,0.0,0.0,0.75,0.0,0.0,0.0,1.0
1785259696.6313128,0.0,0.0,0.75,0.0,0.0,0.0,1.0
1785259696.6462662,0.0,0.0,0.75,0.0,0.0,0.0,1.0
1785259696.6513422,0.0,0.0,0.75,0.0,0.0,0.0,1.0
1785259696.6712785,0.0,0.0,0.75,0.0,0.0,0.0,1.0
1785259696.6762674,0.0,0.0,0.75,0.0,0.0,0.0,1.0
1785259696.6812313,0.0,0.0,0.75,0.0,0.0,0.0,1.0
1785259696.6862676,0.0,0.0,0.75,0.0,0.0,0.0,1.0
1785259696.6912863,0.0,0.0,0.75,0.0,0.0,0.0,1.0
1785259696.6962862,0.0,0.0,0.75,0.0,0.0,0.0,1.0
1785259696.7062669,0.0,0.0,0.75,0.0,0.0,0.0,1.0
1785259696.7112892,0.0,0.0,0.75,0.0,0.0,0.0,1.0
1785259696.7162945,0.0,0.0,0.75,0.0,0.0,0.0,1.0
1785259696.721224,0.0,0.0,0.75,0.0,0.0,0.0,1.0
1785259696.7262719,0.0,0.0,0.75,0.0,0.0,0.0,1.0
1785259696.7312815,0.0,0.0,0.75,0.0,0.0,0.0,1.0
1785259696.7512782,0.0,0.0,0.75,0.0,0.0,0.0,1.0
1785259696.75628,0.0,0.0,0.75,0.0,0.0,0.0,1.0
1785259696.7612338,0.0,0.0,0.75,0.0,0.0,0.0,1.0
1785259696.7662902,0.0,0.0,0.75,0.0,0.0,0.0,1.0
1785259696.7762825,0.0,0.0,0.75,0.0,0.0,0.0,1.0
1785259696.7862632,0.0,0.0,0.75,0.0,0.0,0.0,1.0
1785259696.7962716,0.0,0.0,0.75,0.0,0.0,0.0,1.0
1785259696.8012168,0.0,0.0,0.75,0.0,0.0,0.0,1.0
1785259696.8062782,0.0,0.0,0.75,0.0,0.0,0.0,1.0
1785259696.8112686,0.0,0.0,0.75,0.0,0.0,0.0,1.0
1785259696.8162684,0.0,0.0,0.75,0.0,0.0,0.0,1.0
1785259696.8212152,0.0,0.0,0.75,0.0,0.0,0.0,1.0
1785259696.826268,0.0,0.0,0.75,0.0,0.0,0.0,1.0
1785259696.8312764,0.0,0.0,0.75,0.0,0.0,0.0,1.0
1785259696.8362677,0.0,0.0,0.75,0.0,0.0,0.0,1.0
1785259696.8462844,0.0,0.0,0.75,0.0,0.0,0.0,1.0
1785259696.851279,0.0,0.0,0.75,0.0,0.0,0.0,1.0
1785259696.8562763,0.0,0.0,0.75,0.0,0.0,0.0,1.0
1785259696.8612237,0.0,0.0,0.75,0.0,0.0,0.0,1.0
1785259696.8962739,0.0,0.0,0.75,0.0,0.0,0.0,1.0
1785259696.926272,0.0,0.0,0.75,0.0,0.0,0.0,1.0
1785259696.9312656,0.0,0.0,0.75,0.0,0.0,0.0,1.0
1785259696.9362755,0.0,0.0,0.75,0.0,0.0,0.0,1.0
1785259696.94122,0.0,0.0,0.75,0.0,0.0,0.0,1.0
1785259696.9462647,0.0,0.0,0.75,0.0,0.0,0.0,1.0
1785259696.9512682,0.0,0.0,0.75,0.0,0.0,0.0,1.0
1785259696.9563167,0.0,0.0,0.75,0.0,0.0,0.0,1.0
1785259696.966277,0.0,0.0,0.75,0.0,0.0,0.0,1.0
1785259696.9712656,0.0,0.0,0.75,0.0,0.0,0.0,1.0
1785259696.9762726,0.0,0.0,0.75,0.0,0.0,0.0,1.0
1785259696.9812174,0.0,0.0,0.75,0.0,0.0,0.0,1.0
1785259696.991331,0.0,0.0,0.75,0.0,0.0,0.0,1.0
1785259697.0012388,0.0,0.0,0.75,0.0,0.0,0.0,1.0
1785259697.00629,0.0,0.0,0.75,0.0,0.0,0.0,1.0
1785259697.011269,0.0,0.0,0.75,0.0,0.0,0.0,1.0
1785259697.0162694,0.0,0.0,0.75,0.0,0.0,0.0,1.0
1785259697.0212493,0.0,0.0,0.75,0.0,0.0,0.0,1.0
1785259697.0262706,0.0,0.0,0.75,0.0,0.0,0.0,1.0
1785259697.03127,0.0,0.0,0.75,0.0,0.0,0.0,1.0
1785259697.0362673,0.0,0.0,0.75,0.0,0.0,0.0,1.0
1785259697.0412235,0.0,0.0,0.75,0.0,0.0,0.0,1.0
1785259697.0512786,0.0,0.0,0.75,0.0,0.0,0.0,1.0
1785259697.0562658,0.0,0.0,0.75,0.0,0.0,0.0,1.0
1785259697.2462687,0.0,0.0,0.75,0.0,0.0,0.0,1.0
1785259697.251278,0.0,0.0,0.75,0.0,0.0,0.0,1.0
1785259697.2562761,0.0,0.0,0.75,0.0,0.0,0.0,1.0
1785259697.2612183,0.0,0.0,0.75,0.0,0.0,0.0,1.0
1785259697.2812214,0.0,0.0,0.75,0.0,0.0,0.0,1.0
1785259697.2862992,0.0,0.0,0.75,0.0,0.0,0.0,1.0
1785259697.30124,0.0,0.0,0.75,0.0,0.0,0.0,1.0
1785259697.3063123,0.0,0.0,0.75,0.0,0.0,0.0,1.0
1785259697.3112924,0.0,0.0,0.75,0.0,0.0,0.0,1.0
1785259697.3162844,0.0,0.0,0.75,0.0,0.0,0.0,1.0
1785259697.3262813,0.0,0.0,0.75,0.0,0.0,0.0,1.0
1785259697.33127,0.0,0.0,0.75,0.0,0.0,0.0,1.0
1785259697.336279,0.0,0.0,0.75,0.0,0.0,0.0,1.0
1785259697.3412282,0.0,0.0,0.75,0.0,0.0,0.0,1.0
1785259697.346275,0.0,0.0,0.75,0.0,0.0,0.0,1.0
1785259697.3562894,0.0,0.0,0.75,0.0,0.0,0.0,1.0
1785259697.3612394,0.0,0.0,0.75,0.0,0.0,0.0,1.0
1785259697.3663218,0.0,0.0,0.75,0.0,0.0,0.0,1.0
1785259697.4062655,0.0,0.0,0.75,0.0,0.0,0.0,1.0
1785259697.4112642,0.0,0.0,0.75,0.0,0.0,0.0,1.0
1785259697.42626,0.0,0.0,0.75,0.0,0.0,0.0,1.0
1785259697.431266,0.0,0.0,0.75,0.0,0.0,0.0,1.0
1785259697.436278,0.0,0.0,0.75,0.0,0.0,0.0,1.0
1785259697.4462738,0.0,0.0,0.75,0.0,0.0,0.0,1.0
1785259697.4512763,0.0,0.0,0.75,0.0,0.0,0.0,1.0
1785259697.46123,0.0,0.0,0.75,0.0,0.0,0.0,1.0
1785259697.4712732,0.0,0.0,0.75,0.0,0.0,0.0,1.0
1785259697.476252,0.0,0.0,0.75,0.0,0.0,0.0,1.0
1785259697.481213,0.0,0.0,0.75,0.0,0.0,0.0,1.0
1785259697.486282,0.0,0.0,0.75,0.0,0.0,0.0,1.0
1785259697.5062845,0.0,0.0,0.75,0.0,0.0,0.0,1.0
1785259697.526276,0.0,0.0,0.75,0.0,0.0,0.0,1.0
1785259697.5312762,0.0,0.0,0.75,0.0,0.0,0.0,1.0
1785259697.5362983,0.0,0.0,0.75,0.0,0.0,0.0,1.0
1785259697.5462666,0.0,0.0,0.75,0.0,0.0,0.0,1.0
1785259697.5512652,0.0,0.0,0.75,0.0,0.0,0.0,1.0
1785259697.5562806,0.0,0.0,0.75,0.0,0.0,0.0,1.0
1785259697.5612261,0.0,0.0,0.75,0.0,0.0,0.0,1.0
1785259697.571262,0.0,0.0,0.75,0.0,0.0,0.0,1.0
1785259697.6112707,0.0,0.0,0.75,0.0,0.0,0.0,1.0
1785259697.6212099,0.0,0.0,0.75,0.0,0.0,0.0,1.0
1785259697.6412218,0.0,0.0,0.75,0.0,0.0,0.0,1.0
1785259697.6612122,0.0,0.0,0.75,0.0,0.0,0.0,1.0
1785259697.671332,0.0,0.0,0.75,0.0,0.0,0.0,1.0
1785259697.7062774,0.0,0.0,0.75,0.0,0.0,0.0,1.0
1785259697.7163181,0.0,0.0,0.75,0.0,0.0,0.0,1.0
1785259697.721225,0.0,0.0,0.75,0.0,0.0,0.0,1.0
1785259697.7262917,0.0,0.0,0.75,0.0,0.0,0.0,1.0
1785259697.7312896,0.0,0.0,0.75,0.0,0.0,0.0,1.0
1785259697.741247,0.0,0.0,0.75,0.0,0.0,0.0,1.0
1785259697.7462852,0.0,0.0,0.75,0.0,0.0,0.0,1.0
1785259697.7612307,0.0,0.0,0.75,0.0,0.0,0.0,1.0
1785259697.7762654,0.0,0.0,0.75,0.0,0.0,0.0,1.0
1785259697.7862668,0.0,0.0,0.75,0.0,0.0,0.0,1.0
1785259697.7962801,0.0,0.0,0.75,0.0,0.0,0.0,1.0
1785259697.8062646,0.0,0.0,0.75,0.0,0.0,0.0,1.0
1785259697.8162804,0.0,0.0,0.75,0.0,0.0,0.0,1.0
1785259697.8212287,0.0,0.0,0.75,0.0,0.0,0.0,1.0
1785259697.8262808,0.0,0.0,0.75,0.0,0.0,0.0,1.0
1785259697.8313172,0.0,0.0,0.75,0.0,0.0,0.0,1.0
1785259697.856277,0.0,0.0,0.75,0.0,0.0,0.0,1.0
1785259697.8612227,0.0,0.0,0.75,0.0,0.0,0.0,1.0
1785259697.866285,0.0,0.0,0.75,0.0,0.0,0.0,1.0
1785259697.8713067,0.0,0.0,0.75,0.0,0.0,0.0,1.0
1785259697.9312725,0.0,0.0,0.75,0.0,0.0,0.0,1.0
1785259697.9462771,0.0,0.0,0.75,0.0,0.0,0.0,1.0
1785259697.9612234,0.0,0.0,0.75,0.0,0.0,0.0,1.0
1785259697.9712772,0.0,0.0,0.75,0.0,0.0,0.0,1.0
1785259698.011263,0.0,0.0,0.75,0.0,0.0,0.0,1.0
1785259698.0162654,0.0,0.0,0.75,0.0,0.0,0.0,1.0
1785259698.031264,0.0,0.0,0.75,0.0,0.0,0.0,1.0
1785259698.0362697,0.0,0.0,0.75,0.0,0.0,0.0,1.0
1785259698.0412447,0.0,0.0,0.75,0.0,0.0,0.0,1.0
1785259698.0462818,0.0,0.0,0.75,0.0,0.0,0.0,1.0
1785259698.0512908,0.0,0.0,0.75,0.0,0.0,0.0,1.0
1785259698.0612464,0.0,0.0,0.75,0.0,0.0,0.0,1.0
1785259698.071285,0.0,0.0,0.75,0.0,0.0,0.0,1.0
1785259698.076277,0.0,0.0,0.75,0.0,0.0,0.0,1.0
1785259698.081237,0.0,0.0,0.75,0.0,0.0,0.0,1.0
1785259698.0862849,0.0,0.0,0.75,0.0,0.0,0.0,1.0
1785259698.096275,0.0,0.0,0.75,0.0,0.0,0.0,1.0
1785259698.1112752,0.0,0.0,0.75,0.0,0.0,0.0,1.0
1785259698.1162949,0.0,0.0,0.75,0.0,0.0,0.0,1.0
1785259698.12124,0.0,0.0,0.75,0.0,0.0,0.0,1.0
1785259698.1262674,0.0,0.0,0.75,0.0,0.0,0.0,1.0
1785259698.136278,0.0,0.0,0.75,0.0,0.0,0.0,1.0
1785259698.141271,0.0,0.0,0.75,0.0,0.0,0.0,1.0
1785259698.1462903,0.0,0.0,0.75,0.0,0.0,0.0,1.0
1785259698.1512756,0.0,0.0,0.75,0.0,0.0,0.0,1.0
1785259698.1612422,0.0,0.0,0.75,0.0,0.0,0.0,1.0
1785259698.1712909,0.0,0.0,0.75,0.0,0.0,0.0,1.0
1785259698.196261,0.0,0.0,0.75,0.0,0.0,0.0,1.0
1785259698.2112637,0.0,0.0,0.75,0.0,0.0,0.0,1.0
1785259698.2162743,0.0,0.0,0.75,0.0,0.0,0.0,1.0
1785259698.2362792,0.0,0.0,0.75,0.0,0.0,0.0,1.0
1785259698.2412534,0.0,0.0,0.75,0.0,0.0,0.0,1.0
1785259698.2463033,0.0,0.0,0.75,0.0,0.0,0.0,1.0
1785259698.2512863,0.0,0.0,0.75,0.0,0.0,0.0,1.0
1785259698.256292,0.0,0.0,0.75,0.0,0.0,0.0,1.0
1785259698.266307,0.0,0.0,0.75,0.0,0.0,0.0,1.0
1785259698.2762723,0.0,0.0,0.75,0.0,0.0,0.0,1.0
1785259698.2812154,0.0,0.0,0.75,0.0,0.0,0.0,1.0
1785259698.291271,0.0,0.0,0.75,0.0,0.0,0.0,1.0
1785259698.2962704,0.0,0.0,0.75,0.0,0.0,0.0,1.0
1785259698.3112702,0.0,0.0,0.75,0.0,0.0,0.0,1.0
1785259698.3212488,0.0,0.0,0.75,0.0,0.0,0.0,1.0
1785259698.3262742,0.0,0.0,0.75,0.0,0.0,0.0,1.0
1785259698.3362756,0.0,0.0,0.75,0.0,0.0,0.0,1.0
1785259698.3412476,0.0,0.0,0.75,0.0,0.0,0.0,1.0
1785259698.346278,0.0,0.0,0.75,0.0,0.0,0.0,1.0
1785259698.3512723,0.0,0.0,0.75,0.0,0.0,0.0,1.0
1785259698.3562827,0.0,0.0,0.75,0.0,0.0,0.0,1.0
1785259698.3612401,0.0,0.0,0.75,0.0,0.0,0.0,1.0
1785259698.3662834,0.0,0.0,0.75,0.0,0.0,0.0,1.0
1785259698.3762848,0.0,0.0,0.75,0.0,0.0,0.0,1.0
1785259698.3863094,0.0,0.0,0.75,0.0,0.0,0.0,1.0
1785259698.3912816,0.0,0.0,0.75,0.0,0.0,0.0,1.0
1785259698.396281,0.0,0.0,0.75,0.0,0.0,0.0,1.0
1785259698.401249,0.0,0.0,0.75,0.0,0.0,0.0,1.0
1785259698.4063032,0.0,0.0,0.75,0.0,0.0,0.0,1.0
1785259698.4112787,0.0,0.0,0.75,0.0,0.0,0.0,1.0
1785259698.4162893,0.0,0.0,0.75,0.0,0.0,0.0,1.0
1785259698.4212317,0.0,0.0,0.75,0.0,0.0,0.0,1.0
1785259698.4263031,0.0,0.0,0.75,0.0,0.0,0.0,1.0
1785259698.4312623,0.0,0.0,0.75,0.0,0.0,0.0,1.0
1785259698.4362721,0.0,0.0,0.75,0.0,0.0,0.0,1.0
1785259698.4412506,0.0,0.0,0.75,0.0,0.0,0.0,1.0
1785259698.446292,0.0,0.0,0.75,0.0,0.0,0.0,1.0
1785259698.4512928,0.0,0.0,0.75,0.0,0.0,0.0,1.0
1785259698.456283,0.0,0.0,0.75,0.0,0.0,0.0,1.0
1785259698.4712956,0.0,0.0,0.75,0.0,0.0,0.0,1.0
1785259698.661231,0.0,0.0,0.75,0.0,0.0,0.0,1.0
1785259698.6663034,0.0,0.0,0.75,0.0,0.0,0.0,1.0
1785259698.6712837,0.0,0.0,0.75,0.0,0.0,0.0,1.0
1785259698.6812308,0.0,0.0,0.75,0.0,0.0,0.0,1.0
1785259698.686275,0.0,0.0,0.75,0.0,0.0,0.0,1.0
1785259698.691275,0.0,0.0,0.75,0.0,0.0,0.0,1.0
1785259698.731279,0.0,0.0,0.75,0.0,0.0,0.0,1.0
1785259698.7412186,0.0,0.0,0.75,0.0,0.0,0.0,1.0
1785259698.746305,0.0,0.0,0.75,0.0,0.0,0.0,1.0
1785259698.7512963,0.0,0.0,0.75,0.0,0.0,0.0,1.0
1785259698.7562697,0.0,0.0,0.75,0.0,0.0,0.0,1.0
1785259698.7662613,0.0,0.0,0.75,0.0,0.0,0.0,1.0
1785259698.7712588,0.0,0.0,0.75,0.0,0.0,0.0,1.0
1785259698.8412461,0.0,0.0,0.75,0.0,0.0,0.0,1.0
1785259698.8512797,0.0,0.0,0.75,0.0,0.0,0.0,1.0
1785259698.856299,0.0,0.0,0.75,0.0,0.0,0.0,1.0
1785259698.866286,0.0,0.0,0.75,0.0,0.0,0.0,1.0
1785259698.9012315,0.0,0.0,0.75,0.0,0.0,0.0,1.0
1785259698.9162812,0.0,0.0,0.75,0.0,0.0,0.0,1.0
1785259698.9312716,0.0,0.0,0.75,0.0,0.0,0.0,1.0
1785259698.9412405,0.0,0.0,0.75,0.0,0.0,0.0,1.0
1785259698.9463058,0.0,0.0,0.75,0.0,0.0,0.0,1.0
1785259698.9512908,0.0,0.0,0.75,0.0,0.0,0.0,1.0
1785259698.9612467,0.0,0.0,0.75,0.0,0.0,0.0,1.0
1785259698.9812236,0.0,0.0,0.75,0.0,0.0,0.0,1.0
1785259698.9962776,0.0,0.0,0.75,0.0,0.0,0.0,1.0
1785259699.0112598,0.0,0.0,0.75,0.0,0.0,0.0,1.0
1785259699.0162725,0.0,0.0,0.75,0.0,0.0,0.0,1.0
1785259699.0212514,0.0,0.0,0.75,0.0,0.0,0.0,1.0
1785259699.0262895,0.0,0.0,0.75,0.0,0.0,0.0,1.0
1785259699.0362825,0.0,0.0,0.75,0.0,0.0,0.0,1.0
1785259699.041248,0.0,0.0,0.75,0.0,0.0,0.0,1.0
1785259699.0462923,0.0,0.0,0.75,0.0,0.0,0.0,1.0
1785259699.0513124,0.0,0.0,0.75,0.0,0.0,0.0,1.0
1785259699.0612476,0.0,0.0,0.75,0.0,0.0,0.0,1.0
1785259699.0662751,0.0,0.0,0.75,0.0,0.0,0.0,1.0
1785259699.0812197,0.0,0.0,0.75,0.0,0.0,0.0,1.0
1785259699.091262,0.0,0.0,0.75,0.0,0.0,0.0,1.0
1785259699.1212065,0.0,0.0,0.75,0.0,0.0,0.0,1.0
1785259699.126288,0.0,0.0,0.75,0.0,0.0,0.0,1.0
1785259699.1362765,0.0,0.0,0.75,0.0,0.0,0.0,1.0
1785259699.1412315,0.0,0.0,0.75,0.0,0.0,0.0,1.0
1785259699.1463273,0.0,0.0,0.75,0.0,0.0,0.0,1.0
1785259699.1512957,0.0,0.0,0.75,0.0,0.0,0.0,1.0
1785259699.1562908,0.0,0.0,0.75,0.0,0.0,0.0,1.0
1785259699.1612492,0.0,0.0,0.75,0.0,0.0,0.0,1.0
1785259699.1662788,0.0,0.0,0.75,0.0,0.0,0.0,1.0
1785259699.1712704,0.0,0.0,0.75,0.0,0.0,0.0,1.0
1785259699.17628,0.0,0.0,0.75,0.0,0.0,0.0,1.0
1785259699.1812522,0.0,0.0,0.75,0.0,0.0,0.0,1.0
1785259699.191266,0.0,0.0,0.75,0.0,0.0,0.0,1.0
1785259699.2062864,0.0,0.0,0.75,0.0,0.0,0.0,1.0
1785259699.211278,0.0,0.0,0.75,0.0,0.0,0.0,1.0
1785259699.216287,0.0,0.0,0.75,0.0,0.0,0.0,1.0
1785259699.2212646,0.0,0.0,0.75,0.0,0.0,0.0,1.0
1785259699.2262895,0.0,0.0,0.75,0.0,0.0,0.0,1.0
1785259699.2462912,0.0,0.0,0.75,0.0,0.0,0.0,1.0
1785259699.2513049,0.0,0.0,0.75,0.0,0.0,0.0,1.0
1785259699.2562757,0.0,0.0,0.75,0.0,0.0,0.0,1.0
1785259699.2612388,0.0,0.0,0.75,0.0,0.0,0.0,1.0
1785259699.2662816,0.0,0.0,0.75,0.0,0.0,0.0,1.0
1785259699.2713046,0.0,0.0,0.75,0.0,0.0,0.0,1.0
1785259699.2762911,0.0,0.0,0.75,0.0,0.0,0.0,1.0
1785259699.2863047,0.0,0.0,0.75,0.0,0.0,0.0,1.0
1785259699.2912858,0.0,0.0,0.75,0.0,0.0,0.0,1.0
1785259699.2963655,0.0,0.0,0.75,0.0,0.0,0.0,1.0
1785259699.3012435,0.0,0.0,0.75,0.0,0.0,0.0,1.0
1785259699.3112981,0.0,0.0,0.75,0.0,0.0,0.0,1.0
1785259699.316299,0.0,0.0,0.75,0.0,0.0,0.0,1.0
1785259699.3212426,0.0,0.0,0.75,0.0,0.0,0.0,1.0
1785259699.3312652,0.0,0.0,0.75,0.0,0.0,0.0,1.0
1785259699.3362763,0.0,0.0,0.75,0.0,0.0,0.0,1.0
1785259699.3462994,0.0,0.0,0.75,0.0,0.0,0.0,1.0
1785259699.3512704,0.0,0.0,0.75,0.0,0.0,0.0,1.0
1785259699.356266,0.0,0.0,0.75,0.0,0.0,0.0,1.0
1785259699.3612232,0.0,0.0,0.75,0.0,0.0,0.0,1.0
1785259699.3662755,0.0,0.0,0.75,0.0,0.0,0.0,1.0
1785259699.3712645,0.0,0.0,0.75,0.0,0.0,0.0,1.0
1785259699.381228,0.0,0.0,0.75,0.0,0.0,0.0,1.0
1785259699.4212155,0.0,0.0,0.75,0.0,0.0,0.0,1.0
1785259699.431262,0.0,0.0,0.75,0.0,0.0,0.0,1.0
1785259699.446278,0.0,0.0,0.75,0.0,0.0,0.0,1.0
1785259699.4512727,0.0,0.0,0.75,0.0,0.0,0.0,1.0
1785259699.4712663,0.0,0.0,0.75,0.0,0.0,0.0,1.0
1785259699.476245,0.0,0.0,0.75,0.0,0.0,0.0,1.0
1785259699.4812315,0.0,0.0,0.75,0.0,0.0,0.0,1.0
1785259699.4862697,0.0,0.0,0.75,0.0,0.0,0.0,1.0
1785259699.5412295,0.0,0.0,0.75,0.0,0.0,0.0,1.0
1785259699.5462766,0.0,0.0,0.75,0.0,0.0,0.0,1.0
1785259699.5512652,0.0,0.0,0.75,0.0,0.0,0.0,1.0
1785259699.5562694,0.0,0.0,0.75,0.0,0.0,0.0,1.0
1785259699.561216,0.0,0.0,0.75,0.0,0.0,0.0,1.0
1785259699.5712605,0.0,0.0,0.75,0.0,0.0,0.0,1.0
1785259699.5812287,0.0,0.0,0.75,0.0,0.0,0.0,1.0
1785259699.5862563,0.0,0.0,0.75,0.0,0.0,0.0,1.0
1785259699.5912673,0.0,0.0,0.75,0.0,0.0,0.0,1.0
1785259699.5962784,0.0,0.0,0.75,0.0,0.0,0.0,1.0
1785259699.6012237,0.0,0.0,0.75,0.0,0.0,0.0,1.0
1785259699.606276,0.0,0.0,0.75,0.0,0.0,0.0,1.0
1785259699.6212437,0.0,0.0,0.75,0.0,0.0,0.0,1.0
1785259699.6262758,0.0,0.0,0.75,0.0,0.0,0.0,1.0
1785259699.6462803,0.0,0.0,0.75,0.0,0.0,0.0,1.0
1785259699.6512613,0.0,0.0,0.75,0.0,0.0,0.0,1.0
1785259699.6562827,0.0,0.0,0.75,0.0,0.0,0.0,1.0
1785259699.6612148,0.0,0.0,0.75,0.0,0.0,0.0,1.0
1785259699.6662636,0.0,0.0,0.75,0.0,0.0,0.0,1.0
1785259699.6712596,0.0,0.0,0.75,0.0,0.0,0.0,1.0
1785259699.67626,0.0,0.0,0.75,0.0,0.0,0.0,1.0
1785259699.681236,0.0,0.0,0.75,0.0,0.0,0.0,1.0
1785259699.6862915,0.0,0.0,0.75,0.0,0.0,0.0,1.0
1785259699.7212443,0.0,0.0,0.75,0.0,0.0,0.0,1.0
1785259699.7312655,0.0,0.0,0.75,0.0,0.0,0.0,1.0
1785259699.7362776,0.0,0.0,0.75,0.0,0.0,0.0,1.0
1785259699.741229,0.0,0.0,0.75,0.0,0.0,0.0,1.0
1785259699.7462776,0.0,0.0,0.75,0.0,0.0,0.0,1.0
1785259699.7512732,0.0,0.0,0.75,0.0,0.0,0.0,1.0
1785259699.7562642,0.0,0.0,0.75,0.0,0.0,0.0,1.0
1785259699.761219,0.0,0.0,0.75,0.0,0.0,0.0,1.0
1785259699.7662666,0.0,0.0,0.75,0.0,0.0,0.0,1.0
1785259699.7712672,0.0,0.0,0.75,0.0,0.0,0.0,1.0
1785259699.776261,0.0,0.0,0.75,0.0,0.0,0.0,1.0
1785259699.7862601,0.0,0.0,0.75,0.0,0.0,0.0,1.0
1785259699.7912667,0.0,0.0,0.75,0.0,0.0,0.0,1.0
1785259699.7962809,0.0,0.0,0.75,0.0,0.0,0.0,1.0
1785259699.826278,0.0,0.0,0.75,0.0,0.0,0.0,1.0
1785259699.8412335,0.0,0.0,0.75,0.0,0.0,0.0,1.0
1785259699.8462777,0.0,0.0,0.75,0.0,0.0,0.0,1.0
1785259699.8512838,0.0,0.0,0.75,0.0,0.0,0.0,1.0
1785259699.856269,0.0,0.0,0.75,0.0,0.0,0.0,1.0
1785259699.861262,0.0,0.0,0.75,0.0,0.0,0.0,1.0
1785259699.866276,0.0,0.0,0.75,0.0,0.0,0.0,1.0
1785259699.871266,0.0,0.0,0.75,0.0,0.0,0.0,1.0
1785259699.8812432,0.0,0.0,0.75,0.0,0.0,0.0,1.0
1785259699.8862767,0.0,0.0,0.75,0.0,0.0,0.0,1.0
1785259700.0762622,0.0,0.0,0.75,0.0,0.0,0.0,1.0
1785259700.1162763,0.0,0.0,0.75,0.0,0.0,0.0,1.0
1785259700.156275,0.0,0.0,0.75,0.0,0.0,0.0,1.0
1785259700.1612265,0.0,0.0,0.75,0.0,0.0,0.0,1.0
1785259700.1812203,0.0,0.0,0.75,0.0,0.0,0.0,1.0
1785259700.1962652,0.0,0.0,0.75,0.0,0.0,0.0,1.0
1785259700.2112608,0.0,0.0,0.75,0.0,0.0,0.0,1.0
1785259700.2162788,0.0,0.0,0.75,0.0,0.0,0.0,1.0
1785259700.256267,0.0,0.0,0.75,0.0,0.0,0.0,1.0
1785259700.2662656,0.0,0.0,0.75,0.0,0.0,0.0,1.0
1785259700.2712889,0.0,0.0,0.75,0.0,0.0,0.0,1.0
1785259700.2812202,0.0,0.0,0.75,0.0,0.0,0.0,1.0
1785259700.2863228,0.0,0.0,0.75,0.0,0.0,0.0,1.0
1785259700.2962599,0.0,0.0,0.75,0.0,0.0,0.0,1.0
1785259700.3012452,0.0,0.0,0.75,0.0,0.0,0.0,1.0
1785259700.3312962,0.0,0.0,0.75,0.0,0.0,0.0,1.0
1785259700.3362818,0.0,0.0,0.75,0.0,0.0,0.0,1.0
1785259700.3412342,0.0,0.0,0.75,0.0,0.0,0.0,1.0
1785259700.3462777,0.0,0.0,0.75,0.0,0.0,0.0,1.0
1785259700.3562846,0.0,0.0,0.75,0.0,0.0,0.0,1.0
1785259700.361228,0.0,0.0,0.75,0.0,0.0,0.0,1.0
1785259700.366268,0.0,0.0,0.75,0.0,0.0,0.0,1.0
1785259700.371268,0.0,0.0,0.75,0.0,0.0,0.0,1.0
1785259700.3762777,0.0,0.0,0.75,0.0,0.0,0.0,1.0
1785259700.3912642,0.0,0.0,0.75,0.0,0.0,0.0,1.0
1785259700.3962579,0.0,0.0,0.75,0.0,0.0,0.0,1.0
1785259700.4062629,0.0,0.0,0.75,0.0,0.0,0.0,1.0
1785259700.4162884,0.0,0.0,0.75,0.0,0.0,0.0,1.0
1785259700.4212124,0.0,0.0,0.75,0.0,0.0,0.0,1.0
1785259700.4262617,0.0,0.0,0.75,0.0,0.0,0.0,1.0
1785259700.4312856,0.0,0.0,0.75,0.0,0.0,0.0,1.0
1785259700.4462905,0.0,0.0,0.75,0.0,0.0,0.0,1.0
1785259700.456284,0.0,0.0,0.75,0.0,0.0,0.0,1.0
1785259700.4612286,0.0,0.0,0.75,0.0,0.0,0.0,1.0
1785259700.48627,0.0,0.0,0.75,0.0,0.0,0.0,1.0
1785259700.491283,0.0,0.0,0.75,0.0,0.0,0.0,1.0
1785259700.5012388,0.00019999999494757503,0.0,0.75,0.0,0.0,0.0,1.0
1785259700.516279,0.0007999999797903001,0.0,0.75,0.0,0.0,0.0,1.0
1785259700.5462632,0.003587006824091077,-0.00026934375637210906,0.75,0.0,0.0,-0.004101955470030156,0.9999915869452712
1785259700.5562747,0.004780829418450594,-0.0003909438382834196,0.75,0.0,0.0,-0.005470698884659423,0.9999850356148903
1785259700.5612237,0.00557699054479599,-0.00046921989996917546,0.75,0.0,0.0,-0.006113991699485578,0.9999813093780796
1785259700.5712671,0.0071690077893435955,-0.0006288447184488177,0.75,0.0,0.0,-0.007400569472284577,0.9999726154107851
1785259700.5862606,0.00995523389428854,-0.0009061780292540789,0.75,0.0,0.0,-0.009247652689272799,0.9999572395456411
1785259700.5912654,0.010950242169201374,-0.0010059673804789782,0.75,0.0,0.0,-0.00984954740107947,0.9999514920314855
1785259700.6212401,0.01811198890209198,-0.001746259513311088,0.75,0.0,0.0,-0.013398313465253605,0.9999102385695862
1785259700.6262894,0.019502829760313034,-0.0019061352359130979,0.75,0.0,0.0,-0.014045906301230066,0.9999013513923146
1785259700.646277,0.02546238899230957,-0.0026015813928097486,0.75,0.0,0.0,-0.01659214725508042,0.999862340849712
1785259700.651259,0.0270512904971838,-0.0027897092513740063,0.75,0.0,0.0,-0.017217673784970675,0.99985176486789
1785259700.6562817,0.028639955446124077,-0.0029798250179737806,0.75,0.0,0.0,-0.017843193575944487,0.9998407975487954
1785259700.6612215,0.03042806126177311,-0.003186415880918503,0.75,0.0,0.0,-0.018429336766482292,0.9998301653512698
1785259700.671327,0.03400354087352753,-0.0036058861296623945,0.75,0.0,0.0,-0.019601603944905146,0.9998078701044452
1785259700.6763034,0.035790909081697464,-0.0038187650498002768,0.75,0.0,0.0,-0.020187727529909064,0.9997962070628085
1785259700.6812248,0.03777742385864258,-0.004050616640597582,0.75,0.0,0.0,-0.020747774627365115,0.9997847417559502
1785259700.6862621,0.0397636778652668,-0.004284693859517574,0.75,0.0,0.0,-0.021307815214497206,0.999772962732432
1785259700.6912928,0.04174967110157013,-0.004520996008068323,0.75,0.0,0.0,-0.02186784911557345,0.9997608699959498
1785259700.7012312,0.045920226722955704,-0.005017423070967197,0.75,0.0,0.0,-0.02296447212858997,0.9997362817362663
1785259700.70628,0.04810478165745735,-0.005277668591588736,0.75,0.0,0.0,-0.023501061486627273,0.9997238119145716
1785259700.711274,0.050289053469896317,-0.005540258716791868,0.75,0.0,0.0,-0.024037644074393343,0.9997110540888066
1785259700.716278,0.0524730421602726,-0.005805193446576595,0.75,0.0,0.0,-0.024574219737307515,0.9996980082626465
1785259700.721228,0.05484992265701294,-0.006137516815215349,0.75,0.0,0.0,-0.02523727212029629,0.9996814893234375
1785259700.7263074,0.057226359844207764,-0.0064729927107691765,0.75,0.0,0.0,-0.025900313401122914,0.999664530613007
1785259700.7313192,0.05960234999656677,-0.00681162066757679,0.75,0.0,0.0,-0.02656334328810802,0.9996471321388153
1785259700.7412436,0.06455180794000626,-0.007520729210227728,0.75,0.0,0.0,-0.027871154401826533,0.9996115239193222
1785259700.7462707,0.06712525337934494,-0.007891378365457058,0.75,0.0,0.0,-0.028515935717622263,0.9995933380180905
1785259700.7512834,0.06969822198152542,-0.008265347220003605,0.75,0.0,0.0,-0.029160705168687902,0.9995747362123879
1785259700.7563212,0.0722706988453865,-0.008642635308206081,0.75,0.0,0.0,-0.029805462486751862,0.9995557185099542
1785259700.7612581,0.07504208385944366,-0.009041912853717804,0.75,0.0,0.0,-0.03042193624062119,0.9995371457806717
1785259700.7662997,0.07781297713518143,-0.00944460928440094,0.75,0.0,0.0,-0.031038398422447308,0.9995181928426162
1785259700.7712915,0.0805833712220192,-0.00985072273761034,0.75,0.0,0.0,-0.031654846936025646,0.9994988597619593
1785259700.77628,0.08335325866937637,-0.010260253213346004,0.75,0.0,0.0,-0.03227128340865296,0.9994791464893894
1785259700.7812312,0.08632206171751022,-0.010691767558455467,0.75,0.0,0.0,-0.03286051651552262,0.9994599473987604
1785259700.7863028,0.08929035067558289,-0.011126781813800335,0.75,0.0,0.0,-0.03344973820125119,0.9994404009315752
1785259700.796453,0.09522538632154465,-0.01200730912387371,0.75,0.0,0.0,-0.03462814649011952,0.999400265894831
1785259700.8012543,0.09839151054620743,-0.012471690773963928,0.75,0.0,0.0,-0.03519206481113331,0.9993805674388155
1785259700.8063104,0.10155711323022842,-0.01293964497745037,0.75,0.0,0.0,-0.03575597192727864,0.9993605507881206
1785259700.811293,0.10472217947244644,-0.013411171734333038,0.75,0.0,0.0,-0.036319867659012066,0.999340215949119
1785259700.8162732,0.10788671672344208,-0.013886270113289356,0.75,0.0,0.0,-0.03688375182679376,0.9993195629282855
1785259700.8212218,0.11124146729707718,-0.014439134858548641,0.75,0.0,0.0,-0.0375449795312507,0.9992949387002809
1785259700.8263,0.11459548026323318,-0.014996439218521118,0.75,0.0,0.0,-0.03820619079744822,0.9992698769525423
1785259700.8312879,0.1179487556219101,-0.015558181330561638,0.75,0.0,0.0,-0.03886738533588922,0.9992443776960427
1785259700.8412247,0.12485181540250778,-0.016719140112400055,0.75,0.0,0.0,-0.04017016992432451,0.9991928529809703
1785259700.8463027,0.12840157747268677,-0.017318477854132652,0.75,0.0,0.0,-0.0408117604288267,0.9991668530384202
1785259700.856303,0.1354987621307373,-0.0185308288782835,0.75,0.0,0.0,-0.04209489069147485,0.9991136172516482
1785259700.8612437,0.13924463093280792,-0.019169937819242477,0.75,0.0,0.0,-0.04272074588431012,0.9990870521987002
1785259700.866273,0.14298969507217407,-0.019813740625977516,0.75,0.0,0.0,-0.04334658431350658,0.9990600951035689
1785259700.8712904,0.14673395454883575,-0.02046223357319832,0.75,0.0,0.0,-0.04397240573348495,0.9990327459768322
1785259700.8812208,0.15441827476024628,-0.02180054783821106,0.75,0.0,0.0,-0.04521019359413858,0.998977496440826
1785259700.8862813,0.15835832059383392,-0.022490505129098892,0.75,0.0,0.0,-0.045822160323088924,0.9989496131554009
1785259700.891283,0.16229751706123352,-0.023185288533568382,0.75,0.0,0.0,-0.046434109855864346,0.9989213549834108
1785259700.8963244,0.16623586416244507,-0.02388489805161953,0.75,0.0,0.0,-0.047046041962811966,0.9988927219354605
1785259700.9612377,0.21909168362617493,-0.03391014784574509,0.75,0.0,0.0,-0.05526783627924129,0.9984715650798529
1785259700.9862828,0.2392871081829071,-0.03797262907028198,0.75,0.0,0.0,-0.058417596679043934,0.9982922339667101
1785259700.9912941,0.2432064563035965,-0.038771845400333405,0.75,0.0,0.0,-0.05903910378401638,0.9982556707699587
1785259701.0012248,0.25104349851608276,-0.040378388017416,0.7498838305473328,0.00011787446459864546,-0.0006580208425827363,-0.06026965134559058,0.9981819083918835
1785259701.0062716,0.25496119260787964,-0.04118562117218971,0.7498838305473328,0.00011827602383328415,-0.0006579487334729243,-0.06087880711769918,0.9981449413578032
1785259701.0112896,0.2588779032230377,-0.04199763387441635,0.7498838305473328,0.00011867752145472185,-0.0006578764729394313,-0.06148794021685804,0.998107602577037
1785259701.0162756,0.262793630361557,-0.04281442612409592,0.7498838305473328,0.00011907898370596476,-0.0006578038873802817,-0.06209705041623026,0.9980698920635996
1785259701.021216,0.2668982744216919,-0.0437043234705925,0.7498838305473328,0.00011944818106213452,-0.0006577369491031061,-0.06275505458987325,0.9980287351763274
1785259701.02631,0.2710017263889313,-0.044599633663892746,0.7498838305473328,0.00011988178115073924,-0.0006576580699560138,-0.06341303516597696,0.9979871442484919
1785259701.0312805,0.27510401606559753,-0.04550035297870636,0.7498838305473328,0.00012031534998456207,-0.0006575788699716778,-0.06407098817915724,0.9979451195271174
1785259701.036297,0.2792051136493683,-0.04640648141503334,0.7498838305473328,0.00012074885614169213,-0.000657499405153679,-0.06472891334343271,0.9979026610304355
1785259701.0412357,0.2833063304424286,-0.047312039881944656,0.7498838305473328,0.00012118939815054423,-0.0006574183705920336,-0.06537605988734507,0.997860473166375
1785259701.0462887,0.2874063551425934,-0.04822291433811188,0.7498838305473328,0.00012161573740137634,-0.0006573396257083843,-0.06602317894465924,0.9978178656229153
1785259701.0512934,0.29150521755218506,-0.0491391085088253,0.7498838305473328,0.00012204199822255657,-0.0006572605865083686,-0.06667027023477169,0.9977748384185154
1785259701.0562975,0.2956028878688812,-0.050060614943504333,0.7498838305473328,0.00012246821762399855,-0.0006571813717977038,-0.06731733348547901,0.9977313915711908
1785259701.066321,0.3037983775138855,-0.05190277844667435,0.7498838305473328,0.00012332051855289385,-0.0006570219004194082,-0.06858138995283472,0.9976453007288759
1785259701.071314,0.30789437890052795,-0.05283164605498314,0.7498838305473328,0.00012373670482247927,-0.0006569436845149237,-0.06921337703634657,0.997601654746747
1785259701.0762994,0.3119891881942749,-0.05376570299267769,0.7498838305473328,0.00012415285529742909,-0.0006568651381073635,-0.06984533634435072,0.9975576084142727
1785259701.0812373,0.31588953733444214,-0.05465296283364296,0.7498838305473328,0.00012457797220951055,-0.0006567846607955243,-0.07046354061612921,0.9975141315079588
1785259701.086276,0.31978878378868103,-0.055545058101415634,0.7498838305473328,0.000124984976843022,-0.0006567073379219164,-0.07108171783654747,0.9974702714886461
1785259701.0912778,0.3236869275569916,-0.056441985070705414,0.7498838305473328,0.00012539194905285614,-0.0006566297671038424,-0.07169986775749475,0.9974260283739169
1785259701.10628,0.33537763357162476,-0.05914892628788948,0.7497908473014832,0.00015319172697873085,-0.0013949842433464228,-0.07352979664287115,0.9972920332364607
1785259701.1112783,0.3392728269100189,-0.06005861982703209,0.7497908473014832,0.00015403941378714655,-0.001394890842817882,-0.07413580460688578,0.9972471674698732
1785259701.1212287,0.3472476303577423,-0.06196684390306473,0.7497908473014832,0.00015566218616698194,-0.0013947107464851022,-0.07539947638710917,0.9971524204010975
1785259701.1312609,0.35540512204170227,-0.06397058814764023,0.7497908473014832,0.0001575018118811701,-0.0013945041943755696,-0.07671475970899214,0.9970520930192276
1785259701.136274,0.35948190093040466,-0.06498052924871445,0.7497908473014832,0.0001584215266015417,-0.0013943999975778033,-0.07737235145923425,0.9970012787258276
1785259701.1462717,0.3676343262195587,-0.06700483709573746,0.7497908473014832,0.00016026079089002975,-0.001394189797319183,-0.07866645854938752,0.9969000044390537
1785259701.1512768,0.37170857191085815,-0.06802492588758469,0.7497908473014832,0.00016116561311516617,-0.0013940854074660364,-0.07931346254716211,0.9968487373770916
1785259701.1562905,0.37578147649765015,-0.06905030459165573,0.7497908473014832,0.00016207039900187228,-0.0013939806581721502,-0.07996043313702537,0.9967970503987507
1785259701.1612542,0.3798551559448242,-0.07007268071174622,0.7497908473014832,0.0001629960689407819,-0.001393872626262042,-0.08059237628032162,0.9967461559679447
1785259701.166281,0.38392752408981323,-0.07110022008419037,0.7497908473014832,0.0001638797355924392,-0.0013937689627183648,-0.08122428708704563,0.9966948608971113
1785259701.1713862,0.3879985809326172,-0.07213292270898819,0.7497908473014832,0.0001647633349314341,-0.0013936648558147318,-0.08185616524859848,0.9966431652111539
1785259701.1762843,0.3920683264732361,-0.07317078113555908,0.7497908473014832,0.00016564688842787,-0.0013935600732209404,-0.08248801051110223,0.9965910689311593
1785259701.1812332,0.39594486355781555,-0.07415690273046494,0.7497908473014832,0.0001665495876428504,-0.0013934524302794654,-0.08310607189984665,0.996539718909857
1785259701.186262,0.3998201787471771,-0.0751478299498558,0.7497908473014832,0.00016741374293648308,-0.001393349029457352,-0.08372410137502874,0.9964879855773799
1785259701.1912823,0.4036942720413208,-0.07614356279373169,0.7497908473014832,0.00016827785125973858,-0.001393244879748211,-0.08434209864925403,0.9964358689583134
1785259701.2162747,0.42305275797843933,-0.08116833865642548,0.7497506141662598,0.00023008893329409317,-0.002435808980194659,-0.08738251662681402,0.9961718273880563
1785259701.2212307,0.42710697650909424,-0.08226529508829117,0.7497506141662598,0.0002314448215070678,-0.0024356804537445337,-0.08803948399513434,0.9961139810041281
1785259701.2312734,0.43521103262901306,-0.08447524905204773,0.7497506141662598,0.00023465731370817815,-0.0024353732359013954,-0.08935330244213287,0.9959969885676521
1785259701.2362695,0.439260870218277,-0.085588239133358,0.7497506141662598,0.000236263479155363,-0.002435217683488737,-0.09001015352300089,0.9959378425168752
1785259701.2612302,0.45853474736213684,-0.09092827141284943,0.7497506141662598,0.0002442519536771901,-0.002434429405557402,-0.09322624518583113,0.995641944226439
1785259701.2663295,0.4623871445655823,-0.09200488775968552,0.7497506141662598,0.000245795105896108,-0.0024342741595895553,-0.09385736710008616,0.9955826477671864
1785259701.27128,0.4662381708621979,-0.09308639168739319,0.7497506141662598,0.000247338194549989,-0.0024341176047349045,-0.09448845130681457,0.9955229512497155
1785259701.2762866,0.47008782625198364,-0.09417277574539185,0.7497506141662598,0.0002488810780760587,-0.0024339606621859335,-0.0951194975519473,0.9954628546958288
1785259701.2912598,0.48163464665412903,-0.09743937104940414,0.7497506141662598,0.0002534758577688152,-0.0024334862753021694,-0.09697129514286307,0.9952841713866715
1785259701.301227,0.489135205745697,-0.0995798110961914,0.7497506141662598,0.0002565234026278574,-0.0024331668200490357,-0.09819357747366765,0.9951643257462017
1785259701.3065536,0.49278828501701355,-0.10062628239393234,0.7497256994247437,0.00019088384700255315,-0.0037043234661359404,-0.09879740426682768,0.9951006554420272
1785259701.3262613,0.49279171228408813,-0.10061457008123398,0.7497256994247437,0.00019989246943465366,-0.0037038483751966208,-0.1000073645443049,0.994979783004216
1785259701.33628,0.4854928255081177,-0.09849659353494644,0.7497256994247437,0.00019989246943465366,-0.0037038483751966208,-0.1000073645443049,0.994979783004216
1785259701.341256,0.4820319414138794,-0.09750553220510483,0.7497256994247437,0.00019989246943465366,-0.0037038483751966208,-0.1000073645443049,0.994979783004216
1785259701.3612401,0.46837446093559265,-0.09361826628446579,0.7497256994247437,0.00019989246943465366,-0.0037038483751966208,-0.1000073645443049,0.994979783004216
1785259701.366312,0.46509963274002075,-0.09270418435335159,0.7497256994247437,0.00019989246943465366,-0.0037038483751966208,-0.1000073645443049,0.994979783004216
1785259701.5962734,0.5987998843193054,-0.1355176866054535,0.749636709690094,0.0002488966011952729,-0.004368438510494254,-0.1235747747590253,0.992325616840923
1785259701.6063528,0.6048570275306702,-0.13758434355258942,0.7496227025985718,0.00020336270519043752,-0.004362724329177691,-0.12475424712427353,0.9921780601809805
1785259701.611283,0.6078837513923645,-0.13862307369709015,0.7496227025985718,0.00020595514906796724,-0.004362603011247203,-0.12534379916350447,0.9921037532882847
1785259701.616279,0.6109092235565186,-0.1396653950214386,0.7496227025985718,0.00020854753104790976,-0.004362479708405595,-0.12593330696273503,0.9920290960834518
1785259701.621218,0.613923192024231,-0.14074060320854187,0.7496227025985718,0.00021082718057923897,-0.004362369553041842,-0.12659388266771263,0.9919450156913416
1785259701.6262743,0.6169357299804688,-0.1418198198080063,0.7496227025985718,0.00021373212468902463,-0.004362228602559387,-0.1272543997076079,0.9918604957529333
1785259701.64122,0.6259661316871643,-0.14507746696472168,0.7496227025985718,0.00022248985250269428,-0.004361790635768162,-0.12922572603643961,0.9916055854073584
1785259701.6462934,0.6289743781089783,-0.14616860449314117,0.7496227025985718,0.0002253509998975991,-0.004361643548575206,-0.12987613256984973,0.9915206076886052
1785259701.651276,0.6319811940193176,-0.14726369082927704,0.7496227025985718,0.00022821207573753288,-0.004361494999592363,-0.13052648324527297,0.991435203355337
1785259701.6562705,0.6349865198135376,-0.14836272597312927,0.7496227025985718,0.00023107297918186192,-0.004361344034623774,-0.1311767777852741,0.991349372448161
1785259701.6612628,0.6378066539764404,-0.1493859440088272,0.7496227025985718,0.00023405749774926398,-0.004361184971564608,-0.13179890669620697,0.9912668528082719
1785259701.6663022,0.6406254768371582,-0.15041270852088928,0.7496227025985718,0.00023679452339502277,-0.004361037262218456,-0.13242098471865785,0.9911839426102969
1785259701.671322,0.6434429883956909,-0.1514430046081543,0.7496227025985718,0.0002395315381168606,-0.004360888090138158,-0.133043010606357,0.9911006420180062
1785259701.676316,0.6462592482566833,-0.15247683227062225,0.7496227025985718,0.00024226832736470123,-0.004360736485437318,-0.13366498411722152,0.991016951068096
1785259701.681247,0.6490762829780579,-0.15350842475891113,0.7496227025985718,0.00024507089554619353,-0.004360580156923539,-0.13427191744688716,0.9909349007205709
1785259701.6862795,0.6518920660018921,-0.15454347431659698,0.7496227025985718,0.00024774176108449924,-0.004360428789413629,-0.134878800962612,0.9908524785939026
1785259701.6912928,0.654706597328186,-0.15558196604251862,0.7496227025985718,0.00025041227504616725,-0.0043602766038050985,-0.1354856339049017,0.9907696847840156
1785259701.6962886,0.6575198173522949,-0.15662391483783722,0.7496227025985718,0.00025308280606820065,-0.004360122239021871,-0.13609241604742178,0.9906865193276477
1785259701.7012565,0.66033536195755,-0.1576595902442932,0.7496227025985718,0.0002558645319000282,-0.004359959618501242,-0.13667386129395362,0.9906064712712447
1785259701.7063794,0.6631497144699097,-0.15869855880737305,0.7495819926261902,0.0002522589565929395,-0.005012849275991605,-0.13725388435474595,0.9905231844520798
1785259701.7112718,0.665962815284729,-0.15974083542823792,0.7495819926261902,0.00025520129558822017,-0.005012699775568723,-0.1378352277045842,0.990442455530297
1785259701.7162876,0.6687747240066528,-0.16078642010688782,0.7495819926261902,0.00025814351559848704,-0.005012549760957446,-0.13841652359489398,0.9903613854057131
1785259701.726293,0.6745505928993225,-0.1624111533164978,0.7495819926261902,0.0002640275088542269,-0.0050122431951085105,-0.13836528878182092,0.9903685448195287
1785259701.7513053,0.6884286403656006,-0.1662524789571762,0.7495819926261902,0.0002631291858231651,-0.005012290439245847,-0.1380888243524188,0.9904071305763863
1785259701.7712963,0.6992327570915222,-0.16920386254787445,0.7495819926261902,0.00026161292541824414,-0.005012369874721183,-0.1377907308674071,0.9904486469241816
1785259701.7762883,0.7019340395927429,-0.1699407696723938,0.7495819926261902,0.00026123663797155935,-0.005012389456044164,-0.13771639370585945,0.9904589858303133
1785259701.7812438,0.704634964466095,-0.17067910730838776,0.7495819926261902,0.0002608352247835265,-0.005012410451896061,-0.13764704435667802,0.9904686258970133
1785259701.7862666,0.7073359489440918,-0.17141707241535187,0.7495819926261902,0.0002604843972913831,-0.005012428681669,-0.1375776940994737,0.9904782611409811
1785259701.7912605,0.7100370526313782,-0.17215465009212494,0.7495819926261902,0.00026013334301925,-0.005012446953128937,-0.13750834316908642,0.990487891528755
1785259701.8012292,0.7152461409568787,-0.1735779047012329,0.7495819926261902,0.0002594040880755836,-0.005012484686824101,-0.13737504133733433,0.9905063885328298
1785259701.816261,0.7227702140808105,-0.17563410103321075,0.7495616674423218,0.00020495976357270723,-0.006070869092359668,-0.13718084993984597,0.9905273933363681
1785259701.8362675,0.7324617505073547,-0.1794067621231079,0.7495616674423218,0.0002125995168466957,-0.006070606598349585,-0.13992914252289948,0.9901428874711871
1785259701.856278,0.7421154379844666,-0.1832754909992218,0.7495616674423218,0.00022983035544437845,-0.006069978069177491,-0.1428016601239698,0.9897326853297741
1785259701.8612363,0.7443435192108154,-0.18416744470596313,0.7495616674423218,0.00023441304774239862,-0.006069802455217617,-0.1434903743292961,0.9896330709022998
1785259701.8662868,0.746570348739624,-0.1850624978542328,0.7495616674423218,0.00023863725017887196,-0.006069637990335559,-0.14417902111166153,0.9895329769230594
1785259701.8712783,0.7487959265708923,-0.18596065044403076,0.7495616674423218,0.00024286117403860496,-0.006069470488894655,-0.1448675981243886,0.9894324037346388
1785259701.8762798,0.7510202527046204,-0.18686190247535706,0.7495616674423218,0.00024708506419323804,-0.0060692999838946405,-0.14555610503286862,0.9893313513855391
1785259701.891287,0.7577023506164551,-0.1895432323217392,0.7495616674423218,0.0002594844214729154,-0.006068781994757585,-0.14748843526774882,0.9890451273906596
1785259701.9012709,0.7621564865112305,-0.19133226573467255,0.7495616674423218,0.0002676498517741571,-0.006068427817132137,-0.14873365789424664,0.9888586357800504
1785259701.9112723,0.7666114568710327,-0.19311931729316711,0.749552309513092,0.00031893792188914406,-0.007475844368961388,-0.14993107301625797,0.9886681361173558
1785259701.921224,0.7709686756134033,-0.19512015581130981,0.749552309513092,0.0003228849193471707,-0.007475674920168425,-0.1518131839776729,0.9883808816445097
1785259701.9312758,0.7752228379249573,-0.19734320044517517,0.749552309513092,0.00034226116156410883,-0.00747481209301895,-0.15437440501924946,0.9879840854570604
1785259701.9363189,0.777345597743988,-0.19846299290657043,0.749552309513092,0.00035194845272423086,-0.007474362188621252,-0.15565462815863512,0.9877831982651643
1785259701.9412258,0.7792919278144836,-0.199488565325737,0.749552309513092,0.000361803697208718,-0.007473891434670053,-0.15691230997028022,0.9875841923728316
1785259701.9512782,0.7831767201423645,-0.2015545815229416,0.749552309513092,0.00038083772186885525,-0.007472944916580669,-0.15942691372351778,0.9871813760588766
1785259701.9562776,0.7851151823997498,-0.20259499549865723,0.749552309513092,0.0003903540375467028,-0.0074724539451636145,-0.16068382929730166,0.9869775666438008
1785259701.9612284,0.7870620489120483,-0.20361950993537903,0.749552309513092,0.00040046213907866664,-0.007471918117144414,-0.16186224386471065,0.986784993846586
1785259701.9662864,0.7890064716339111,-0.2046486735343933,0.749552309513092,0.0004093846699299876,-0.007471435136652367,-0.16304043587566625,0.9865910126950598
1785259701.9712875,0.7909484505653381,-0.20568248629570007,0.749552309513092,0.00041830652088504843,-0.00747094029671525,-0.16421839568840585,0.9863956247815903
1785259701.976283,0.7928879261016846,-0.20672093331813812,0.749552309513092,0.0004272280512692484,-0.007470435525455362,-0.16539612161567177,0.9861988303702993
1785259701.981235,0.7948359847068787,-0.20774325728416443,0.749552309513092,0.0004367383800607449,-0.007469884804938142,-0.16649575562731586,0.9860137795379321
1785259701.986295,0.7967817187309265,-0.20876991748809814,0.749552309513092,0.00044506864603781663,-0.007469393228428209,-0.16759519069623297,0.9858275012060642
1785259701.9912643,0.7987251877784729,-0.20980091392993927,0.749552309513092,0.0004533987063288158,-0.007468891889363143,-0.16869441759734538,0.9856399969334901
1785259701.996276,0.800666332244873,-0.2108362466096878,0.749552309513092,0.000461727867643519,-0.0074683811249770795,-0.16979343496913107,0.9854512669493768
1785259702.001226,0.8026155233383179,-0.21185638010501862,0.749552309513092,0.0004706103023652006,-0.0074678265400596276,-0.17081915627895997,0.9852739852146991
1785259702.0113287,0.8065074682235718,-0.2139088362455368,0.749552309513092,0.00048615789058178483,-0.0074668302376864025,-0.17287005776721304,0.9849162163474959
1785259702.0262692,0.8123487830162048,-0.21698108315467834,0.7495256662368774,0.0007066722694652303,-0.009599099580676345,-0.17579636727994546,0.9843794975276142
1785259702.0662596,0.8265895843505859,-0.22510844469070435,0.7495256662368774,0.0007919978417276735,-0.009592431831961713,-0.18498637125834125,0.9826939505459668
1785259702.0962915,0.8369235992431641,-0.2312081903219223,0.7495256662368774,0.0008594606332779911,-0.009586619319585812,-0.1917428931109233,0.981397993170403
1785259702.1012435,0.8386515974998474,-0.23221513628959656,0.7495256662368774,0.0008709207682090698,-0.00958558399821098,-0.1927699351798394,0.9811967744378235
1785259702.1412187,0.8529025316238403,-0.2389453500509262,0.7495130896568298,0.0011809091667627104,-0.011874994251292108,-0.19552195228242952,0.9806267160039742
1785259702.146285,0.8545769453048706,-0.2396058887243271,0.7495130896568298,0.0011793347436420648,-0.011875151118824527,-0.1953919448736236,0.9806526285254991
1785259702.151292,0.8562515377998352,-0.24026598036289215,0.7495130896568298,0.0011777601082523397,-0.011875307608390872,-0.1952619340449364,0.9806785238106136
1785259702.1562712,0.8579263091087341,-0.2409256249666214,0.7495130896568298,0.001176185260332402,-0.011875463720086566,-0.1951319197986459,0.9807044018588685
1785259702.161251,0.8596011996269226,-0.24158501625061035,0.7495130896568298,0.0011746000339552237,-0.011875621490849739,-0.19500276435334638,0.9807300912195566
1785259702.1662984,0.8612762689590454,-0.24224397540092468,0.7495130896568298,0.0011730359134657009,-0.011875775521408553,-0.19487360534164808,0.9807557636250009
1785259702.1713562,0.8629515171051025,-0.2429024875164032,0.7495130896568298,0.0011714713973258926,-0.011875930079325579,-0.19474444295913107,0.9807814190104001
1785259702.1763158,0.8646268844604492,-0.2435605674982071,0.7495130896568298,0.0011699068953194237,-0.011876084296646787,-0.19461527721050567,0.9808070573848422
1785259702.1812534,0.8663017153739929,-0.24422003328800201,0.7495130896568298,0.0011682473516387102,-0.011876247727469157,-0.19449401509369468,0.9808311108599557
1785259702.1912656,0.8696519136428833,-0.24553771317005157,0.7495130896568298,0.0011653099876417355,-0.011876536106367923,-0.19425147823795447,0.9808791735708922
1785259702.1963136,0.8713272213935852,-0.2461959272623062,0.7495130896568298,0.0011638405200524887,-0.0118766818909267,-0.19413020536289158,0.9809031824131612
1785259702.2012444,0.8730019927024841,-0.24685558676719666,0.7495130896568298,0.001162275581789298,-0.011876834255646866,-0.19401695423449222,0.98092558912137
1785259702.2612228,0.8907288908958435,-0.25718051195144653,0.7495090961456299,0.0013859242323097263,-0.01345648944464803,-0.20547105980647878,0.9785696938327135
1785259702.2712746,0.8933892846107483,-0.2589588165283203,0.7495090961456299,0.0014205023672770032,-0.01345288031084373,-0.20798467591517664,0.9780385354211897
1785259702.276287,0.8947160243988037,-0.2598530948162079,0.7495090961456299,0.001437788215393631,-0.013451040932586976,-0.20924097221333007,0.9777705343331317
1785259702.2812274,0.8960506319999695,-0.26073557138442993,0.7495090961456299,0.0014562079930441228,-0.013449057512393475,-0.2104143497363946,0.9775186973840038
1785259702.2862775,0.8973831534385681,-0.26162126660346985,0.7495090961456299,0.001472352983886694,-0.013447298303024567,-0.21158744971773405,0.9772654467784
1785259702.291273,0.8987135291099548,-0.26251015067100525,0.7495090961456299,0.00148849574769878,-0.013445518190246553,-0.21276024614915767,0.9770107881080713
1785259702.296293,0.9000417590141296,-0.26340222358703613,0.7495090961456299,0.0015046361103735993,-0.01344372089437243,-0.21393273731402174,0.9767547216901586
1785259702.3012304,0.9013774394989014,-0.26428312063217163,0.7495090961456299,0.00152184742986132,-0.013441780500885224,-0.21502702967909412,0.9765144028762465
1785259702.306383,0.9027111530303955,-0.2651669979095459,0.7494910955429077,0.0016803296780310982,-0.014084230899818806,-0.21611288492609212,0.9762653491244352
1785259702.3112803,0.9040428400039673,-0.2660538852214813,0.7494910955429077,0.001696113829619508,-0.014082336700016126,-0.21720662377098646,0.9760225886632714
1785259702.3262746,0.9079881310462952,-0.26878735423088074,0.7494910955429077,0.0017434531925296921,-0.014076548043200623,-0.22078456827269685,0.9752194550862855
1785259702.3312716,0.9092923998832703,-0.2697141468524933,0.7494910955429077,0.0017613818255706733,-0.014074313433057067,-0.22202624991974068,0.9749375136807638
1785259702.3412132,0.9119019508361816,-0.2715662121772766,0.7494910955429077,0.0017981443349560232,-0.014069659668355921,-0.22444527524506444,0.9743834613610468
1785259702.3512604,0.9145105481147766,-0.2734196186065674,0.7494910955429077,0.0018321554354439888,-0.01406526526427158,-0.2267997376556853,0.9738381233648732
1785259702.3612158,0.9169583320617676,-0.2751540541648865,0.7494910955429077,0.0018831518342144783,-0.01405852463293731,-0.2279761202989005,0.9735634032757063
1785259702.366281,0.9181051850318909,-0.27595704793930054,0.7494910955429077,0.0018831518342144783,-0.01405852463293731,-0.2279761202989005,0.9735634032757063
1785259702.401233,0.9251832962036133,-0.28084173798561096,0.7494910955429077,0.0018831518342144783,-0.01405852463293731,-0.2279761202989005,0.9735634032757063
1785259702.4063945,0.9260082840919495,-0.28140687942504883,0.7494847774505615,0.002026010174357011,-0.015072569898832516,-0.22796287524933212,0.9735510466470032
1785259702.4162614,0.9276582598686218,-0.28253716230392456,0.7494847774505615,0.002026010174357011,-0.015072569898832516,-0.22796287524933212,0.9735510466470032
1785259702.421241,0.9283753037452698,-0.2828919589519501,0.7494847774505615,0.002026087660914054,-0.015072559483116399,-0.22795787031714837,0.9735522185686233
1785259702.4412153,0.9310645461082458,-0.28422170877456665,0.7494847774505615,0.002025909056079385,-0.015072583837750834,-0.22792941427847183,0.973558881124107
1785259702.4612083,0.9330376386642456,-0.28519487380981445,0.7494847774505615,0.002025071637849458,-0.01507269634452976,-0.2278758866161547,0.9735714114581776
1785259702.466268,0.9333963990211487,-0.2853717803955078,0.7494847774505615,0.0020248680004732473,-0.015072724494138705,-0.22786268945757535,0.9735745003023984
1785259702.471351,0.9337551593780518,-0.28554868698120117,0.7494847774505615,0.0020246630041617984,-0.015072752333738145,-0.22784949227825485,0.9735775889703638
1785259702.4763038,0.9341139197349548,-0.28572559356689453,0.7494847774505615,0.0020244586746661643,-0.015072779381076505,-0.22783629505804093,0.9735806774700437
1785259702.486298,0.9344726204872131,-0.2859025001525879,0.7494847774505615,0.002024050344880483,-0.015072834068362208,-0.227811496038455,0.9735864805789316
1785259702.491282,0.9346519708633423,-0.28599095344543457,0.7494847774505615,0.0020238582442401766,-0.015072859942248934,-0.22779909633700743,0.9735893819259799
1785259702.4962695,0.9348313212394714,-0.28607940673828125,0.7494847774505615,0.0020236656912244856,-0.01507288571740433,-0.22778669660569095,0.9735922831158776
1785259702.566291,0.9348313212394714,-0.28607940673828125,0.749485969543457,0.0022604632675977455,-0.016505621075548524,-0.22772743003381926,0.9735823911662115
1785259702.5762694,0.9348313212394714,-0.28607940673828125,0.749485969543457,0.0022604994921594365,-0.016505616088826232,-0.22772954725111835,0.9735818959329384
1785259702.5862675,0.9348313212394714,-0.28607940673828125,0.749485969543457,0.0022605352438664107,-0.016505611035897857,-0.22773151942981493,0.9735814346231808
1785259702.5912676,0.9348313212394714,-0.28607940673828125,0.749485969543457,0.002260551653523514,-0.016505608644714162,-0.2277325055375178,0.9735812039635388
1785259702.596262,0.9348313212394714,-0.28607940673828125,0.749485969543457,0.0022605685165467617,-0.016505606359627337,-0.22773349163730155,0.9735809733018442
1785259702.601223,0.9348313212394714,-0.28607940673828125,0.749485969543457,0.0022605863633876322,-0.0165056039398502,-0.22773441970691738,0.9735807562131802
1785259702.786281,0.9348313212394714,-0.28607940673828125,0.7494696974754333,0.0026105271123734366,-0.01853441639720831,-0.22770285866299142,0.9735507530240589
1785259702.8012514,0.9348313212394714,-0.28607940673828125,0.7494696974754333,0.0026105271123734366,-0.01853441639720831,-0.22770285866299142,0.9735507530240589
1785259702.8064642,0.9348313212394714,-0.28607940673828125,0.7494739294052124,0.002765302995863225,-0.019354888332501704,-0.22768819834429405,0.9735377885483989
1785259702.8462772,0.9348313212394714,-0.28607940673828125,0.7494739294052124,0.002765302995863225,-0.019354888332501704,-0.22768819834429405,0.9735377885483989
1785259702.8513067,0.9348313212394714,-0.28607940673828125,0.7494739294052124,0.002765302995863225,-0.019354888332501704,-0.22768819834429405,0.9735377885483989
1785259702.8612287,0.9348313212394714,-0.28607940673828125,0.7494739294052124,0.002765302995863225,-0.019354888332501704,-0.22768819834429405,0.9735377885483989
1785259702.8662748,0.9348313212394714,-0.28607940673828125,0.7494739294052124,0.002765302995863225,-0.019354888332501704,-0.22768819834429405,0.9735377885483989
1785259702.8713698,0.9348313212394714,-0.28607940673828125,0.7494739294052124,0.002765302995863225,-0.019354888332501704,-0.22768819834429405,0.9735377885483989
1785259702.876293,0.9348313212394714,-0.28607940673828125,0.7494739294052124,0.002765302995863225,-0.019354888332501704,-0.22768819834429405,0.9735377885483989
1785259703.5012207,0.9348313212394714,-0.28607940673828125,0.7494645714759827,0.003198941081782783,-0.02146670941148393,-0.22764678286746617,0.9735018692396492
1785259703.5112834,0.9348313212394714,-0.28607940673828125,0.7494645714759827,0.003198941081782783,-0.02146670941148393,-0.22764678286746617,0.9735018692396492
1785259703.5163598,0.9348313212394714,-0.28607940673828125,0.749455451965332,0.003172669655728184,-0.021646877840413862,-0.2276441948120117,0.9734985708337783
1785259703.5262718,0.9348313212394714,-0.28607940673828125,0.749455451965332,0.003172669655728184,-0.021646877840413862,-0.2276441948120117,0.9734985708337783
1785259703.5312743,0.9348313212394714,-0.28607940673828125,0.749455451965332,0.003172669655728184,-0.021646877840413862,-0.2276441948120117,0.9734985708337783
1785259703.5362713,0.9348313212394714,-0.28607940673828125,0.749455451965332,0.003172669655728184,-0.021646877840413862,-0.2276441948120117,0.9734985708337783
1785259703.54122,0.9348313212394714,-0.28607940673828125,0.749455451965332,0.003172669655728184,-0.021646877840413862,-0.2276441948120117,0.9734985708337783
1785259703.5462682,0.9348313212394714,-0.28607940673828125,0.749455451965332,0.003172669655728184,-0.021646877840413862,-0.2276441948120117,0.9734985708337783
1785259703.5512645,0.9348313212394714,-0.28607940673828125,0.749455451965332,0.003172669655728184,-0.021646877840413862,-0.2276441948120117,0.9734985708337783
1785259703.556324,0.9348313212394714,-0.28607940673828125,0.749455451965332,0.003172669655728184,-0.021646877840413862,-0.2276441948120117,0.9734985708337783
1785259703.5662715,0.9348313212394714,-0.28607940673828125,0.749455451965332,0.003172669655728184,-0.021646877840413862,-0.2276441948120117,0.9734985708337783
1785259703.5762928,0.9348313212394714,-0.28607940673828125,0.749455451965332,0.003172669655728184,-0.021646877840413862,-0.2276441948120117,0.9734985708337783
1785259703.581251,0.9348313212394714,-0.28607940673828125,0.749455451965332,0.003172669655728184,-0.021646877840413862,-0.2276441948120117,0.9734985708337783
1785259703.5862913,0.9348313212394714,-0.28607940673828125,0.749455451965332,0.003172669655728184,-0.021646877840413862,-0.2276441948120117,0.9734985708337783
1785259703.5912976,0.9348313212394714,-0.28607940673828125,0.749455451965332,0.003172669655728184,-0.021646877840413862,-0.2276441948120117,0.9734985708337783
1785259703.5962806,0.9348313212394714,-0.28607940673828125,0.749455451965332,0.003172669655728184,-0.021646877840413862,-0.2276441948120117,0.9734985708337783
1785259703.6012301,0.9348313212394714,-0.28607940673828125,0.749455451965332,0.003172669655728184,-0.021646877840413862,-0.2276441948120117,0.9734985708337783
1785259703.6412184,0.9348313212394714,-0.28607940673828125,0.749455988407135,0.0031903039614959413,-0.021538672510201043,-0.2276457170195997,0.9735005573032631
1785259703.666269,0.9348313212394714,-0.28607940673828125,0.749455988407135,0.0031903039614959413,-0.021538672510201043,-0.2276457170195997,0.9735005573032631
1785259703.6762872,0.9348313212394714,-0.28607940673828125,0.749455988407135,0.0031903039614959413,-0.021538672510201043,-0.2276457170195997,0.9735005573032631
1785259703.681278,0.9348313212394714,-0.28607940673828125,0.749455988407135,0.0031903039614959413,-0.021538672510201043,-0.2276457170195997,0.9735005573032631
1785259703.686295,0.9348313212394714,-0.28607940673828125,0.749455988407135,0.0031903039614959413,-0.021538672510201043,-0.2276457170195997,0.9735005573032631
1785259703.6913016,0.9348313212394714,-0.28607940673828125,0.749455988407135,0.0031903039614959413,-0.021538672510201043,-0.2276457170195997,0.9735005573032631
1785259703.7012343,0.9348313212394714,-0.28607940673828125,0.749455988407135,0.0031903039614959413,-0.021538672510201043,-0.2276457170195997,0.9735005573032631
1785259703.711276,0.9348313212394714,-0.28607940673828125,0.749455988407135,0.0031903039614959413,-0.021538672510201043,-0.2276457170195997,0.9735005573032631
1785259703.721225,0.9348313212394714,-0.28607940673828125,0.7494629621505737,0.003091101167299078,-0.021313634844033005,-0.2276513090114653,0.973504522623637
1785259703.751302,0.9348313212394714,-0.28607940673828125,0.7494629621505737,0.003091101167299078,-0.021313634844033005,-0.2276513090114653,0.973504522623637
1785259703.7762883,0.9348313212394714,-0.28607940673828125,0.7494629621505737,0.003091101167299078,-0.021313634844033005,-0.2276513090114653,0.973504522623637
1785259703.7813096,0.9348313212394714,-0.28607940673828125,0.7494629621505737,0.003091101167299078,-0.021313634844033005,-0.2276513090114653,0.973504522623637
1785259703.7863035,0.9348313212394714,-0.28607940673828125,0.7494629621505737,0.003091101167299078,-0.021313634844033005,-0.2276513090114653,0.973504522623637
1785259703.7912886,0.9348313212394714,-0.28607940673828125,0.7494629621505737,0.003091101167299078,-0.021313634844033005,-0.2276513090114653,0.973504522623637
1785259703.7962718,0.9348313212394714,-0.28607940673828125,0.7494629621505737,0.003091101167299078,-0.021313634844033005,-0.2276513090114653,0.973504522623637
1785259703.8012393,0.9348313212394714,-0.28607940673828125,0.7494629621505737,0.003091101167299078,-0.021313634844033005,-0.2276513090114653,0.973504522623637
1785259703.8112788,0.9348313212394714,-0.28607940673828125,0.7494629621505737,0.003091101167299078,-0.021313634844033005,-0.2276513090114653,0.973504522623637
1785259703.816365,0.9348313212394714,-0.28607940673828125,0.749454140663147,0.0030332406232712744,-0.02114883464098022,-0.22765509562678787,0.9735074132639197
1785259703.8212225,0.9348313212394714,-0.28607940673828125,0.749454140663147,0.0030332406232712744,-0.02114883464098022,-0.22765509562678787,0.9735074132639197
1785259703.8312752,0.9348313212394714,-0.28607940673828125,0.749454140663147,0.0030332406232712744,-0.02114883464098022,-0.22765509562678787,0.9735074132639197
1785259703.8362734,0.9348313212394714,-0.28607940673828125,0.749454140663147,0.0030332406232712744,-0.02114883464098022,-0.22765509562678787,0.9735074132639197
1785259703.8412087,0.9348313212394714,-0.28607940673828125,0.749454140663147,0.0030332406232712744,-0.02114883464098022,-0.22765509562678787,0.9735074132639197
1785259703.8562844,0.9348313212394714,-0.28607940673828125,0.749454140663147,0.0030332406232712744,-0.02114883464098022,-0.22765509562678787,0.9735074132639197
1785259703.8612263,0.9348313212394714,-0.28607940673828125,0.749454140663147,0.0030332406232712744,-0.02114883464098022,-0.22765509562678787,0.9735074132639197
1785259703.8662767,0.9348313212394714,-0.28607940673828125,0.749454140663147,0.0030332406232712744,-0.02114883464098022,-0.22765509562678787,0.9735074132639197
1785259703.8712988,0.9348313212394714,-0.28607940673828125,0.749454140663147,0.0030332406232712744,-0.02114883464098022,-0.22765509562678787,0.9735074132639197
1785259703.8763044,0.9348313212394714,-0.28607940673828125,0.749454140663147,0.0030332406232712744,-0.02114883464098022,-0.22765509562678787,0.9735074132639197
1785259703.881307,0.9348313212394714,-0.28607940673828125,0.749454140663147,0.0030332406232712744,-0.02114883464098022,-0.22765509562678787,0.9735074132639197
1785259703.8862953,0.9348313212394714,-0.28607940673828125,0.749454140663147,0.0030332406232712744,-0.02114883464098022,-0.22765509562678787,0.9735074132639197
1785259703.8912704,0.9348313212394714,-0.28607940673828125,0.749454140663147,0.0030332406232712744,-0.02114883464098022,-0.22765509562678787,0.9735074132639197
1785259703.896267,0.9348313212394714,-0.28607940673828125,0.749454140663147,0.0030332406232712744,-0.02114883464098022,-0.22765509562678787,0.9735074132639197
1785259703.901218,0.9348313212394714,-0.28607940673828125,0.749454140663147,0.0030332406232712744,-0.02114883464098022,-0.22765509562678787,0.9735074132639197
1785259703.9112632,0.9348313212394714,-0.28607940673828125,0.749454140663147,0.0030332406232712744,-0.02114883464098022,-0.22765509562678787,0.9735074132639197
1785259704.1262755,0.9348313212394714,-0.28607940673828125,0.7494534850120544,0.00278818279087519,-0.020470060738350417,-0.22767045090054513,0.9735190642390293
1785259704.2312844,0.9348313212394714,-0.28607940673828125,0.7494544386863708,0.002736501372594146,-0.020273255503401633,-0.2276744620908211,0.9735223911052006
1785259704.241221,0.9348313212394714,-0.28607940673828125,0.7494544386863708,0.002736501372594146,-0.020273255503401633,-0.2276744620908211,0.9735223911052006
1785259704.2462792,0.9348313212394714,-0.28607940673828125,0.7494544386863708,0.002736501372594146,-0.020273255503401633,-0.2276744620908211,0.9735223911052006
1785259704.2512636,0.9348313212394714,-0.28607940673828125,0.7494544386863708,0.002736501372594146,-0.020273255503401633,-0.2276744620908211,0.9735223911052006
1785259704.2562869,0.9348313212394714,-0.28607940673828125,0.7494544386863708,0.002736501372594146,-0.020273255503401633,-0.2276744620908211,0.9735223911052006
1785259704.2612295,0.9348313212394714,-0.28607940673828125,0.7494544386863708,0.002736501372594146,-0.020273255503401633,-0.2276744620908211,0.9735223911052006
1785259704.266292,0.9348313212394714,-0.28607940673828125,0.7494544386863708,0.002736501372594146,-0.020273255503401633,-0.2276744620908211,0.9735223911052006
1785259704.2762878,0.9348313212394714,-0.28607940673828125,0.7494544386863708,0.002736501372594146,-0.020273255503401633,-0.2276744620908211,0.9735223911052006
1785259704.2863004,0.9348313212394714,-0.28607940673828125,0.7494544386863708,0.002736501372594146,-0.020273255503401633,-0.2276744620908211,0.9735223911052006
1785259704.2912877,0.9348313212394714,-0.28607940673828125,0.7494544386863708,0.002736501372594146,-0.020273255503401633,-0.2276744620908211,0.9735223911052006
1785259704.2962825,0.9348313212394714,-0.28607940673828125,0.7494544386863708,0.002736501372594146,-0.020273255503401633,-0.2276744620908211,0.9735223911052006
1785259704.3012357,0.9348313212394714,-0.28607940673828125,0.7494544386863708,0.002736501372594146,-0.020273255503401633,-0.2276744620908211,0.9735223911052006
1785259704.3062737,0.9348313212394714,-0.28607940673828125,0.7494544386863708,0.002736501372594146,-0.020273255503401633,-0.2276744620908211,0.9735223911052006
1785259704.3662777,0.9348313212394714,-0.28607940673828125,0.7494617104530334,0.002682196802860602,-0.02012721919050414,-0.2276776823849133,0.9735248193096069
1785259704.38629,0.9348313212394714,-0.28607940673828125,0.7494617104530334,0.002682196802860602,-0.02012721919050414,-0.2276776823849133,0.9735248193096069
1785259704.3912823,0.9348313212394714,-0.28607940673828125,0.7494617104530334,0.002682196802860602,-0.02012721919050414,-0.2276776823849133,0.9735248193096069
1785259704.3962984,0.9348313212394714,-0.28607940673828125,0.7494617104530334,0.002682196802860602,-0.02012721919050414,-0.2276776823849133,0.9735248193096069
1785259704.4012413,0.9348313212394714,-0.28607940673828125,0.7494617104530334,0.002682196802860602,-0.02012721919050414,-0.2276776823849133,0.9735248193096069
1785259704.4062917,0.9348313212394714,-0.28607940673828125,0.7494617104530334,0.002682196802860602,-0.02012721919050414,-0.2276776823849133,0.9735248193096069
1785259704.4112868,0.9348313212394714,-0.28607940673828125,0.7494617104530334,0.002682196802860602,-0.02012721919050414,-0.2276776823849133,0.9735248193096069
1785259704.4212213,0.9348313212394714,-0.28607940673828125,0.7494531869888306,0.0026702425413445705,-0.020001116015726787,-0.22767985014073364,0.9735269441586035
1785259704.436259,0.9348313212394714,-0.28607940673828125,0.7494531869888306,0.0026702425413445705,-0.020001116015726787,-0.22767985014073364,0.9735269441586035
1785259704.4512582,0.9348313212394714,-0.28607940673828125,0.7494531869888306,0.0026702425413445705,-0.020001116015726787,-0.22767985014073364,0.9735269441586035
1785259704.45627,0.9348313212394714,-0.28607940673828125,0.7494531869888306,0.0026702425413445705,-0.020001116015726787,-0.22767985014073364,0.9735269441586035
1785259704.4712586,0.9348313212394714,-0.28607940673828125,0.7494531869888306,0.0026702425413445705,-0.020001116015726787,-0.22767985014073364,0.9735269441586035
1785259704.4762735,0.9348313212394714,-0.28607940673828125,0.7494531869888306,0.0026702425413445705,-0.020001116015726787,-0.22767985014073364,0.9735269441586035
1785259704.481322,0.9348313212394714,-0.28607940673828125,0.7494531869888306,0.0026702425413445705,-0.020001116015726787,-0.22767985014073364,0.9735269441586035
1785259704.4862955,0.9348313212394714,-0.28607940673828125,0.7494531869888306,0.0026702425413445705,-0.020001116015726787,-0.22767985014073364,0.9735269441586035
1785259704.4912684,0.9348313212394714,-0.28607940673828125,0.7494531869888306,0.0026702425413445705,-0.020001116015726787,-0.22767985014073364,0.9735269441586035
1785259704.4962983,0.9348313212394714,-0.28607940673828125,0.7494531869888306,0.0026702425413445705,-0.020001116015726787,-0.22767985014073364,0.9735269441586035
1785259704.5012202,0.9348313212394714,-0.28607940673828125,0.7494531869888306,0.0026702425413445705,-0.020001116015726787,-0.22767985014073364,0.9735269441586035
1785259704.506271,0.9348313212394714,-0.28607940673828125,0.7494531869888306,0.0026702425413445705,-0.020001116015726787,-0.22767985014073364,0.9735269441586035
1785259704.5112715,0.9348313212394714,-0.28607940673828125,0.7494531869888306,0.0026702425413445705,-0.020001116015726787,-0.22767985014073364,0.9735269441586035
1785259704.521211,0.9348313212394714,-0.28607940673828125,0.749454140663147,0.0026379732971483,-0.019904812956546045,-0.2276818862828206,0.9735285297189523
1785259704.5262728,0.9348313212394714,-0.28607940673828125,0.749454140663147,0.0026379732971483,-0.019904812956546045,-0.2276818862828206,0.9735285297189523
1785259704.5312672,0.9348313212394714,-0.28607940673828125,0.749454140663147,0.0026379732971483,-0.019904812956546045,-0.2276818862828206,0.9735285297189523
1785259704.536276,0.9348313212394714,-0.28607940673828125,0.749454140663147,0.0026379732971483,-0.019904812956546045,-0.2276818862828206,0.9735285297189523
1785259704.5412383,0.9348313212394714,-0.28607940673828125,0.749454140663147,0.0026379732971483,-0.019904812956546045,-0.2276818862828206,0.9735285297189523
1785259704.5612326,0.9348313212394714,-0.28607940673828125,0.749454140663147,0.0026379732971483,-0.019904812956546045,-0.2276818862828206,0.9735285297189523
1785259704.5662758,0.9348313212394714,-0.28607940673828125,0.749454140663147,0.0026379732971483,-0.019904812956546045,-0.2276818862828206,0.9735285297189523
1785259704.5712802,0.9348313212394714,-0.28607940673828125,0.749454140663147,0.0026379732971483,-0.019904812956546045,-0.2276818862828206,0.9735285297189523
1785259704.5812144,0.9348313212394714,-0.28607940673828125,0.749454140663147,0.0026379732971483,-0.019904812956546045,-0.2276818862828206,0.9735285297189523
1785259704.5862677,0.9348313212394714,-0.28607940673828125,0.749454140663147,0.0026379732971483,-0.019904812956546045,-0.2276818862828206,0.9735285297189523
1785259704.5912683,0.9348313212394714,-0.28607940673828125,0.749454140663147,0.0026379732971483,-0.019904812956546045,-0.2276818862828206,0.9735285297189523
1785259704.596264,0.9348313212394714,-0.28607940673828125,0.749454140663147,0.0026379732971483,-0.019904812956546045,-0.2276818862828206,0.9735285297189523
1785259704.601213,0.9348313212394714,-0.28607940673828125,0.749454140663147,0.0026379732971483,-0.019904812956546045,-0.2276818862828206,0.9735285297189523
1785259704.6112921,0.9348313212394714,-0.28607940673828125,0.749454140663147,0.0026379732971483,-0.019904812956546045,-0.2276818862828206,0.9735285297189523
1785259704.6212132,0.9348313212394714,-0.28607940673828125,0.7494614720344543,0.002603381147908414,-0.01983989979745856,-0.22768346786205307,0.9735295780020939
1785259704.626314,0.9348313212394714,-0.28607940673828125,0.7494614720344543,0.002603381147908414,-0.01983989979745856,-0.22768346786205307,0.9735295780020939
1785259704.6312854,0.9348313212394714,-0.28607940673828125,0.7494614720344543,0.002603381147908414,-0.01983989979745856,-0.22768346786205307,0.9735295780020939
1785259704.6362689,0.9348313212394714,-0.28607940673828125,0.7494614720344543,0.002603381147908414,-0.01983989979745856,-0.22768346786205307,0.9735295780020939
1785259704.6412194,0.9348313212394714,-0.28607940673828125,0.7494614720344543,0.002603381147908414,-0.01983989979745856,-0.22768346786205307,0.9735295780020939
1785259704.656299,0.9348313212394714,-0.28607940673828125,0.7494614720344543,0.002603381147908414,-0.01983989979745856,-0.22768346786205307,0.9735295780020939
1785259704.6612213,0.9348313212394714,-0.28607940673828125,0.7494614720344543,0.002603381147908414,-0.01983989979745856,-0.22768346786205307,0.9735295780020939
1785259704.6662853,0.9348313212394714,-0.28607940673828125,0.7494614720344543,0.002603381147908414,-0.01983989979745856,-0.22768346786205307,0.9735295780020939
1785259704.6712885,0.9348313212394714,-0.28607940673828125,0.7494614720344543,0.002603381147908414,-0.01983989979745856,-0.22768346786205307,0.9735295780020939
1785259704.6762786,0.9348313212394714,-0.28607940673828125,0.7494614720344543,0.002603381147908414,-0.01983989979745856,-0.22768346786205307,0.9735295780020939
1785259704.6812184,0.9348313212394714,-0.28607940673828125,0.7494614720344543,0.002603381147908414,-0.01983989979745856,-0.22768346786205307,0.9735295780020939
1785259704.6862657,0.9348313212394714,-0.28607940673828125,0.7494614720344543,0.002603381147908414,-0.01983989979745856,-0.22768346786205307,0.9735295780020939
1785259704.6912687,0.9348313212394714,-0.28607940673828125,0.7494614720344543,0.002603381147908414,-0.01983989979745856,-0.22768346786205307,0.9735295780020939
1785259704.696266,0.9348313212394714,-0.28607940673828125,0.7494614720344543,0.002603381147908414,-0.01983989979745856,-0.22768346786205307,0.9735295780020939
1785259704.7012272,0.9348313212394714,-0.28607940673828125,0.7494614720344543,0.002603381147908414,-0.01983989979745856,-0.22768346786205307,0.9735295780020939
1785259704.7062633,0.9348313212394714,-0.28607940673828125,0.7494614720344543,0.002603381147908414,-0.01983989979745856,-0.22768346786205307,0.9735295780020939
1785259704.7112687,0.9348313212394714,-0.28607940673828125,0.7494614720344543,0.002603381147908414,-0.01983989979745856,-0.22768346786205307,0.9735295780020939
1785259704.7312775,0.9348313212394714,-0.28607940673828125,0.7494530081748962,0.0026002331077096073,-0.019771305211851328,-0.22768457327475852,0.9735307233830356
1785259704.7362592,0.9348313212394714,-0.28607940673828125,0.7494530081748962,0.0026002331077096073,-0.019771305211851328,-0.22768457327475852,0.9735307233830356
1785259704.7462976,0.9348313212394714,-0.28607940673828125,0.7494530081748962,0.0026002331077096073,-0.019771305211851328,-0.22768457327475852,0.9735307233830356
1785259704.751289,0.9348313212394714,-0.28607940673828125,0.7494530081748962,0.0026002331077096073,-0.019771305211851328,-0.22768457327475852,0.9735307233830356
1785259704.7562983,0.9348313212394714,-0.28607940673828125,0.7494530081748962,0.0026002331077096073,-0.019771305211851328,-0.22768457327475852,0.9735307233830356
1785259704.7612174,0.9348313212394714,-0.28607940673828125,0.7494530081748962,0.0026002331077096073,-0.019771305211851328,-0.22768457327475852,0.9735307233830356
1785259704.766268,0.9348313212394714,-0.28607940673828125,0.7494530081748962,0.0026002331077096073,-0.019771305211851328,-0.22768457327475852,0.9735307233830356
1785259704.7712731,0.9348313212394714,-0.28607940673828125,0.7494530081748962,0.0026002331077096073,-0.019771305211851328,-0.22768457327475852,0.9735307233830356
1785259704.7812436,0.9348313212394714,-0.28607940673828125,0.7494530081748962,0.0026002331077096073,-0.019771305211851328,-0.22768457327475852,0.9735307233830356
1785259704.786294,0.9348313212394714,-0.28607940673828125,0.7494530081748962,0.0026002331077096073,-0.019771305211851328,-0.22768457327475852,0.9735307233830356
1785259704.7912776,0.9348313212394714,-0.28607940673828125,0.7494530081748962,0.0026002331077096073,-0.019771305211851328,-0.22768457327475852,0.9735307233830356
1785259704.7962694,0.9348313212394714,-0.28607940673828125,0.7494530081748962,0.0026002331077096073,-0.019771305211851328,-0.22768457327475852,0.9735307233830356
1785259704.8112748,0.9348313212394714,-0.28607940673828125,0.7494530081748962,0.0026002331077096073,-0.019771305211851328,-0.22768457327475852,0.9735307233830356
1785259704.821223,0.9348313212394714,-0.28607940673828125,0.7494530081748962,0.0026002331077096073,-0.019771305211851328,-0.22768457327475852,0.9735307233830356
1785259704.831286,0.9348313212394714,-0.28607940673828125,0.7494540214538574,0.002578324867361808,-0.019722061283381852,-0.22768569252870755,0.9735315187282514
1785259704.836276,0.9348313212394714,-0.28607940673828125,0.7494540214538574,0.002578324867361808,-0.019722061283381852,-0.22768569252870755,0.9735315187282514
1785259704.856295,0.9348313212394714,-0.28607940673828125,0.7494540214538574,0.002578324867361808,-0.019722061283381852,-0.22768569252870755,0.9735315187282514
1785259704.8662727,0.9348313212394714,-0.28607940673828125,0.7494540214538574,0.002578324867361808,-0.019722061283381852,-0.22768569252870755,0.9735315187282514
1785259704.8712728,0.9348313212394714,-0.28607940673828125,0.7494540214538574,0.002578324867361808,-0.019722061283381852,-0.22768569252870755,0.9735315187282514
1785259704.8812768,0.9348313212394714,-0.28607940673828125,0.7494540214538574,0.002578324867361808,-0.019722061283381852,-0.22768569252870755,0.9735315187282514
1785259704.8863218,0.9348313212394714,-0.28607940673828125,0.7494540214538574,0.002578324867361808,-0.019722061283381852,-0.22768569252870755,0.9735315187282514
1785259704.8913047,0.9348313212394714,-0.28607940673828125,0.7494540214538574,0.002578324867361808,-0.019722061283381852,-0.22768569252870755,0.9735315187282514
1785259704.8962917,0.9348313212394714,-0.28607940673828125,0.7494540214538574,0.002578324867361808,-0.019722061283381852,-0.22768569252870755,0.9735315187282514
1785259704.9212291,0.9348313212394714,-0.28607940673828125,0.7494540214538574,0.002578324867361808,-0.019722061283381852,-0.22768569252870755,0.9735315187282514
1785259704.98628,0.9348313212394714,-0.28607940673828125,0.7494613528251648,0.002556242345584195,-0.019683888330342444,-0.22768664276948056,0.9735321272919719
1785259704.9962878,0.9348313212394714,-0.28607940673828125,0.7494613528251648,0.002556242345584195,-0.019683888330342444,-0.22768664276948056,0.9735321272919719
1785259705.0062883,0.9348313212394714,-0.28607940673828125,0.7494613528251648,0.002556242345584195,-0.019683888330342444,-0.22768664276948056,0.9735321272919719
1785259705.0112698,0.9348313212394714,-0.28607940673828125,0.7494613528251648,0.002556242345584195,-0.019683888330342444,-0.22768664276948056,0.9735321272919719
1785259705.016292,0.9348313212394714,-0.28607940673828125,0.7494613528251648,0.002556242345584195,-0.019683888330342444,-0.22768664276948056,0.9735321272919719
1785259705.0212555,0.9348313212394714,-0.28607940673828125,0.7494613528251648,0.002556242345584195,-0.019683888330342444,-0.22768664276948056,0.9735321272919719
1785259705.0263636,0.9348313212394714,-0.28607940673828125,0.7494528889656067,0.002559741443760923,-0.019647289900697536,-0.22768714139995033,0.9735327407768154
1785259705.0362606,0.9348313212394714,-0.28607940673828125,0.7494528889656067,0.002559741443760923,-0.019647289900697536,-0.22768714139995033,0.9735327407768154
1785259705.041226,0.9348313212394714,-0.28607940673828125,0.7494528889656067,0.002559741443760923,-0.019647289900697536,-0.22768714139995033,0.9735327407768154
1785259705.0462594,0.9348313212394714,-0.28607940673828125,0.7494528889656067,0.002559741443760923,-0.019647289900697536,-0.22768714139995033,0.9735327407768154
1785259705.061215,0.9348313212394714,-0.28607940673828125,0.7494528889656067,0.002559741443760923,-0.019647289900697536,-0.22768714139995033,0.9735327407768154
1785259705.0662684,0.9348313212394714,-0.28607940673828125,0.7494528889656067,0.002559741443760923,-0.019647289900697536,-0.22768714139995033,0.9735327407768154
1785259705.071263,0.9348313212394714,-0.28607940673828125,0.7494528889656067,0.002559741443760923,-0.019647289900697536,-0.22768714139995033,0.9735327407768154
1785259705.0812407,0.9348313212394714,-0.28607940673828125,0.7494528889656067,0.002559741443760923,-0.019647289900697536,-0.22768714139995033,0.9735327407768154
1785259705.091293,0.9348313212394714,-0.28607940673828125,0.7494528889656067,0.002559741443760923,-0.019647289900697536,-0.22768714139995033,0.9735327407768154
1785259705.0962796,0.9348313212394714,-0.28607940673828125,0.7494528889656067,0.002559741443760923,-0.019647289900697536,-0.22768714139995033,0.9735327407768154
1785259705.101231,0.9348313212394714,-0.28607940673828125,0.7494528889656067,0.002559741443760923,-0.019647289900697536,-0.22768714139995033,0.9735327407768154
1785259705.1112683,0.9348313212394714,-0.28607940673828125,0.7494528889656067,0.002559741443760923,-0.019647289900697536,-0.22768714139995033,0.9735327407768154
1785259705.1212354,0.9348313212394714,-0.28607940673828125,0.7494528889656067,0.002559741443760923,-0.019647289900697536,-0.22768714139995033,0.9735327407768154
1785259705.156298,0.9348313212394714,-0.28607940673828125,0.7494539618492126,0.0025407619152291875,-0.019620900861612774,-0.22768785755305382,0.9735331552141249
1785259705.1812217,0.9348313212394714,-0.28607940673828125,0.7494539618492126,0.0025407619152291875,-0.019620900861612774,-0.22768785755305382,0.9735331552141249
1785259705.1862974,0.9348313212394714,-0.28607940673828125,0.7494539618492126,0.0025407619152291875,-0.019620900861612774,-0.22768785755305382,0.9735331552141249
1785259705.191279,0.9348313212394714,-0.28607940673828125,0.7494539618492126,0.0025407619152291875,-0.019620900861612774,-0.22768785755305382,0.9735331552141249
1785259705.1962848,0.9348313212394714,-0.28607940673828125,0.7494539618492126,0.0025407619152291875,-0.019620900861612774,-0.22768785755305382,0.9735331552141249
1785259705.2062638,0.9348313212394714,-0.28607940673828125,0.7494539618492126,0.0025407619152291875,-0.019620900861612774,-0.22768785755305382,0.9735331552141249
1785259705.2112608,0.9348313212394714,-0.28607940673828125,0.7494539618492126,0.0025407619152291875,-0.019620900861612774,-0.22768785755305382,0.9735331552141249
1785259705.2212384,0.9348313212394714,-0.28607940673828125,0.7494539618492126,0.0025407619152291875,-0.019620900861612774,-0.22768785755305382,0.9735331552141249
1785259705.2264485,0.9348313212394714,-0.28607940673828125,0.74946129322052,0.002525221824033713,-0.019588805932193077,-0.2276886017717281,0.9735336679129931
1785259705.2412252,0.9348313212394714,-0.28607940673828125,0.74946129322052,0.002525221824033713,-0.019588805932193077,-0.2276886017717281,0.9735336679129931
1785259705.246278,0.9348313212394714,-0.28607940673828125,0.74946129322052,0.002525221824033713,-0.019588805932193077,-0.2276886017717281,0.9735336679129931
1785259705.2512755,0.9348313212394714,-0.28607940673828125,0.74946129322052,0.002525221824033713,-0.019588805932193077,-0.2276886017717281,0.9735336679129931
1785259705.261242,0.9348313212394714,-0.28607940673828125,0.74946129322052,0.002525221824033713,-0.019588805932193077,-0.2276886017717281,0.9735336679129931
1785259705.2762787,0.9348313212394714,-0.28607940673828125,0.74946129322052,0.002525221824033713,-0.019588805932193077,-0.2276886017717281,0.9735336679129931
1785259705.2812276,0.9348313212394714,-0.28607940673828125,0.74946129322052,0.002525221824033713,-0.019588805932193077,-0.2276886017717281,0.9735336679129931
1785259705.286265,0.9348313212394714,-0.28607940673828125,0.74946129322052,0.002525221824033713,-0.019588805932193077,-0.2276886017717281,0.9735336679129931
1785259705.2912898,0.9348313212394714,-0.28607940673828125,0.74946129322052,0.002525221824033713,-0.019588805932193077,-0.2276886017717281,0.9735336679129931
1785259705.296272,0.9348313212394714,-0.28607940673828125,0.74946129322052,0.002525221824033713,-0.019588805932193077,-0.2276886017717281,0.9735336679129931
1785259705.301236,0.9348313212394714,-0.28607940673828125,0.74946129322052,0.002525221824033713,-0.019588805932193077,-0.2276886017717281,0.9735336679129931
1785259705.306273,0.9348313212394714,-0.28607940673828125,0.74946129322052,0.002525221824033713,-0.019588805932193077,-0.2276886017717281,0.9735336679129931
1785259705.311268,0.9348313212394714,-0.28607940673828125,0.74946129322052,0.002525221824033713,-0.019588805932193077,-0.2276886017717281,0.9735336679129931
1785259705.5062852,0.9348313212394714,-0.28607940673828125,0.7494539022445679,0.0025293911837401322,-0.019540659449102264,-0.22768926079937796,0.973534470537724
1785259705.5112708,0.9348313212394714,-0.28607940673828125,0.7494539022445679,0.0025293911837401322,-0.019540659449102264,-0.22768926079937796,0.973534470537724
1785259705.5212226,0.9348313212394714,-0.28607940673828125,0.7494539022445679,0.0025293911837401322,-0.019540659449102264,-0.22768926079937796,0.973534470537724
1785259705.5312712,0.9348313212394714,-0.28607940673828125,0.74946129322052,0.002512221817765439,-0.01953760016146576,-0.22768959095460223,0.9735344991793536
1785259705.5362854,0.9348313212394714,-0.28607940673828125,0.74946129322052,0.002512221817765439,-0.01953760016146576,-0.22768959095460223,0.9735344991793536
1785259705.5462792,0.9348313212394714,-0.28607940673828125,0.74946129322052,0.002512221817765439,-0.01953760016146576,-0.22768959095460223,0.9735344991793536
1785259705.5562983,0.9348313212394714,-0.28607940673828125,0.74946129322052,0.002512221817765439,-0.01953760016146576,-0.22768959095460223,0.9735344991793536
1785259705.571288,0.9348313212394714,-0.28607940673828125,0.74946129322052,0.002512221817765439,-0.01953760016146576,-0.22768959095460223,0.9735344991793536
1785259705.581262,0.9348313212394714,-0.28607940673828125,0.74946129322052,0.002512221817765439,-0.01953760016146576,-0.22768959095460223,0.9735344991793536
1785259705.5862932,0.9348313212394714,-0.28607940673828125,0.74946129322052,0.002512221817765439,-0.01953760016146576,-0.22768959095460223,0.9735344991793536
1785259705.5912426,0.9348313212394714,-0.28607940673828125,0.74946129322052,0.002512221817765439,-0.01953760016146576,-0.22768959095460223,0.9735344991793536
1785259705.5962665,0.9348313212394714,-0.28607940673828125,0.74946129322052,0.002512221817765439,-0.01953760016146576,-0.22768959095460223,0.9735344991793536
1785259705.601216,0.9348313212394714,-0.28607940673828125,0.74946129322052,0.002512221817765439,-0.01953760016146576,-0.22768959095460223,0.9735344991793536
1785259705.6112864,0.9348313212394714,-0.28607940673828125,0.74946129322052,0.002512221817765439,-0.01953760016146576,-0.22768959095460223,0.9735344991793536
1785259705.616267,0.9348313212394714,-0.28607940673828125,0.74946129322052,0.002512221817765439,-0.01953760016146576,-0.22768959095460223,0.9735344991793536
1785259705.6263328,0.9348313212394714,-0.28607940673828125,0.7494528293609619,0.002530100232371205,-0.019517501870500633,-0.22768959877309358,0.9735348541906945
1785259705.6312788,0.9348313212394714,-0.28607940673828125,0.7494528293609619,0.002530100232371205,-0.019517501870500633,-0.22768959877309358,0.9735348541906945
1785259705.6462781,0.9348313212394714,-0.28607940673828125,0.7494528293609619,0.002530100232371205,-0.019517501870500633,-0.22768959877309358,0.9735348541906945
1785259705.6512654,0.9348313212394714,-0.28607940673828125,0.7494528293609619,0.002530100232371205,-0.019517501870500633,-0.22768959877309358,0.9735348541906945
1785259705.6562598,0.9348313212394714,-0.28607940673828125,0.7494528293609619,0.002530100232371205,-0.019517501870500633,-0.22768959877309358,0.9735348541906945
1785259705.6612585,0.9348313212394714,-0.28607940673828125,0.7494528293609619,0.002530100232371205,-0.019517501870500633,-0.22768959877309358,0.9735348541906945
1785259705.6662948,0.9348313212394714,-0.28607940673828125,0.7494528293609619,0.002530100232371205,-0.019517501870500633,-0.22768959877309358,0.9735348541906945
1785259705.6712978,0.9348313212394714,-0.28607940673828125,0.7494528293609619,0.002530100232371205,-0.019517501870500633,-0.22768959877309358,0.9735348541906945
1785259705.6762686,0.9348313212394714,-0.28607940673828125,0.7494528293609619,0.002530100232371205,-0.019517501870500633,-0.22768959877309358,0.9735348541906945
1785259705.6812391,0.9348313212394714,-0.28607940673828125,0.7494528293609619,0.002530100232371205,-0.019517501870500633,-0.22768959877309358,0.9735348541906945
1785259705.6862745,0.9348313212394714,-0.28607940673828125,0.7494528293609619,0.002530100232371205,-0.019517501870500633,-0.22768959877309358,0.9735348541906945
1785259705.6912823,0.9348313212394714,-0.28607940673828125,0.7494528293609619,0.002530100232371205,-0.019517501870500633,-0.22768959877309358,0.9735348541906945
1785259705.6962798,0.9348313212394714,-0.28607940673828125,0.7494528293609619,0.002530100232371205,-0.019517501870500633,-0.22768959877309358,0.9735348541906945
1785259705.7112646,0.9348313212394714,-0.28607940673828125,0.7494528293609619,0.002530100232371205,-0.019517501870500633,-0.22768959877309358,0.9735348541906945
1785259705.7162788,0.9348313212394714,-0.28607940673828125,0.7494528293609619,0.002530100232371205,-0.019517501870500633,-0.22768959877309358,0.9735348541906945
1785259705.72634,0.9348313212394714,-0.28607940673828125,0.7494539022445679,0.0025515812148247828,-0.01939177109474729,-0.22769113881728495,0.9735369504806692
1785259705.7312734,0.9348313212394714,-0.28607940673828125,0.7494539022445679,0.0025515812148247828,-0.01939177109474729,-0.22769113881728495,0.9735369504806692
1785259705.7362616,0.9348313212394714,-0.28607940673828125,0.7494539022445679,0.0025515812148247828,-0.01939177109474729,-0.22769113881728495,0.9735369504806692
1785259705.7562637,0.9348313212394714,-0.28607940673828125,0.7494539022445679,0.0025515812148247828,-0.01939177109474729,-0.22769113881728495,0.9735369504806692
1785259705.7612197,0.9348313212394714,-0.28607940673828125,0.7494539022445679,0.0025515812148247828,-0.01939177109474729,-0.22769113881728495,0.9735369504806692
1785259705.7712672,0.9348313212394714,-0.28607940673828125,0.7494539022445679,0.0025515812148247828,-0.01939177109474729,-0.22769113881728495,0.9735369504806692
1785259705.7762651,0.9348313212394714,-0.28607940673828125,0.7494539022445679,0.0025515812148247828,-0.01939177109474729,-0.22769113881728495,0.9735369504806692
1785259705.7812145,0.9348313212394714,-0.28607940673828125,0.7494539022445679,0.0025515812148247828,-0.01939177109474729,-0.22769113881728495,0.9735369504806692
1785259705.7862706,0.9348313212394714,-0.28607940673828125,0.7494539022445679,0.0025515812148247828,-0.01939177109474729,-0.22769113881728495,0.9735369504806692
1785259705.791281,0.9348313212394714,-0.28607940673828125,0.7494539022445679,0.0025515812148247828,-0.01939177109474729,-0.22769113881728495,0.9735369504806692
1785259705.796269,0.9348313212394714,-0.28607940673828125,0.7494539022445679,0.0025515812148247828,-0.01939177109474729,-0.22769113881728495,0.9735369504806692
1785259705.8162644,0.9348313212394714,-0.28607940673828125,0.7494539022445679,0.0025515812148247828,-0.01939177109474729,-0.22769113881728495,0.9735369504806692
1785259705.8212235,0.9348313212394714,-0.28607940673828125,0.7494539022445679,0.0025515812148247828,-0.01939177109474729,-0.22769113881728495,0.9735369504806692
1785259705.831267,0.9348313212394714,-0.28607940673828125,0.7494612336158752,0.002555980451059572,-0.01929999177559521,-0.22769244356970716,0.9735384575981841
1785259705.85627,0.9348313212394714,-0.28607940673828125,0.7494612336158752,0.002555980451059572,-0.01929999177559521,-0.22769244356970716,0.9735384575981841
1785259705.8612094,0.9348313212394714,-0.28607940673828125,0.7494612336158752,0.002555980451059572,-0.01929999177559521,-0.22769244356970716,0.9735384575981841
1785259705.8712645,0.9348313212394714,-0.28607940673828125,0.7494612336158752,0.002555980451059572,-0.01929999177559521,-0.22769244356970716,0.9735384575981841
1785259705.8763275,0.9348313212394714,-0.28607940673828125,0.7494612336158752,0.002555980451059572,-0.01929999177559521,-0.22769244356970716,0.9735384575981841
1785259705.8863535,0.9348313212394714,-0.28607940673828125,0.7494612336158752,0.002555980451059572,-0.01929999177559521,-0.22769244356970716,0.9735384575981841
1785259705.8912807,0.9348313212394714,-0.28607940673828125,0.7494612336158752,0.002555980451059572,-0.01929999177559521,-0.22769244356970716,0.9735384575981841
1785259705.8962686,0.9348313212394714,-0.28607940673828125,0.7494612336158752,0.002555980451059572,-0.01929999177559521,-0.22769244356970716,0.9735384575981841
1785259705.901219,0.9348313212394714,-0.28607940673828125,0.7494612336158752,0.002555980451059572,-0.01929999177559521,-0.22769244356970716,0.9735384575981841
1785259705.911261,0.9348313212394714,-0.28607940673828125,0.7494612336158752,0.002555980451059572,-0.01929999177559521,-0.22769244356970716,0.9735384575981841
1785259705.9162614,0.9348313212394714,-0.28607940673828125,0.7494612336158752,0.002555980451059572,-0.01929999177559521,-0.22769244356970716,0.9735384575981841
1785259705.9212244,0.9348313212394714,-0.28607940673828125,0.7494612336158752,0.002555980451059572,-0.01929999177559521,-0.22769244356970716,0.9735384575981841
1785259705.926333,0.9348313212394714,-0.28607940673828125,0.7494528293609619,0.0025983160630157365,-0.019196207497353835,-0.22769330686408856,0.9735401955649553
1785259705.931266,0.9348313212394714,-0.28607940673828125,0.7494528293609619,0.0025983160630157365,-0.019196207497353835,-0.22769330686408856,0.9735401955649553
1785259705.9462605,0.9348313212394714,-0.28607940673828125,0.7494528293609619,0.0025983160630157365,-0.019196207497353835,-0.22769330686408856,0.9735401955649553
1785259705.95126,0.9348313212394714,-0.28607940673828125,0.7494528293609619,0.0025983160630157365,-0.019196207497353835,-0.22769330686408856,0.9735401955649553
1785259705.9562593,0.9348313212394714,-0.28607940673828125,0.7494528293609619,0.0025983160630157365,-0.019196207497353835,-0.22769330686408856,0.9735401955649553
1785259705.9612186,0.9348313212394714,-0.28607940673828125,0.7494528293609619,0.0025983160630157365,-0.019196207497353835,-0.22769330686408856,0.9735401955649553
1785259705.9862611,0.9348313212394714,-0.28607940673828125,0.7494528293609619,0.0025983160630157365,-0.019196207497353835,-0.22769330686408856,0.9735401955649553
1785259705.991284,0.9348313212394714,-0.28607940673828125,0.7494528293609619,0.0025983160630157365,-0.019196207497353835,-0.22769330686408856,0.9735401955649553
1785259705.9963043,0.9348313212394714,-0.28607940673828125,0.7494528293609619,0.0025983160630157365,-0.019196207497353835,-0.22769330686408856,0.9735401955649553
1785259706.0012372,0.9348313212394714,-0.28607940673828125,0.7494528293609619,0.0025983160630157365,-0.019196207497353835,-0.22769330686408856,0.9735401955649553
1785259706.0162714,0.9348313212394714,-0.28607940673828125,0.7494528293609619,0.0025983160630157365,-0.019196207497353835,-0.22769330686408856,0.9735401955649553
1785259706.021226,0.9348313212394714,-0.28607940673828125,0.7494528293609619,0.0025983160630157365,-0.019196207497353835,-0.22769330686408856,0.9735401955649553
1785259706.0312645,0.9348313212394714,-0.28607940673828125,0.7494539022445679,0.0026113425401852438,-0.019150394169461613,-0.22769377984801845,0.9735409523547606
1785259706.0362778,0.9348313212394714,-0.28607940673828125,0.7494539022445679,0.0026113425401852438,-0.019150394169461613,-0.22769377984801845,0.9735409523547606
1785259706.0462978,0.9348313212394714,-0.28607940673828125,0.7494539022445679,0.0026113425401852438,-0.019150394169461613,-0.22769377984801845,0.9735409523547606
1785259706.061208,0.9348313212394714,-0.28607940673828125,0.7494539022445679,0.0026113425401852438,-0.019150394169461613,-0.22769377984801845,0.9735409523547606
1785259706.071266,0.9348313212394714,-0.28607940673828125,0.7494539022445679,0.0026113425401852438,-0.019150394169461613,-0.22769377984801845,0.9735409523547606
1785259706.0862725,0.9348313212394714,-0.28607940673828125,0.7494539022445679,0.0026113425401852438,-0.019150394169461613,-0.22769377984801845,0.9735409523547606
1785259706.0962882,0.9348313212394714,-0.28607940673828125,0.7494539022445679,0.0026113425401852438,-0.019150394169461613,-0.22769377984801845,0.9735409523547606
1785259706.1012352,0.9348313212394714,-0.28607940673828125,0.7494539022445679,0.0026113425401852438,-0.019150394169461613,-0.22769377984801845,0.9735409523547606
1785259706.1062727,0.9348313212394714,-0.28607940673828125,0.7494539022445679,0.0026113425401852438,-0.019150394169461613,-0.22769377984801845,0.9735409523547606
1785259706.1112618,0.9348313212394714,-0.28607940673828125,0.7494539022445679,0.0026113425401852438,-0.019150394169461613,-0.22769377984801845,0.9735409523547606
1785259706.1212459,0.9348313212394714,-0.28607940673828125,0.7494539022445679,0.0026113425401852438,-0.019150394169461613,-0.22769377984801845,0.9735409523547606
1785259706.136278,0.9348313212394714,-0.28607940673828125,0.7494612336158752,0.002612607158485742,-0.019097224473906313,-0.2276945518892483,0.9735418128366049
1785259706.1612067,0.9348313212394714,-0.28607940673828125,0.7494612336158752,0.002612607158485742,-0.019097224473906313,-0.2276945518892483,0.9735418128366049
1785259706.17626,0.9348313212394714,-0.28607940673828125,0.7494612336158752,0.002612607158485742,-0.019097224473906313,-0.2276945518892483,0.9735418128366049
1785259706.1862586,0.9348313212394714,-0.28607940673828125,0.7494612336158752,0.002612607158485742,-0.019097224473906313,-0.2276945518892483,0.9735418128366049
1785259706.1912918,0.9348313212394714,-0.28607940673828125,0.7494612336158752,0.002612607158485742,-0.019097224473906313,-0.2276945518892483,0.9735418128366049
1785259706.1962812,0.9348313212394714,-0.28607940673828125,0.7494612336158752,0.002612607158485742,-0.019097224473906313,-0.2276945518892483,0.9735418128366049
1785259706.2012465,0.9348313212394714,-0.28607940673828125,0.7494612336158752,0.002612607158485742,-0.019097224473906313,-0.2276945518892483,0.9735418128366049
1785259706.2062905,0.9348313212394714,-0.28607940673828125,0.7494612336158752,0.002612607158485742,-0.019097224473906313,-0.2276945518892483,0.9735418128366049
1785259706.2112672,0.9348313212394714,-0.28607940673828125,0.7494612336158752,0.002612607158485742,-0.019097224473906313,-0.2276945518892483,0.9735418128366049
1785259706.2162828,0.9348313212394714,-0.28607940673828125,0.7494612336158752,0.002612607158485742,-0.019097224473906313,-0.2276945518892483,0.9735418128366049
1785259706.2212663,0.9348313212394714,-0.28607940673828125,0.7494612336158752,0.002612607158485742,-0.019097224473906313,-0.2276945518892483,0.9735418128366049
1785259706.2362704,0.9348313212394714,-0.28607940673828125,0.7494528293609619,0.002643323582758865,-0.019037178316223324,-0.227694950761531,0.9735428126589488
1785259706.241223,0.9348313212394714,-0.28607940673828125,0.7494528293609619,0.002643323582758865,-0.019037178316223324,-0.227694950761531,0.9735428126589488
1785259706.251277,0.9348313212394714,-0.28607940673828125,0.7494528293609619,0.002643323582758865,-0.019037178316223324,-0.227694950761531,0.9735428126589488
1785259706.261212,0.9348313212394714,-0.28607940673828125,0.7494528293609619,0.002643323582758865,-0.019037178316223324,-0.227694950761531,0.9735428126589488
1785259706.26632,0.9348313212394714,-0.28607940673828125,0.7494528293609619,0.002643323582758865,-0.019037178316223324,-0.227694950761531,0.9735428126589488
1785259706.276273,0.9348313212394714,-0.28607940673828125,0.7494528293609619,0.002643323582758865,-0.019037178316223324,-0.227694950761531,0.9735428126589488
1785259706.2912943,0.9348313212394714,-0.28607940673828125,0.7494528293609619,0.002643323582758865,-0.019037178316223324,-0.227694950761531,0.9735428126589488
1785259706.2963402,0.9348313212394714,-0.28607940673828125,0.7494528293609619,0.002643323582758865,-0.019037178316223324,-0.227694950761531,0.9735428126589488
1785259706.4162612,0.9348313212394714,-0.28607940673828125,0.7494538426399231,0.0026546105562504233,-0.018993547613147324,-0.22769541812734442,0.9735435248388619
1785259706.4263744,0.9348313212394714,-0.28607940673828125,0.7494612336158752,0.0026341005544625144,-0.019041994393841948,-0.22769502742888684,0.973542725537987
1785259706.4362738,0.9348313212394714,-0.28607940673828125,0.7494612336158752,0.0026341005544625144,-0.019041994393841948,-0.22769502742888684,0.973542725537987
1785259706.4512765,0.9348313212394714,-0.28607940673828125,0.7494612336158752,0.0026341005544625144,-0.019041994393841948,-0.22769502742888684,0.973542725537987
1785259706.4562995,0.9348313212394714,-0.28607940673828125,0.7494612336158752,0.0026341005544625144,-0.019041994393841948,-0.22769502742888684,0.973542725537987
1785259706.4612424,0.9348313212394714,-0.28607940673828125,0.7494612336158752,0.0026341005544625144,-0.019041994393841948,-0.22769502742888684,0.973542725537987
1785259706.466286,0.9348313212394714,-0.28607940673828125,0.7494612336158752,0.0026341005544625144,-0.019041994393841948,-0.22769502742888684,0.973542725537987
1785259706.471272,0.9348313212394714,-0.28607940673828125,0.7494612336158752,0.0026341005544625144,-0.019041994393841948,-0.22769502742888684,0.973542725537987
1785259706.476284,0.9348313212394714,-0.28607940673828125,0.7494612336158752,0.0026341005544625144,-0.019041994393841948,-0.22769502742888684,0.973542725537987
1785259706.486279,0.9348313212394714,-0.28607940673828125,0.7494612336158752,0.0026341005544625144,-0.019041994393841948,-0.22769502742888684,0.973542725537987
1785259706.4912758,0.9348313212394714,-0.28607940673828125,0.7494612336158752,0.0026341005544625144,-0.019041994393841948,-0.22769502742888684,0.973542725537987
1785259706.4962652,0.9348313212394714,-0.28607940673828125,0.7494612336158752,0.0026341005544625144,-0.019041994393841948,-0.22769502742888684,0.973542725537987
1785259706.501222,0.9348313212394714,-0.28607940673828125,0.7494612336158752,0.0026341005544625144,-0.019041994393841948,-0.22769502742888684,0.973542725537987
1785259706.506267,0.9348313212394714,-0.28607940673828125,0.7494612336158752,0.0026341005544625144,-0.019041994393841948,-0.22769502742888684,0.973542725537987
1785259706.5212338,0.9348313212394714,-0.28607940673828125,0.7494612336158752,0.0026341005544625144,-0.019041994393841948,-0.22769502742888684,0.973542725537987
1785259706.5263317,0.9348313212394714,-0.28607940673828125,0.7494528293609619,0.002648370060743915,-0.019051939671642898,-0.22769464993035546,0.9735425805396817
1785259706.531268,0.9348313212394714,-0.28607940673828125,0.7494528293609619,0.002648370060743915,-0.019051939671642898,-0.22769464993035546,0.9735425805396817
1785259706.566266,0.9348313212394714,-0.28607940673828125,0.7494528293609619,0.002648370060743915,-0.019051939671642898,-0.22769464993035546,0.9735425805396817
1785259706.5712664,0.9348313212394714,-0.28607940673828125,0.7494528293609619,0.002648370060743915,-0.019051939671642898,-0.22769464993035546,0.9735425805396817
1785259706.576264,0.9348313212394714,-0.28607940673828125,0.7494528293609619,0.002648370060743915,-0.019051939671642898,-0.22769464993035546,0.9735425805396817
1785259706.5812285,0.9348313212394714,-0.28607940673828125,0.7494528293609619,0.002648370060743915,-0.019051939671642898,-0.22769464993035546,0.9735425805396817
1785259706.586276,0.9348313212394714,-0.28607940673828125,0.7494528293609619,0.002648370060743915,-0.019051939671642898,-0.22769464993035546,0.9735425805396817
1785259706.5913367,0.9348313212394714,-0.28607940673828125,0.7494528293609619,0.002648370060743915,-0.019051939671642898,-0.22769464993035546,0.9735425805396817
1785259706.6062837,0.9348313212394714,-0.28607940673828125,0.7494528293609619,0.002648370060743915,-0.019051939671642898,-0.22769464993035546,0.9735425805396817
1785259706.6162615,0.9348313212394714,-0.28607940673828125,0.7494528293609619,0.002648370060743915,-0.019051939671642898,-0.22769464993035546,0.9735425805396817
1785259706.6212196,0.9348313212394714,-0.28607940673828125,0.7494528293609619,0.002648370060743915,-0.019051939671642898,-0.22769464993035546,0.9735425805396817
1785259706.6312697,0.9348313212394714,-0.28607940673828125,0.7494538426399231,0.00261007681703826,-0.01917245588638473,-0.22769347099543227,0.9735405937609105
1785259706.6362624,0.9348313212394714,-0.28607940673828125,0.7494538426399231,0.00261007681703826,-0.01917245588638473,-0.22769347099543227,0.9735405937609105
1785259706.6512587,0.9348313212394714,-0.28607940673828125,0.7494538426399231,0.00261007681703826,-0.01917245588638473,-0.22769347099543227,0.9735405937609105
1785259706.656277,0.9348313212394714,-0.28607940673828125,0.7494538426399231,0.00261007681703826,-0.01917245588638473,-0.22769347099543227,0.9735405937609105
1785259706.6612213,0.9348313212394714,-0.28607940673828125,0.7494538426399231,0.00261007681703826,-0.01917245588638473,-0.22769347099543227,0.9735405937609105
1785259706.6662667,0.9348313212394714,-0.28607940673828125,0.7494538426399231,0.00261007681703826,-0.01917245588638473,-0.22769347099543227,0.9735405937609105
1785259706.6812139,0.9348313212394714,-0.28607940673828125,0.7494538426399231,0.00261007681703826,-0.01917245588638473,-0.22769347099543227,0.9735405937609105
1785259706.6862888,0.9348313212394714,-0.28607940673828125,0.7494538426399231,0.00261007681703826,-0.01917245588638473,-0.22769347099543227,0.9735405937609105
1785259706.691271,0.9348313212394714,-0.28607940673828125,0.7494538426399231,0.00261007681703826,-0.01917245588638473,-0.22769347099543227,0.9735405937609105
1785259706.7012177,0.9348313212394714,-0.28607940673828125,0.7494538426399231,0.00261007681703826,-0.01917245588638473,-0.22769347099543227,0.9735405937609105
1785259706.726278,0.9348313212394714,-0.28607940673828125,0.7494538426399231,0.00261007681703826,-0.01917245588638473,-0.22769347099543227,0.9735405937609105
1785259706.731281,0.9348313212394714,-0.28607940673828125,0.7494538426399231,0.00261007681703826,-0.01917245588638473,-0.22769347099543227,0.9735405937609105
1785259706.7412262,0.9348313212394714,-0.28607940673828125,0.7494612336158752,0.0025801697648148826,-0.01928648738016834,-0.22769225120480033,0.9735387064055593
1785259706.746299,0.9348313212394714,-0.28607940673828125,0.7494612336158752,0.0025801697648148826,-0.01928648738016834,-0.22769225120480033,0.9735387064055593
1785259706.7512963,0.9348313212394714,-0.28607940673828125,0.7494612336158752,0.0025801697648148826,-0.01928648738016834,-0.22769225120480033,0.9735387064055593
1785259706.9412296,0.9348313212394714,-0.28607940673828125,0.7494538426399231,0.002569136449151463,-0.01947225046704095,-0.2276896379817486,0.9735356489391617
1785259706.9612083,0.9348313212394714,-0.28607940673828125,0.7494538426399231,0.002569136449151463,-0.01947225046704095,-0.2276896379817486,0.9735356489391617
1785259706.981215,0.9348313212394714,-0.28607940673828125,0.7494538426399231,0.002569136449151463,-0.01947225046704095,-0.2276896379817486,0.9735356489391617
1785259706.991287,0.9348313212394714,-0.28607940673828125,0.7494538426399231,0.002569136449151463,-0.01947225046704095,-0.2276896379817486,0.9735356489391617
1785259706.9962764,0.9348313212394714,-0.28607940673828125,0.7494538426399231,0.002569136449151463,-0.01947225046704095,-0.2276896379817486,0.9735356489391617
1785259707.0012276,0.9348313212394714,-0.28607940673828125,0.7494538426399231,0.002569136449151463,-0.01947225046704095,-0.2276896379817486,0.9735356489391617
1785259707.0113108,0.9348313212394714,-0.28607940673828125,0.7494538426399231,0.002569136449151463,-0.01947225046704095,-0.2276896379817486,0.9735356489391617
1785259707.0162737,0.9348313212394714,-0.28607940673828125,0.7494538426399231,0.002569136449151463,-0.01947225046704095,-0.2276896379817486,0.9735356489391617
1785259707.0212278,0.9348313212394714,-0.28607940673828125,0.7494538426399231,0.002569136449151463,-0.01947225046704095,-0.2276896379817486,0.9735356489391617
1785259707.0312967,0.9348313212394714,-0.28607940673828125,0.7494538426399231,0.002569136449151463,-0.01947225046704095,-0.2276896379817486,0.9735356489391617
1785259707.0364575,0.9348313212394714,-0.28607940673828125,0.7494612336158752,0.0025305508256397687,-0.01951799741291686,-0.22768958385055832,0.973534846574825
1785259707.0412488,0.9348313212394714,-0.28607940673828125,0.7494612336158752,0.0025305508256397687,-0.01951799741291686,-0.22768958385055832,0.973534846574825
1785259707.0462885,0.9348313212394714,-0.28607940673828125,0.7494612336158752,0.0025305508256397687,-0.01951799741291686,-0.22768958385055832,0.973534846574825
1785259707.0562842,0.9348313212394714,-0.28607940673828125,0.7494612336158752,0.0025305508256397687,-0.01951799741291686,-0.22768958385055832,0.973534846574825
1785259707.066297,0.9348313212394714,-0.28607940673828125,0.7494612336158752,0.0025305508256397687,-0.01951799741291686,-0.22768958385055832,0.973534846574825
1785259707.0913053,0.9348313212394714,-0.28607940673828125,0.7494612336158752,0.0025305508256397687,-0.01951799741291686,-0.22768958385055832,0.973534846574825
1785259707.0962899,0.9348313212394714,-0.28607940673828125,0.7494612336158752,0.0025305508256397687,-0.01951799741291686,-0.22768958385055832,0.973534846574825
1785259707.1012342,0.9348313212394714,-0.28607940673828125,0.7494612336158752,0.0025305508256397687,-0.01951799741291686,-0.22768958385055832,0.973534846574825
1785259707.1063035,0.9348313212394714,-0.28607940673828125,0.7494612336158752,0.0025305508256397687,-0.01951799741291686,-0.22768958385055832,0.973534846574825
1785259707.111269,0.9348313212394714,-0.28607940673828125,0.7494612336158752,0.0025305508256397687,-0.01951799741291686,-0.22768958385055832,0.973534846574825
1785259707.1162617,0.9348313212394714,-0.28607940673828125,0.7494612336158752,0.0025305508256397687,-0.01951799741291686,-0.22768958385055832,0.973534846574825
1785259707.1212175,0.9348313212394714,-0.28607940673828125,0.7494612336158752,0.0025305508256397687,-0.01951799741291686,-0.22768958385055832,0.973534846574825
1785259707.1562655,0.9348313212394714,-0.28607940673828125,0.7494528293609619,0.0025379403366430848,-0.019505569049183564,-0.2276896494155702,0.9735350610963788
1785259707.1712952,0.9348313212394714,-0.28607940673828125,0.7494528293609619,0.0025379403366430848,-0.019505569049183564,-0.2276896494155702,0.9735350610963788
1785259707.1812303,0.9348313212394714,-0.28607940673828125,0.7494528293609619,0.0025379403366430848,-0.019505569049183564,-0.2276896494155702,0.9735350610963788
1785259707.2212203,0.9348313212394714,-0.28607940673828125,0.7494528293609619,0.0025379403366430848,-0.019505569049183564,-0.2276896494155702,0.9735350610963788
1785259707.2262769,0.9348313212394714,-0.28607940673828125,0.7494528293609619,0.0025379403366430848,-0.019505569049183564,-0.2276896494155702,0.9735350610963788
1785259707.2312696,0.9348313212394714,-0.28607940673828125,0.7494528293609619,0.0025379403366430848,-0.019505569049183564,-0.2276896494155702,0.9735350610963788
1785259707.2364502,0.9348313212394714,-0.28607940673828125,0.7494538426399231,0.0025351189819295666,-0.019492477682874154,-0.22768989347460622,0.9735352735751556
1785259707.2462797,0.9348313212394714,-0.28607940673828125,0.7494538426399231,0.0025351189819295666,-0.019492477682874154,-0.22768989347460622,0.9735352735751556
1785259707.251279,0.9348313212394714,-0.28607940673828125,0.7494538426399231,0.0025351189819295666,-0.019492477682874154,-0.22768989347460622,0.9735352735751556
1785259707.696272,0.9348313212394714,-0.28607940673828125,0.7494612336158752,0.002495668522521354,-0.019506899580379457,-0.22769032730683791,0.973534985174283
1785259707.7063036,0.9348313212394714,-0.28607940673828125,0.7494612336158752,0.002495668522521354,-0.019506899580379457,-0.22769032730683791,0.973534985174283
1785259707.7162902,0.9348313212394714,-0.28607940673828125,0.7494612336158752,0.002495668522521354,-0.019506899580379457,-0.22769032730683791,0.973534985174283
1785259707.7262883,0.9348313212394714,-0.28607940673828125,0.7494612336158752,0.002495668522521354,-0.019506899580379457,-0.22769032730683791,0.973534985174283
1785259707.7363486,0.9348313212394714,-0.28607940673828125,0.7494528293609619,0.0025424195536951875,-0.019372713815038713,-0.22769157525110234,0.9735372517895374
1785259707.7512648,0.9348313212394714,-0.28607940673828125,0.7494528293609619,0.0025424195536951875,-0.019372713815038713,-0.22769157525110234,0.9735372517895374
1785259707.766306,0.9348313212394714,-0.28607940673828125,0.7494528293609619,0.0025424195536951875,-0.019372713815038713,-0.22769157525110234,0.9735372517895374
1785259707.781238,0.9348313212394714,-0.28607940673828125,0.7494528293609619,0.0025424195536951875,-0.019372713815038713,-0.22769157525110234,0.9735372517895374
1785259707.796287,0.9348313212394714,-0.28607940673828125,0.7494528293609619,0.0025424195536951875,-0.019372713815038713,-0.22769157525110234,0.9735372517895374
1785259707.8012822,0.9348313212394714,-0.28607940673828125,0.7494528293609619,0.0025424195536951875,-0.019372713815038713,-0.22769157525110234,0.9735372517895374
1785259707.8063006,0.9348313212394714,-0.28607940673828125,0.7494528293609619,0.0025424195536951875,-0.019372713815038713,-0.22769157525110234,0.9735372517895374
1785259707.8162687,0.9348313212394714,-0.28607940673828125,0.7494528293609619,0.0025424195536951875,-0.019372713815038713,-0.22769157525110234,0.9735372517895374
1785259707.826296,0.9348313212394714,-0.28607940673828125,0.7494528293609619,0.0025424195536951875,-0.019372713815038713,-0.22769157525110234,0.9735372517895374
1785259707.8312895,0.9348313212394714,-0.28607940673828125,0.7494528293609619,0.0025424195536951875,-0.019372713815038713,-0.22769157525110234,0.9735372517895374
1785259707.836379,0.9348313212394714,-0.28607940673828125,0.7494538426399231,0.002557260694676736,-0.019279681578200772,-0.22769272664609225,0.9735387904590402
1785259707.841243,0.9348313212394714,-0.28607940673828125,0.7494538426399231,0.002557260694676736,-0.019279681578200772,-0.22769272664609225,0.9735387904590402
1785259707.8463073,0.9348313212394714,-0.28607940673828125,0.7494538426399231,0.002557260694676736,-0.019279681578200772,-0.22769272664609225,0.9735387904590402
1785259707.8512814,0.9348313212394714,-0.28607940673828125,0.7494538426399231,0.002557260694676736,-0.019279681578200772,-0.22769272664609225,0.9735387904590402
1785259707.86123,0.9348313212394714,-0.28607940673828125,0.7494538426399231,0.002557260694676736,-0.019279681578200772,-0.22769272664609225,0.9735387904590402
1785259707.8663254,0.9348313212394714,-0.28607940673828125,0.7494538426399231,0.002557260694676736,-0.019279681578200772,-0.22769272664609225,0.9735387904590402
1785259707.8712711,0.9348313212394714,-0.28607940673828125,0.7494538426399231,0.002557260694676736,-0.019279681578200772,-0.22769272664609225,0.9735387904590402
1785259707.8812299,0.9348313212394714,-0.28607940673828125,0.7494538426399231,0.002557260694676736,-0.019279681578200772,-0.22769272664609225,0.9735387904590402
1785259707.8912818,0.9348313212394714,-0.28607940673828125,0.7494538426399231,0.002557260694676736,-0.019279681578200772,-0.22769272664609225,0.9735387904590402
1785259707.8962777,0.9348313212394714,-0.28607940673828125,0.7494538426399231,0.002557260694676736,-0.019279681578200772,-0.22769272664609225,0.9735387904590402
1785259707.9012446,0.9348313212394714,-0.28607940673828125,0.7494538426399231,0.002557260694676736,-0.019279681578200772,-0.22769272664609225,0.9735387904590402
1785259708.121221,0.9348313212394714,-0.28607940673828125,0.7494528293609619,0.0026044335377244402,-0.019131687693345337,-0.2276941705500277,0.9735412472769127
1785259708.1262739,0.9348313212394714,-0.28607940673828125,0.7494528293609619,0.0026044335377244402,-0.019131687693345337,-0.2276941705500277,0.9735412472769127
1785259708.131305,0.9348313212394714,-0.28607940673828125,0.7494528293609619,0.0026044335377244402,-0.019131687693345337,-0.2276941705500277,0.9735412472769127
1785259708.1712768,0.9348313212394714,-0.28607940673828125,0.7494538426399231,0.0026077932637177835,-0.019087972136295636,-0.22769476723840196,0.9735419568289123
1785259708.1762822,0.9348313212394714,-0.28607940673828125,0.7494538426399231,0.0026077932637177835,-0.019087972136295636,-0.22769476723840196,0.9735419568289123
1785259708.1812377,0.9348313212394714,-0.28607940673828125,0.7494538426399231,0.0026077932637177835,-0.019087972136295636,-0.22769476723840196,0.9735419568289123
1785259708.1862655,0.9348313212394714,-0.28607940673828125,0.7494538426399231,0.0026077932637177835,-0.019087972136295636,-0.22769476723840196,0.9735419568289123
1785259708.196277,0.9348313212394714,-0.28607940673828125,0.7494538426399231,0.0026077932637177835,-0.019087972136295636,-0.22769476723840196,0.9735419568289123
1785259708.3762743,0.9348313212394714,-0.28607940673828125,0.7494528293609619,0.002645999234889132,-0.01899538355221471,-0.22769552895741046,0.9735434865400511
1785259708.386297,0.9348313212394714,-0.28607940673828125,0.7494528293609619,0.002645999234889132,-0.01899538355221471,-0.22769552895741046,0.9735434865400511
1785259708.3962739,0.9348313212394714,-0.28607940673828125,0.7494528293609619,0.002645999234889132,-0.01899538355221471,-0.22769552895741046,0.9735434865400511
1785259708.4012222,0.9348313212394714,-0.28607940673828125,0.7494528293609619,0.002645999234889132,-0.01899538355221471,-0.22769552895741046,0.9735434865400511
1785259708.406309,0.9348313212394714,-0.28607940673828125,0.7494528293609619,0.002645999234889132,-0.01899538355221471,-0.22769552895741046,0.9735434865400511
1785259708.411361,0.9348313212394714,-0.28607940673828125,0.7494528293609619,0.002645999234889132,-0.01899538355221471,-0.22769552895741046,0.9735434865400511
1785259708.4163256,0.9348313212394714,-0.28607940673828125,0.7494528293609619,0.002645999234889132,-0.01899538355221471,-0.22769552895741046,0.9735434865400511
1785259708.4212706,0.9348313212394714,-0.28607940673828125,0.7494528293609619,0.002645999234889132,-0.01899538355221471,-0.22769552895741046,0.9735434865400511
1785259708.4312968,0.9348313212394714,-0.28607940673828125,0.7494528293609619,0.002645999234889132,-0.01899538355221471,-0.22769552895741046,0.9735434865400511
1785259708.4364169,0.9348313212394714,-0.28607940673828125,0.7494538426399231,0.0026509069981226494,-0.019020507235562898,-0.22769507685651458,0.9735430884002492
1785259708.451271,0.9348313212394714,-0.28607940673828125,0.7494538426399231,0.0026509069981226494,-0.019020507235562898,-0.22769507685651458,0.9735430884002492
1785259708.4562695,0.9348313212394714,-0.28607940673828125,0.7494538426399231,0.0026509069981226494,-0.019020507235562898,-0.22769507685651458,0.9735430884002492
1785259708.5012503,0.9348313212394714,-0.28607940673828125,0.7494538426399231,0.0026509069981226494,-0.019020507235562898,-0.22769507685651458,0.9735430884002492
1785259708.5063376,0.9348313212394714,-0.28607940673828125,0.7494538426399231,0.0026509069981226494,-0.019020507235562898,-0.22769507685651458,0.9735430884002492
1785259708.511416,0.9348313212394714,-0.28607940673828125,0.7494538426399231,0.0026509069981226494,-0.019020507235562898,-0.22769507685651458,0.9735430884002492
1785259708.5163286,0.9348313212394714,-0.28607940673828125,0.7494538426399231,0.0026509069981226494,-0.019020507235562898,-0.22769507685651458,0.9735430884002492
1785259708.5212328,0.9348313212394714,-0.28607940673828125,0.7494538426399231,0.0026509069981226494,-0.019020507235562898,-0.22769507685651458,0.9735430884002492
1785259708.5263095,0.9348313212394714,-0.28607940673828125,0.7494538426399231,0.0026509069981226494,-0.019020507235562898,-0.22769507685651458,0.9735430884002492
1785259708.5312858,0.9348313212394714,-0.28607940673828125,0.7494538426399231,0.0026509069981226494,-0.019020507235562898,-0.22769507685651458,0.9735430884002492
1785259708.5364282,0.9348313212394714,-0.28607940673828125,0.7494612336158752,0.002629342869587369,-0.01906848941809994,-0.22769470984274123,0.9735422940874298
1785259708.5412512,0.9348313212394714,-0.28607940673828125,0.7494612336158752,0.002629342869587369,-0.01906848941809994,-0.22769470984274123,0.9735422940874298
1785259708.5463185,0.9348313212394714,-0.28607940673828125,0.7494612336158752,0.002629342869587369,-0.01906848941809994,-0.22769470984274123,0.9735422940874298
1785259708.5512843,0.9348313212394714,-0.28607940673828125,0.7494612336158752,0.002629342869587369,-0.01906848941809994,-0.22769470984274123,0.9735422940874298
1785259708.5612276,0.9348313212394714,-0.28607940673828125,0.7494612336158752,0.002629342869587369,-0.01906848941809994,-0.22769470984274123,0.9735422940874298
1785259708.5812528,0.9348313212394714,-0.28607940673828125,0.7494612336158752,0.002629342869587369,-0.01906848941809994,-0.22769470984274123,0.9735422940874298
1785259708.5912855,0.9348313212394714,-0.28607940673828125,0.7494612336158752,0.002629342869587369,-0.01906848941809994,-0.22769470984274123,0.9735422940874298
1785259708.6012342,0.9348313212394714,-0.28607940673828125,0.7494612336158752,0.002629342869587369,-0.01906848941809994,-0.22769470984274123,0.9735422940874298
1785259708.6062949,0.9348313212394714,-0.28607940673828125,0.7494612336158752,0.002629342869587369,-0.01906848941809994,-0.22769470984274123,0.9735422940874298
1785259708.62124,0.9348313212394714,-0.28607940673828125,0.7494612336158752,0.002629342869587369,-0.01906848941809994,-0.22769470984274123,0.9735422940874298
1785259708.6312904,0.9348313212394714,-0.28607940673828125,0.7494612336158752,0.002629342869587369,-0.01906848941809994,-0.22769470984274123,0.9735422940874298
1785259708.6412737,0.9348313212394714,-0.28607940673828125,0.7494612336158752,0.002629342869587369,-0.01906848941809994,-0.22769470984274123,0.9735422940874298
1785259708.6512954,0.9348313212394714,-0.28607940673828125,0.7494528293609619,0.0026203421103047526,-0.019164903826751754,-0.22769341754314412,0.9735407273843554
1785259708.6563208,0.9348313212394714,-0.28607940673828125,0.7494528293609619,0.0026203421103047526,-0.019164903826751754,-0.22769341754314412,0.9735407273843554
1785259708.6712797,0.9348313212394714,-0.28607940673828125,0.7494528293609619,0.0026203421103047526,-0.019164903826751754,-0.22769341754314412,0.9735407273843554
1785259708.681244,0.9348313212394714,-0.28607940673828125,0.7494528293609619,0.0026203421103047526,-0.019164903826751754,-0.22769341754314412,0.9735407273843554
1785259708.6863515,0.9348313212394714,-0.28607940673828125,0.7494528293609619,0.0026203421103047526,-0.019164903826751754,-0.22769341754314412,0.9735407273843554
1785259708.6962657,0.9348313212394714,-0.28607940673828125,0.7494528293609619,0.0026203421103047526,-0.019164903826751754,-0.22769341754314412,0.9735407273843554
1785259708.701293,0.9348313212394714,-0.28607940673828125,0.7494528293609619,0.0026203421103047526,-0.019164903826751754,-0.22769341754314412,0.9735407273843554
1785259708.7063081,0.9348313212394714,-0.28607940673828125,0.7494528293609619,0.0026203421103047526,-0.019164903826751754,-0.22769341754314412,0.9735407273843554
1785259708.7113073,0.9348313212394714,-0.28607940673828125,0.7494528293609619,0.0026203421103047526,-0.019164903826751754,-0.22769341754314412,0.9735407273843554
1785259708.7162886,0.9348313212394714,-0.28607940673828125,0.7494528293609619,0.0026203421103047526,-0.019164903826751754,-0.22769341754314412,0.9735407273843554
1785259708.7212412,0.9348313212394714,-0.28607940673828125,0.7494528293609619,0.0026203421103047526,-0.019164903826751754,-0.22769341754314412,0.9735407273843554
1785259708.726285,0.9348313212394714,-0.28607940673828125,0.7494528293609619,0.0026203421103047526,-0.019164903826751754,-0.22769341754314412,0.9735407273843554
1785259708.73126,0.9348313212394714,-0.28607940673828125,0.7494528293609619,0.0026203421103047526,-0.019164903826751754,-0.22769341754314412,0.9735407273843554
1785259708.736286,0.9348313212394714,-0.28607940673828125,0.7494528293609619,0.0026203421103047526,-0.019164903826751754,-0.22769341754314412,0.9735407273843554
1785259708.7412624,0.9348313212394714,-0.28607940673828125,0.7494528293609619,0.0026203421103047526,-0.019164903826751754,-0.22769341754314412,0.9735407273843554
1785259708.7712703,0.9348313212394714,-0.28607940673828125,0.7494538426399231,0.002593314886636146,-0.019278268175625394,-0.22769216010740376,0.9735388555777689
1785259708.7762833,0.9348313212394714,-0.28607940673828125,0.7494538426399231,0.002593314886636146,-0.019278268175625394,-0.22769216010740376,0.9735388555777689
1785259708.7812831,0.9348313212394714,-0.28607940673828125,0.7494538426399231,0.002593314886636146,-0.019278268175625394,-0.22769216010740376,0.9735388555777689
1785259708.7862747,0.9348313212394714,-0.28607940673828125,0.7494538426399231,0.002593314886636146,-0.019278268175625394,-0.22769216010740376,0.9735388555777689
1785259708.7912898,0.9348313212394714,-0.28607940673828125,0.7494538426399231,0.002593314886636146,-0.019278268175625394,-0.22769216010740376,0.9735388555777689
1785259708.796302,0.9348313212394714,-0.28607940673828125,0.7494538426399231,0.002593314886636146,-0.019278268175625394,-0.22769216010740376,0.9735388555777689
1785259708.8012893,0.9348313212394714,-0.28607940673828125,0.7494538426399231,0.002593314886636146,-0.019278268175625394,-0.22769216010740376,0.9735388555777689
1785259708.806326,0.9348313212394714,-0.28607940673828125,0.7494538426399231,0.002593314886636146,-0.019278268175625394,-0.22769216010740376,0.9735388555777689
1785259708.8113127,0.9348313212394714,-0.28607940673828125,0.7494538426399231,0.002593314886636146,-0.019278268175625394,-0.22769216010740376,0.9735388555777689
1785259708.8163521,0.9348313212394714,-0.28607940673828125,0.7494538426399231,0.002593314886636146,-0.019278268175625394,-0.22769216010740376,0.9735388555777689
1785259708.82126,0.9348313212394714,-0.28607940673828125,0.7494538426399231,0.002593314886636146,-0.019278268175625394,-0.22769216010740376,0.9735388555777689
1785259708.8262773,0.9348313212394714,-0.28607940673828125,0.7494538426399231,0.002593314886636146,-0.019278268175625394,-0.22769216010740376,0.9735388555777689
1785259708.8312771,0.9348313212394714,-0.28607940673828125,0.7494538426399231,0.002593314886636146,-0.019278268175625394,-0.22769216010740376,0.9735388555777689
1785259708.8362956,0.9348313212394714,-0.28607940673828125,0.7494538426399231,0.002593314886636146,-0.019278268175625394,-0.22769216010740376,0.9735388555777689
1785259708.841272,0.9348313212394714,-0.28607940673828125,0.7494538426399231,0.002593314886636146,-0.019278268175625394,-0.22769216010740376,0.9735388555777689
1785259708.8463445,0.9348313212394714,-0.28607940673828125,0.7494538426399231,0.002593314886636146,-0.019278268175625394,-0.22769216010740376,0.9735388555777689
1785259708.8512993,0.9348313212394714,-0.28607940673828125,0.7494538426399231,0.002593314886636146,-0.019278268175625394,-0.22769216010740376,0.9735388555777689
1785259708.8564162,0.9348313212394714,-0.28607940673828125,0.7494612336158752,0.0025618335188142593,-0.019377478130820903,-0.22769118551855985,0.9735371972284697
1785259708.8612423,0.9348313212394714,-0.28607940673828125,0.7494612336158752,0.0025618335188142593,-0.019377478130820903,-0.22769118551855985,0.9735371972284697
1785259708.8663025,0.9348313212394714,-0.28607940673828125,0.7494612336158752,0.0025618335188142593,-0.019377478130820903,-0.22769118551855985,0.9735371972284697
1785259708.8762846,0.9348313212394714,-0.28607940673828125,0.7494612336158752,0.0025618335188142593,-0.019377478130820903,-0.22769118551855985,0.9735371972284697
1785259708.8862739,0.9348313212394714,-0.28607940673828125,0.7494612336158752,0.0025618335188142593,-0.019377478130820903,-0.22769118551855985,0.9735371972284697
1785259708.9012332,0.9348313212394714,-0.28607940673828125,0.7494612336158752,0.0025618335188142593,-0.019377478130820903,-0.22769118551855985,0.9735371972284697
1785259708.9063911,0.9348313212394714,-0.28607940673828125,0.7494612336158752,0.0025618335188142593,-0.019377478130820903,-0.22769118551855985,0.9735371972284697
1785259709.0062852,0.9348313212394714,-0.28607940673828125,0.7494528293609619,0.0025572548040361668,-0.019432186596111452,-0.22769043760980937,0.9735362937215103
1785259709.0212297,0.9348313212394714,-0.28607940673828125,0.7494528293609619,0.0025572548040361668,-0.019432186596111452,-0.22769043760980937,0.9735362937215103
1785259709.0263467,0.9348313212394714,-0.28607940673828125,0.7494528293609619,0.0025572548040361668,-0.019432186596111452,-0.22769043760980937,0.9735362937215103
1785259709.031344,0.9348313212394714,-0.28607940673828125,0.7494528293609619,0.0025572548040361668,-0.019432186596111452,-0.22769043760980937,0.9735362937215103
1785259709.0762718,0.9348313212394714,-0.28607940673828125,0.7494538426399231,0.0025211944474655187,-0.0194916442073096,-0.22769013574180252,0.9735352697619812
1785259709.0812488,0.9348313212394714,-0.28607940673828125,0.7494538426399231,0.0025211944474655187,-0.0194916442073096,-0.22769013574180252,0.9735352697619812
1785259709.0862935,0.9348313212394714,-0.28607940673828125,0.7494538426399231,0.0025211944474655187,-0.0194916442073096,-0.22769013574180252,0.9735352697619812
1785259709.1062868,0.9348313212394714,-0.28607940673828125,0.7494538426399231,0.0025211944474655187,-0.0194916442073096,-0.22769013574180252,0.9735352697619812
1785259709.1112797,0.9348313212394714,-0.28607940673828125,0.7494538426399231,0.0025211944474655187,-0.0194916442073096,-0.22769013574180252,0.9735352697619812
1785259709.116266,0.9348313212394714,-0.28607940673828125,0.7494538426399231,0.0025211944474655187,-0.0194916442073096,-0.22769013574180252,0.9735352697619812
1785259709.1212547,0.9348313212394714,-0.28607940673828125,0.7494538426399231,0.0025211944474655187,-0.0194916442073096,-0.22769013574180252,0.9735352697619812
1785259709.1262887,0.9348313212394714,-0.28607940673828125,0.7494538426399231,0.0025211944474655187,-0.0194916442073096,-0.22769013574180252,0.9735352697619812
1785259709.1312666,0.9348313212394714,-0.28607940673828125,0.7494538426399231,0.0025211944474655187,-0.0194916442073096,-0.22769013574180252,0.9735352697619812
1785259709.1412396,0.9348313212394714,-0.28607940673828125,0.7494538426399231,0.0025211944474655187,-0.0194916442073096,-0.22769013574180252,0.9735352697619812
1785259709.1512816,0.9348313212394714,-0.28607940673828125,0.7494612336158752,0.0025024001645007473,-0.019500821903042448,-0.22769030766281112,0.973535094249271
1785259709.1662912,0.9348313212394714,-0.28607940673828125,0.7494612336158752,0.0025024001645007473,-0.019500821903042448,-0.22769030766281112,0.973535094249271
1785259709.1712723,0.9348313212394714,-0.28607940673828125,0.7494612336158752,0.0025024001645007473,-0.019500821903042448,-0.22769030766281112,0.973535094249271
1785259709.181223,0.9348313212394714,-0.28607940673828125,0.7494612336158752,0.0025024001645007473,-0.019500821903042448,-0.22769030766281112,0.973535094249271
1785259709.2012506,0.9348313212394714,-0.28607940673828125,0.7494612336158752,0.0025024001645007473,-0.019500821903042448,-0.22769030766281112,0.973535094249271
1785259709.20629,0.9348313212394714,-0.28607940673828125,0.7494612336158752,0.0025024001645007473,-0.019500821903042448,-0.22769030766281112,0.973535094249271
1785259709.211394,0.9348313212394714,-0.28607940673828125,0.7494612336158752,0.0025024001645007473,-0.019500821903042448,-0.22769030766281112,0.973535094249271
1785259709.2162967,0.9348313212394714,-0.28607940673828125,0.7494612336158752,0.0025024001645007473,-0.019500821903042448,-0.22769030766281112,0.973535094249271
1785259709.2212272,0.9348313212394714,-0.28607940673828125,0.7494612336158752,0.0025024001645007473,-0.019500821903042448,-0.22769030766281112,0.973535094249271
1785259709.2312782,0.9348313212394714,-0.28607940673828125,0.7494612336158752,0.0025024001645007473,-0.019500821903042448,-0.22769030766281112,0.973535094249271
1785259709.2363346,0.9348313212394714,-0.28607940673828125,0.7494612336158752,0.0025024001645007473,-0.019500821903042448,-0.22769030766281112,0.973535094249271
1785259709.306281,0.9348313212394714,-0.28607940673828125,0.7494528293609619,0.0025154526399334617,-0.019492271231517838,-0.2276902210243614,0.9735352521147504
1785259709.3113053,0.9348313212394714,-0.28607940673828125,0.7494528293609619,0.0025154526399334617,-0.019492271231517838,-0.2276902210243614,0.9735352521147504
1785259709.316298,0.9348313212394714,-0.28607940673828125,0.7494528293609619,0.0025154526399334617,-0.019492271231517838,-0.2276902210243614,0.9735352521147504
1785259709.3212435,0.9348313212394714,-0.28607940673828125,0.7494528293609619,0.0025154526399334617,-0.019492271231517838,-0.2276902210243614,0.9735352521147504
1785259709.331272,0.9348313212394714,-0.28607940673828125,0.7494528293609619,0.0025154526399334617,-0.019492271231517838,-0.2276902210243614,0.9735352521147504
1785259709.3363183,0.9348313212394714,-0.28607940673828125,0.7494528293609619,0.0025154526399334617,-0.019492271231517838,-0.2276902210243614,0.9735352521147504
1785259709.3414276,0.9348313212394714,-0.28607940673828125,0.7494528293609619,0.0025154526399334617,-0.019492271231517838,-0.2276902210243614,0.9735352521147504
1785259709.3463974,0.9348313212394714,-0.28607940673828125,0.7494538426399231,0.002517186139863482,-0.01948200468507837,-0.22769034705738372,0.9735354236617567
1785259709.3662841,0.9348313212394714,-0.28607940673828125,0.7494538426399231,0.002517186139863482,-0.01948200468507837,-0.22769034705738372,0.9735354236617567
1785259709.3762817,0.9348313212394714,-0.28607940673828125,0.7494538426399231,0.002517186139863482,-0.01948200468507837,-0.22769034705738372,0.9735354236617567
1785259709.386288,0.9348313212394714,-0.28607940673828125,0.7494538426399231,0.002517186139863482,-0.01948200468507837,-0.22769034705738372,0.9735354236617567
1785259709.3912642,0.9348313212394714,-0.28607940673828125,0.7494538426399231,0.002517186139863482,-0.01948200468507837,-0.22769034705738372,0.9735354236617567
1785259709.396272,0.9348313212394714,-0.28607940673828125,0.7494538426399231,0.002517186139863482,-0.01948200468507837,-0.22769034705738372,0.9735354236617567
1785259709.4112618,0.9348313212394714,-0.28607940673828125,0.7494538426399231,0.002517186139863482,-0.01948200468507837,-0.22769034705738372,0.9735354236617567
1785259709.4163072,0.9348313212394714,-0.28607940673828125,0.7494538426399231,0.002517186139863482,-0.01948200468507837,-0.22769034705738372,0.9735354236617567
1785259709.4212341,0.9348313212394714,-0.28607940673828125,0.7494538426399231,0.002517186139863482,-0.01948200468507837,-0.22769034705738372,0.9735354236617567
1785259709.4363055,0.9348313212394714,-0.28607940673828125,0.7494538426399231,0.002517186139863482,-0.01948200468507837,-0.22769034705738372,0.9735354236617567
1785259709.4412413,0.9348313212394714,-0.28607940673828125,0.7494538426399231,0.002517186139863482,-0.01948200468507837,-0.22769034705738372,0.9735354236617567
1785259709.4513307,0.9348313212394714,-0.28607940673828125,0.7494612336158752,0.0024988876771943813,-0.019493820984318042,-0.22769047103475537,0.9735352052718893
1785259709.4562786,0.9348313212394714,-0.28607940673828125,0.7494612336158752,0.0024988876771943813,-0.019493820984318042,-0.22769047103475537,0.9735352052718893
1785259709.4612148,0.9348313212394714,-0.28607940673828125,0.7494612336158752,0.0024988876771943813,-0.019493820984318042,-0.22769047103475537,0.9735352052718893
1785259709.4662626,0.9348313212394714,-0.28607940673828125,0.7494612336158752,0.0024988876771943813,-0.019493820984318042,-0.22769047103475537,0.9735352052718893
1785259709.4762607,0.9348313212394714,-0.28607940673828125,0.7494612336158752,0.0024988876771943813,-0.019493820984318042,-0.22769047103475537,0.9735352052718893
1785259709.4812088,0.9348313212394714,-0.28607940673828125,0.7494612336158752,0.0024988876771943813,-0.019493820984318042,-0.22769047103475537,0.9735352052718893
1785259709.4862685,0.9348313212394714,-0.28607940673828125,0.7494612336158752,0.0024988876771943813,-0.019493820984318042,-0.22769047103475537,0.9735352052718893
1785259709.491293,0.9348313212394714,-0.28607940673828125,0.7494612336158752,0.0024988876771943813,-0.019493820984318042,-0.22769047103475537,0.9735352052718893
1785259709.4962783,0.9348313212394714,-0.28607940673828125,0.7494612336158752,0.0024988876771943813,-0.019493820984318042,-0.22769047103475537,0.9735352052718893
1785259709.5012357,0.9348313212394714,-0.28607940673828125,0.7494612336158752,0.0024988876771943813,-0.019493820984318042,-0.22769047103475537,0.9735352052718893
1785259709.5062795,0.9348313212394714,-0.28607940673828125,0.7494612336158752,0.0024988876771943813,-0.019493820984318042,-0.22769047103475537,0.9735352052718893
1785259709.511298,0.9348313212394714,-0.28607940673828125,0.7494612336158752,0.0024988876771943813,-0.019493820984318042,-0.22769047103475537,0.9735352052718893
1785259709.5162857,0.9348313212394714,-0.28607940673828125,0.7494612336158752,0.0024988876771943813,-0.019493820984318042,-0.22769047103475537,0.9735352052718893
1785259709.5212717,0.9348313212394714,-0.28607940673828125,0.7494612336158752,0.0024988876771943813,-0.019493820984318042,-0.22769047103475537,0.9735352052718893
1785259709.5362613,0.9348313212394714,-0.28607940673828125,0.7494612336158752,0.0024988876771943813,-0.019493820984318042,-0.22769047103475537,0.9735352052718893
1785259709.5412235,0.9348313212394714,-0.28607940673828125,0.7494612336158752,0.0024988876771943813,-0.019493820984318042,-0.22769047103475537,0.9735352052718893
1785259709.546333,0.9348313212394714,-0.28607940673828125,0.7494528293609619,0.0025081228704586225,-0.01949126649860951,-0.2276903570922976,0.9735352593189057
1785259709.5762994,0.9348313212394714,-0.28607940673828125,0.7494528293609619,0.0025081228704586225,-0.01949126649860951,-0.2276903570922976,0.9735352593189057
1785259709.5962787,0.9348313212394714,-0.28607940673828125,0.7494528293609619,0.0025081228704586225,-0.01949126649860951,-0.2276903570922976,0.9735352593189057
1785259709.6012301,0.9348313212394714,-0.28607940673828125,0.7494528293609619,0.0025081228704586225,-0.01949126649860951,-0.2276903570922976,0.9735352593189057
1785259709.6063364,0.9348313212394714,-0.28607940673828125,0.7494528293609619,0.0025081228704586225,-0.01949126649860951,-0.2276903570922976,0.9735352593189057
1785259709.611313,0.9348313212394714,-0.28607940673828125,0.7494528293609619,0.0025081228704586225,-0.01949126649860951,-0.2276903570922976,0.9735352593189057
1785259709.616275,0.9348313212394714,-0.28607940673828125,0.7494528293609619,0.0025081228704586225,-0.01949126649860951,-0.2276903570922976,0.9735352593189057
1785259709.6212468,0.9348313212394714,-0.28607940673828125,0.7494528293609619,0.0025081228704586225,-0.01949126649860951,-0.2276903570922976,0.9735352593189057
1785259709.6312823,0.9348313212394714,-0.28607940673828125,0.7494528293609619,0.0025081228704586225,-0.01949126649860951,-0.2276903570922976,0.9735352593189057
1785259709.636292,0.9348313212394714,-0.28607940673828125,0.7494528293609619,0.0025081228704586225,-0.01949126649860951,-0.2276903570922976,0.9735352593189057
1785259709.6612487,0.9348313212394714,-0.28607940673828125,0.7494538426399231,0.0025004550279289113,-0.019495885892393858,-0.22769041408599255,0.9735351732173179
1785259709.671297,0.9348313212394714,-0.28607940673828125,0.7494538426399231,0.0025004550279289113,-0.019495885892393858,-0.22769041408599255,0.9735351732173179
1785259709.6763124,0.9348313212394714,-0.28607940673828125,0.7494538426399231,0.0025004550279289113,-0.019495885892393858,-0.22769041408599255,0.9735351732173179
1785259709.6812534,0.9348313212394714,-0.28607940673828125,0.7494538426399231,0.0025004550279289113,-0.019495885892393858,-0.22769041408599255,0.9735351732173179
1785259709.6912775,0.9348313212394714,-0.28607940673828125,0.7494538426399231,0.0025004550279289113,-0.019495885892393858,-0.22769041408599255,0.9735351732173179
1785259709.6962664,0.9348313212394714,-0.28607940673828125,0.7494538426399231,0.0025004550279289113,-0.019495885892393858,-0.22769041408599255,0.9735351732173179
1785259709.706263,0.9348313212394714,-0.28607940673828125,0.7494538426399231,0.0025004550279289113,-0.019495885892393858,-0.22769041408599255,0.9735351732173179
1785259709.7112873,0.9348313212394714,-0.28607940673828125,0.7494538426399231,0.0025004550279289113,-0.019495885892393858,-0.22769041408599255,0.9735351732173179
1785259709.7262707,0.9348313212394714,-0.28607940673828125,0.7494538426399231,0.0025004550279289113,-0.019495885892393858,-0.22769041408599255,0.9735351732173179
1785259709.7412448,0.9348313212394714,-0.28607940673828125,0.7494538426399231,0.0025004550279289113,-0.019495885892393858,-0.22769041408599255,0.9735351732173179
1785259709.751287,0.9348313212394714,-0.28607940673828125,0.7494612336158752,0.0024854642132711357,-0.019505287574691922,-0.22769052010567722,0.9735349984865872
1785259709.7562654,0.9348313212394714,-0.28607940673828125,0.7494612336158752,0.0024854642132711357,-0.019505287574691922,-0.22769052010567722,0.9735349984865872
1785259709.7912714,0.9348313212394714,-0.28607940673828125,0.7494612336158752,0.0024854642132711357,-0.019505287574691922,-0.22769052010567722,0.9735349984865872
1785259709.7962754,0.9348313212394714,-0.28607940673828125,0.7494612336158752,0.0024854642132711357,-0.019505287574691922,-0.22769052010567722,0.9735349984865872
1785259709.8012457,0.9348313212394714,-0.28607940673828125,0.7494612336158752,0.0024854642132711357,-0.019505287574691922,-0.22769052010567722,0.9735349984865872
1785259709.81129,0.9348313212394714,-0.28607940673828125,0.7494612336158752,0.0024854642132711357,-0.019505287574691922,-0.22769052010567722,0.9735349984865872
1785259709.8162744,0.9348313212394714,-0.28607940673828125,0.7494612336158752,0.0024854642132711357,-0.019505287574691922,-0.22769052010567722,0.9735349984865872
1785259709.82633,0.9348313212394714,-0.28607940673828125,0.7494612336158752,0.0024854642132711357,-0.019505287574691922,-0.22769052010567722,0.9735349984865872
1785259709.8362906,0.9348313212394714,-0.28607940673828125,0.7494612336158752,0.0024854642132711357,-0.019505287574691922,-0.22769052010567722,0.9735349984865872
1785259709.8412242,0.9348313212394714,-0.28607940673828125,0.7494612336158752,0.0024854642132711357,-0.019505287574691922,-0.22769052010567722,0.9735349984865872
1785259709.8462813,0.9348313212394714,-0.28607940673828125,0.7494612336158752,0.0024854642132711357,-0.019505287574691922,-0.22769052010567722,0.9735349984865872
1785259709.8712966,0.9348313212394714,-0.28607940673828125,0.7494528293609619,0.0025409100128223156,-0.019364802383159723,-0.22769171869779006,0.973537379580987
1785259709.8812356,0.9348313212394714,-0.28607940673828125,0.7494528293609619,0.0025409100128223156,-0.019364802383159723,-0.22769171869779006,0.973537379580987
1785259709.886278,0.9348313212394714,-0.28607940673828125,0.7494528293609619,0.0025409100128223156,-0.019364802383159723,-0.22769171869779006,0.973537379580987
1785259709.891265,0.9348313212394714,-0.28607940673828125,0.7494528293609619,0.0025409100128223156,-0.019364802383159723,-0.22769171869779006,0.973537379580987
1785259709.8962781,0.9348313212394714,-0.28607940673828125,0.7494528293609619,0.0025409100128223156,-0.019364802383159723,-0.22769171869779006,0.973537379580987
1785259709.911289,0.9348313212394714,-0.28607940673828125,0.7494528293609619,0.0025409100128223156,-0.019364802383159723,-0.22769171869779006,0.973537379580987
1785259709.9162846,0.9348313212394714,-0.28607940673828125,0.7494528293609619,0.0025409100128223156,-0.019364802383159723,-0.22769171869779006,0.973537379580987
1785259709.9212286,0.9348313212394714,-0.28607940673828125,0.7494528293609619,0.0025409100128223156,-0.019364802383159723,-0.22769171869779006,0.973537379580987
1785259709.9263158,0.9348313212394714,-0.28607940673828125,0.7494528293609619,0.0025409100128223156,-0.019364802383159723,-0.22769171869779006,0.973537379580987
1785259709.936282,0.9348313212394714,-0.28607940673828125,0.7494528293609619,0.0025409100128223156,-0.019364802383159723,-0.22769171869779006,0.973537379580987
1785259709.941238,0.9348313212394714,-0.28607940673828125,0.7494528293609619,0.0025409100128223156,-0.019364802383159723,-0.22769171869779006,0.973537379580987
1785259709.9512634,0.9348313212394714,-0.28607940673828125,0.7494528293609619,0.0025409100128223156,-0.019364802383159723,-0.22769171869779006,0.973537379580987
1785259709.9563851,0.9348313212394714,-0.28607940673828125,0.7494538426399231,0.002556047414926446,-0.01927324131903789,-0.22769284275331877,0.9735388940096761
1785259709.961222,0.9348313212394714,-0.28607940673828125,0.7494538426399231,0.002556047414926446,-0.01927324131903789,-0.22769284275331877,0.9735388940096761
1785259709.9762697,0.9348313212394714,-0.28607940673828125,0.7494538426399231,0.002556047414926446,-0.01927324131903789,-0.22769284275331877,0.9735388940096761
1785259709.9862726,0.9348313212394714,-0.28607940673828125,0.7494538426399231,0.002556047414926446,-0.01927324131903789,-0.22769284275331877,0.9735388940096761
1785259709.9913034,0.9348313212394714,-0.28607940673828125,0.7494538426399231,0.002556047414926446,-0.01927324131903789,-0.22769284275331877,0.9735388940096761
1785259709.9963038,0.9348313212394714,-0.28607940673828125,0.7494538426399231,0.002556047414926446,-0.01927324131903789,-0.22769284275331877,0.9735388940096761
1785259710.0015159,0.9348313212394714,-0.28607940673828125,0.7494538426399231,0.002556047414926446,-0.01927324131903789,-0.22769284275331877,0.9735388940096761
1785259710.0062828,0.9348313212394714,-0.28607940673828125,0.7494538426399231,0.002556047414926446,-0.01927324131903789,-0.22769284275331877,0.9735388940096761
1785259710.0112813,0.9348313212394714,-0.28607940673828125,0.7494538426399231,0.002556047414926446,-0.01927324131903789,-0.22769284275331877,0.9735388940096761
1785259710.016287,0.9348313212394714,-0.28607940673828125,0.7494538426399231,0.002556047414926446,-0.01927324131903789,-0.22769284275331877,0.9735388940096761
1785259710.0212464,0.9348313212394714,-0.28607940673828125,0.7494538426399231,0.002556047414926446,-0.01927324131903789,-0.22769284275331877,0.9735388940096761
1785259710.3712602,0.9348313212394714,-0.28607940673828125,0.7494612336158752,0.0026092499826629815,-0.019044874840289862,-0.22769538435842787,0.9735426526345486
1785259710.3812087,0.9348313212394714,-0.28607940673828125,0.7494612336158752,0.0026092499826629815,-0.019044874840289862,-0.22769538435842787,0.9735426526345486
1785259710.3862596,0.9348313212394714,-0.28607940673828125,0.7494612336158752,0.0026092499826629815,-0.019044874840289862,-0.22769538435842787,0.9735426526345486
1785259710.3962715,0.9348313212394714,-0.28607940673828125,0.7494612336158752,0.0026092499826629815,-0.019044874840289862,-0.22769538435842787,0.9735426526345486
1785259710.411261,0.9348313212394714,-0.28607940673828125,0.7494612336158752,0.0026092499826629815,-0.019044874840289862,-0.22769538435842787,0.9735426526345486
1785259710.416278,0.9348313212394714,-0.28607940673828125,0.7494612336158752,0.0026092499826629815,-0.019044874840289862,-0.22769538435842787,0.9735426526345486
1785259710.431278,0.9348313212394714,-0.28607940673828125,0.7494612336158752,0.0026092499826629815,-0.019044874840289862,-0.22769538435842787,0.9735426526345486
1785259710.436285,0.9348313212394714,-0.28607940673828125,0.7494612336158752,0.0026092499826629815,-0.019044874840289862,-0.22769538435842787,0.9735426526345486
1785259710.4912965,0.9348313212394714,-0.28607940673828125,0.7494528293609619,0.0026456016839033142,-0.018992852058096827,-0.2276955729219584,0.9735435267280916
1785259710.5062652,0.9348313212394714,-0.28607940673828125,0.7494528293609619,0.0026456016839033142,-0.018992852058096827,-0.2276955729219584,0.9735435267280916
1785259710.5112984,0.9348313212394714,-0.28607940673828125,0.7494528293609619,0.0026456016839033142,-0.018992852058096827,-0.2276955729219584,0.9735435267280916
1785259710.5162969,0.9348313212394714,-0.28607940673828125,0.7494528293609619,0.0026456016839033142,-0.018992852058096827,-0.2276955729219584,0.9735435267280916
1785259710.5212505,0.9348313212394714,-0.28607940673828125,0.7494528293609619,0.0026456016839033142,-0.018992852058096827,-0.2276955729219584,0.9735435267280916
1785259710.5262969,0.9348313212394714,-0.28607940673828125,0.7494528293609619,0.0026456016839033142,-0.018992852058096827,-0.2276955729219584,0.9735435267280916
1785259710.5312796,0.9348313212394714,-0.28607940673828125,0.7494528293609619,0.0026456016839033142,-0.018992852058096827,-0.2276955729219584,0.9735435267280916
1785259710.5362754,0.9348313212394714,-0.28607940673828125,0.7494528293609619,0.0026456016839033142,-0.018992852058096827,-0.2276955729219584,0.9735435267280916
1785259710.541227,0.9348313212394714,-0.28607940673828125,0.7494528293609619,0.0026456016839033142,-0.018992852058096827,-0.2276955729219584,0.9735435267280916
1785259710.5462837,0.9348313212394714,-0.28607940673828125,0.7494528293609619,0.0026456016839033142,-0.018992852058096827,-0.2276955729219584,0.9735435267280916
1785259710.5512867,0.9348313212394714,-0.28607940673828125,0.7494528293609619,0.0026456016839033142,-0.018992852058096827,-0.2276955729219584,0.9735435267280916
1785259710.5563567,0.9348313212394714,-0.28607940673828125,0.7494538426399231,0.0026494766748135284,-0.01901685633072621,-0.2276951541083182,0.9735431455483806
1785259710.5612528,0.9348313212394714,-0.28607940673828125,0.7494538426399231,0.0026494766748135284,-0.01901685633072621,-0.2276951541083182,0.9735431455483806
1785259710.5662956,0.9348313212394714,-0.28607940673828125,0.7494538426399231,0.0026494766748135284,-0.01901685633072621,-0.2276951541083182,0.9735431455483806
1785259710.596264,0.9348313212394714,-0.28607940673828125,0.7494538426399231,0.0026494766748135284,-0.01901685633072621,-0.2276951541083182,0.9735431455483806
1785259710.6012392,0.9348313212394714,-0.28607940673828125,0.7494538426399231,0.0026494766748135284,-0.01901685633072621,-0.2276951541083182,0.9735431455483806
1785259710.6062799,0.9348313212394714,-0.28607940673828125,0.7494538426399231,0.0026494766748135284,-0.01901685633072621,-0.2276951541083182,0.9735431455483806
1785259710.6112714,0.9348313212394714,-0.28607940673828125,0.7494538426399231,0.0026494766748135284,-0.01901685633072621,-0.2276951541083182,0.9735431455483806
1785259710.61628,0.9348313212394714,-0.28607940673828125,0.7494538426399231,0.0026494766748135284,-0.01901685633072621,-0.2276951541083182,0.9735431455483806
1785259710.6212492,0.9348313212394714,-0.28607940673828125,0.7494538426399231,0.0026494766748135284,-0.01901685633072621,-0.2276951541083182,0.9735431455483806
1785259710.6263914,0.9348313212394714,-0.28607940673828125,0.7494538426399231,0.0026494766748135284,-0.01901685633072621,-0.2276951541083182,0.9735431455483806
1785259710.631286,0.9348313212394714,-0.28607940673828125,0.7494538426399231,0.0026494766748135284,-0.01901685633072621,-0.2276951541083182,0.9735431455483806
1785259710.641226,0.9348313212394714,-0.28607940673828125,0.7494538426399231,0.0026494766748135284,-0.01901685633072621,-0.2276951541083182,0.9735431455483806
1785259710.6462798,0.9348313212394714,-0.28607940673828125,0.7494538426399231,0.0026494766748135284,-0.01901685633072621,-0.2276951541083182,0.9735431455483806
1785259710.6512716,0.9348313212394714,-0.28607940673828125,0.7494538426399231,0.0026494766748135284,-0.01901685633072621,-0.2276951541083182,0.9735431455483806
1785259710.6712594,0.9348313212394714,-0.28607940673828125,0.7494612336158752,0.0026270840447380995,-0.019063935185612065,-0.2276948139893008,0.9735423650191287
1785259710.69126,0.9348313212394714,-0.28607940673828125,0.7494612336158752,0.0026270840447380995,-0.019063935185612065,-0.2276948139893008,0.9735423650191287
1785259710.6962616,0.9348313212394714,-0.28607940673828125,0.7494612336158752,0.0026270840447380995,-0.019063935185612065,-0.2276948139893008,0.9735423650191287
1785259710.7262833,0.9348313212394714,-0.28607940673828125,0.7494612336158752,0.0026270840447380995,-0.019063935185612065,-0.2276948139893008,0.9735423650191287
1785259710.7362669,0.9348313212394714,-0.28607940673828125,0.7494612336158752,0.0026270840447380995,-0.019063935185612065,-0.2276948139893008,0.9735423650191287
1785259710.7412143,0.9348313212394714,-0.28607940673828125,0.7494612336158752,0.0026270840447380995,-0.019063935185612065,-0.2276948139893008,0.9735423650191287
1785259710.7512712,0.9348313212394714,-0.28607940673828125,0.7494612336158752,0.0026270840447380995,-0.019063935185612065,-0.2276948139893008,0.9735423650191287
1785259710.7662818,0.9348313212394714,-0.28607940673828125,0.7494528293609619,0.002618531635559783,-0.019161146809766834,-0.22769350297410265,0.973540786227465
1785259710.8163168,0.9348313212394714,-0.28607940673828125,0.7494528293609619,0.002618531635559783,-0.019161146809766834,-0.22769350297410265,0.973540786227465
1785259710.821237,0.9348313212394714,-0.28607940673828125,0.7494528293609619,0.002618531635559783,-0.019161146809766834,-0.22769350297410265,0.973540786227465
1785259710.8262918,0.9348313212394714,-0.28607940673828125,0.7494528293609619,0.002618531635559783,-0.019161146809766834,-0.22769350297410265,0.973540786227465
1785259710.8512795,0.9348313212394714,-0.28607940673828125,0.7494528293609619,0.002618531635559783,-0.019161146809766834,-0.22769350297410265,0.973540786227465
1785259710.8962724,0.9348313212394714,-0.28607940673828125,0.7494538426399231,0.0025915098030440033,-0.019276738635351873,-0.22769221244911964,0.9735388784299013
1785259710.9062805,0.9348313212394714,-0.28607940673828125,0.7494538426399231,0.0025915098030440033,-0.019276738635351873,-0.22769221244911964,0.9735388784299013
1785259710.9112616,0.9348313212394714,-0.28607940673828125,0.7494538426399231,0.0025915098030440033,-0.019276738635351873,-0.22769221244911964,0.9735388784299013
1785259710.9162772,0.9348313212394714,-0.28607940673828125,0.7494538426399231,0.0025915098030440033,-0.019276738635351873,-0.22769221244911964,0.9735388784299013
1785259710.9212224,0.9348313212394714,-0.28607940673828125,0.7494538426399231,0.0025915098030440033,-0.019276738635351873,-0.22769221244911964,0.9735388784299013
1785259710.9262667,0.9348313212394714,-0.28607940673828125,0.7494538426399231,0.0025915098030440033,-0.019276738635351873,-0.22769221244911964,0.9735388784299013
1785259710.9312637,0.9348313212394714,-0.28607940673828125,0.7494538426399231,0.0025915098030440033,-0.019276738635351873,-0.22769221244911964,0.9735388784299013
1785259710.9362617,0.9348313212394714,-0.28607940673828125,0.7494538426399231,0.0025915098030440033,-0.019276738635351873,-0.22769221244911964,0.9735388784299013
1785259710.9412374,0.9348313212394714,-0.28607940673828125,0.7494538426399231,0.0025915098030440033,-0.019276738635351873,-0.22769221244911964,0.9735388784299013
1785259710.9462686,0.9348313212394714,-0.28607940673828125,0.7494538426399231,0.0025915098030440033,-0.019276738635351873,-0.22769221244911964,0.9735388784299013
1785259710.951278,0.9348313212394714,-0.28607940673828125,0.7494538426399231,0.0025915098030440033,-0.019276738635351873,-0.22769221244911964,0.9735388784299013
1785259710.95634,0.9348313212394714,-0.28607940673828125,0.7494612336158752,0.0025603874893589656,-0.019376183660570173,-0.2276912286699278,0.9735372167048545
1785259710.9812198,0.9348313212394714,-0.28607940673828125,0.7494612336158752,0.0025603874893589656,-0.019376183660570173,-0.2276912286699278,0.9735372167048545
1785259710.9862986,0.9348313212394714,-0.28607940673828125,0.7494612336158752,0.0025603874893589656,-0.019376183660570173,-0.2276912286699278,0.9735372167048545
1785259710.9912965,0.9348313212394714,-0.28607940673828125,0.7494612336158752,0.0025603874893589656,-0.019376183660570173,-0.2276912286699278,0.9735372167048545
1785259711.0012817,0.9348313212394714,-0.28607940673828125,0.7494612336158752,0.0025603874893589656,-0.019376183660570173,-0.2276912286699278,0.9735372167048545
1785259711.0062702,0.9348313212394714,-0.28607940673828125,0.7494612336158752,0.0025603874893589656,-0.019376183660570173,-0.2276912286699278,0.9735372167048545
1785259711.0112808,0.9348313212394714,-0.28607940673828125,0.7494612336158752,0.0025603874893589656,-0.019376183660570173,-0.2276912286699278,0.9735372167048545
1785259711.0162616,0.9348313212394714,-0.28607940673828125,0.7494612336158752,0.0025603874893589656,-0.019376183660570173,-0.2276912286699278,0.9735372167048545
1785259711.0212278,0.9348313212394714,-0.28607940673828125,0.7494612336158752,0.0025603874893589656,-0.019376183660570173,-0.2276912286699278,0.9735372167048545
1785259711.026272,0.9348313212394714,-0.28607940673828125,0.7494612336158752,0.0025603874893589656,-0.019376183660570173,-0.2276912286699278,0.9735372167048545
1785259711.0312638,0.9348313212394714,-0.28607940673828125,0.7494612336158752,0.0025603874893589656,-0.019376183660570173,-0.2276912286699278,0.9735372167048545
1785259711.0362682,0.9348313212394714,-0.28607940673828125,0.7494612336158752,0.0025603874893589656,-0.019376183660570173,-0.2276912286699278,0.9735372167048545
1785259711.051269,0.9348313212394714,-0.28607940673828125,0.7494612336158752,0.0025603874893589656,-0.019376183660570173,-0.2276912286699278,0.9735372167048545
1785259711.1212194,0.9348313212394714,-0.28607940673828125,0.7494528293609619,0.0025560946951564264,-0.019431100526977146,-0.2276904730352216,0.973536310160652
1785259711.2513556,0.9348313212394714,-0.28607940673828125,0.7494538426399231,0.00252026514552296,-0.019490736435326443,-0.2276901647505311,0.9735352835581672
1785259711.3112981,0.9348313212394714,-0.28607940673828125,0.7494612336158752,0.0025016533842901444,-0.01950006583388476,-0.22769033137582398,0.9735351057670116
1785259711.3212204,0.9348313212394714,-0.28607940673828125,0.7494612336158752,0.0025016533842901444,-0.01950006583388476,-0.22769033137582398,0.9735351057670116
1785259711.326297,0.9348313212394714,-0.28607940673828125,0.7494612336158752,0.0025016533842901444,-0.01950006583388476,-0.22769033137582398,0.9735351057670116
1785259711.5212379,0.9348313212394714,-0.28607940673828125,0.7494538426399231,0.0025167047984528575,-0.019481477087623992,-0.22769036293911402,0.9735354317497111
1785259711.5262861,0.9348313212394714,-0.28607940673828125,0.7494538426399231,0.0025167047984528575,-0.019481477087623992,-0.22769036293911402,0.9735354317497111
1785259711.5462751,0.9348313212394714,-0.28607940673828125,0.7494538426399231,0.0025167047984528575,-0.019481477087623992,-0.22769036293911402,0.9735354317497111
1785259711.5512679,0.9348313212394714,-0.28607940673828125,0.7494538426399231,0.0025167047984528575,-0.019481477087623992,-0.22769036293911402,0.9735354317497111
1785259711.5664532,0.9348313212394714,-0.28607940673828125,0.7494612336158752,0.0024985024862096182,-0.019493378988347278,-0.2276904840438533,0.9735352120682739
1785259711.5712907,0.9348313212394714,-0.28607940673828125,0.7494612336158752,0.0024985024862096182,-0.019493378988347278,-0.2276904840438533,0.9735352120682739
1785259711.5812178,0.9348313212394714,-0.28607940673828125,0.7494612336158752,0.0024985024862096182,-0.019493378988347278,-0.2276904840438533,0.9735352120682739
1785259711.5862696,0.9348313212394714,-0.28607940673828125,0.7494612336158752,0.0024985024862096182,-0.019493378988347278,-0.2276904840438533,0.9735352120682739
1785259711.5962644,0.9348313212394714,-0.28607940673828125,0.7494612336158752,0.0024985024862096182,-0.019493378988347278,-0.2276904840438533,0.9735352120682739
1785259711.6012337,0.9348313212394714,-0.28607940673828125,0.7494612336158752,0.0024985024862096182,-0.019493378988347278,-0.2276904840438533,0.9735352120682739
1785259711.6112838,0.9348313212394714,-0.28607940673828125,0.7494612336158752,0.0024985024862096182,-0.019493378988347278,-0.2276904840438533,0.9735352120682739
1785259711.6212351,0.9348313212394714,-0.28607940673828125,0.7494612336158752,0.0024985024862096182,-0.019493378988347278,-0.2276904840438533,0.9735352120682739
1785259711.6262958,0.9348313212394714,-0.28607940673828125,0.7494612336158752,0.0024985024862096182,-0.019493378988347278,-0.2276904840438533,0.9735352120682739
1785259711.631274,0.9348313212394714,-0.28607940673828125,0.7494612336158752,0.0024985024862096182,-0.019493378988347278,-0.2276904840438533,0.9735352120682739
1785259711.6362789,0.9348313212394714,-0.28607940673828125,0.7494612336158752,0.0024985024862096182,-0.019493378988347278,-0.2276904840438533,0.9735352120682739
1785259711.6412284,0.9348313212394714,-0.28607940673828125,0.7494612336158752,0.0024985024862096182,-0.019493378988347278,-0.2276904840438533,0.9735352120682739
1785259711.6462677,0.9348313212394714,-0.28607940673828125,0.7494612336158752,0.0024985024862096182,-0.019493378988347278,-0.2276904840438533,0.9735352120682739
1785259711.6513014,0.9348313212394714,-0.28607940673828125,0.7494612336158752,0.0024985024862096182,-0.019493378988347278,-0.2276904840438533,0.9735352120682739
1785259711.656281,0.9348313212394714,-0.28607940673828125,0.7494612336158752,0.0024985024862096182,-0.019493378988347278,-0.2276904840438533,0.9735352120682739
1785259711.6712987,0.9348313212394714,-0.28607940673828125,0.7494528293609619,0.0025078119833468315,-0.019490899257094376,-0.22769036775114723,0.973535264979422
1785259711.6862695,0.9348313212394714,-0.28607940673828125,0.7494528293609619,0.0025078119833468315,-0.019490899257094376,-0.22769036775114723,0.973535264979422
1785259711.6962812,0.9348313212394714,-0.28607940673828125,0.7494528293609619,0.0025078119833468315,-0.019490899257094376,-0.22769036775114723,0.973535264979422
1785259711.701305,0.9348313212394714,-0.28607940673828125,0.7494528293609619,0.0025078119833468315,-0.019490899257094376,-0.22769036775114723,0.973535264979422
1785259711.7162879,0.9348313212394714,-0.28607940673828125,0.7494528293609619,0.0025078119833468315,-0.019490899257094376,-0.22769036775114723,0.973535264979422
1785259711.7262812,0.9348313212394714,-0.28607940673828125,0.7494528293609619,0.0025078119833468315,-0.019490899257094376,-0.22769036775114723,0.973535264979422
1785259711.7462773,0.9348313212394714,-0.28607940673828125,0.7494528293609619,0.0025078119833468315,-0.019490899257094376,-0.22769036775114723,0.973535264979422
1785259711.7513118,0.9348313212394714,-0.28607940673828125,0.7494528293609619,0.0025078119833468315,-0.019490899257094376,-0.22769036775114723,0.973535264979422
1785259711.75628,0.9348313212394714,-0.28607940673828125,0.7494528293609619,0.0025078119833468315,-0.019490899257094376,-0.22769036775114723,0.973535264979422
1785259711.761222,0.9348313212394714,-0.28607940673828125,0.7494528293609619,0.0025078119833468315,-0.019490899257094376,-0.22769036775114723,0.973535264979422
1785259711.766356,0.9348313212394714,-0.28607940673828125,0.7494538426399231,0.0025002060031583395,-0.01949557710766767,-0.22769042284427826,0.9735351779921333
1785259711.771266,0.9348313212394714,-0.28607940673828125,0.7494538426399231,0.0025002060031583395,-0.01949557710766767,-0.22769042284427826,0.9735351779921333
1785259711.7762904,0.9348313212394714,-0.28607940673828125,0.7494538426399231,0.0025002060031583395,-0.01949557710766767,-0.22769042284427826,0.9735351779921333
1785259711.7812188,0.9348313212394714,-0.28607940673828125,0.7494538426399231,0.0025002060031583395,-0.01949557710766767,-0.22769042284427826,0.9735351779921333
1785259711.796273,0.9348313212394714,-0.28607940673828125,0.7494538426399231,0.0025002060031583395,-0.01949557710766767,-0.22769042284427826,0.9735351779921333
1785259711.8012228,0.9348313212394714,-0.28607940673828125,0.7494538426399231,0.0025002060031583395,-0.01949557710766767,-0.22769042284427826,0.9735351779921333
1785259711.8113036,0.9348313212394714,-0.28607940673828125,0.7494538426399231,0.0025002060031583395,-0.01949557710766767,-0.22769042284427826,0.9735351779921333
1785259711.821232,0.9348313212394714,-0.28607940673828125,0.7494538426399231,0.0025002060031583395,-0.01949557710766767,-0.22769042284427826,0.9735351779921333
1785259711.8263052,0.9348313212394714,-0.28607940673828125,0.7494538426399231,0.0025002060031583395,-0.01949557710766767,-0.22769042284427826,0.9735351779921333
1785259711.8312962,0.9348313212394714,-0.28607940673828125,0.7494538426399231,0.0025002060031583395,-0.01949557710766767,-0.22769042284427826,0.9735351779921333
1785259711.836289,0.9348313212394714,-0.28607940673828125,0.7494538426399231,0.0025002060031583395,-0.01949557710766767,-0.22769042284427826,0.9735351779921333
1785259711.8462813,0.9348313212394714,-0.28607940673828125,0.7494538426399231,0.0025002060031583395,-0.01949557710766767,-0.22769042284427826,0.9735351779921333
1785259711.8512635,0.9348313212394714,-0.28607940673828125,0.7494538426399231,0.0025002060031583395,-0.01949557710766767,-0.22769042284427826,0.9735351779921333
1785259711.8612409,0.9348313212394714,-0.28607940673828125,0.7494538426399231,0.0025002060031583395,-0.01949557710766767,-0.22769042284427826,0.9735351779921333
1785259711.8663561,0.9348313212394714,-0.28607940673828125,0.7494612336158752,0.0024852633931701507,-0.01950503022741929,-0.22769052729456263,0.973535002473983
1785259711.9012089,0.9348313212394714,-0.28607940673828125,0.7494612336158752,0.0024852633931701507,-0.01950503022741929,-0.22769052729456263,0.973535002473983
1785259711.9162629,0.9348313212394714,-0.28607940673828125,0.7494612336158752,0.0024852633931701507,-0.01950503022741929,-0.22769052729456263,0.973535002473983
1785259711.926277,0.9348313212394714,-0.28607940673828125,0.7494612336158752,0.0024852633931701507,-0.01950503022741929,-0.22769052729456263,0.973535002473983
1785259712.146276,0.9348313212394714,-0.28607940673828125,0.7494538426399231,0.0024925846900297867,-0.019503812521379893,-0.2276904247077574,0.9735350321457852
1785259712.1663377,0.9348313212394714,-0.28607940673828125,0.7494612336158752,0.0024753548875512356,-0.0195163396728143,-0.22769052085207706,0.9735348025715701
1785259712.1762784,0.9348313212394714,-0.28607940673828125,0.7494612336158752,0.0024753548875512356,-0.0195163396728143,-0.22769052085207706,0.9735348025715701
1785259712.2112608,0.9348313212394714,-0.28607940673828125,0.7494612336158752,0.0024753548875512356,-0.0195163396728143,-0.22769052085207706,0.9735348025715701
1785259712.2162766,0.9348313212394714,-0.28607940673828125,0.7494612336158752,0.0024753548875512356,-0.0195163396728143,-0.22769052085207706,0.9735348025715701
1785259712.2212112,0.9348313212394714,-0.28607940673828125,0.7494612336158752,0.0024753548875512356,-0.0195163396728143,-0.22769052085207706,0.9735348025715701
1785259712.226289,0.9348313212394714,-0.28607940673828125,0.7494612336158752,0.0024753548875512356,-0.0195163396728143,-0.22769052085207706,0.9735348025715701
1785259712.2412488,0.9348313212394714,-0.28607940673828125,0.7494612336158752,0.0024753548875512356,-0.0195163396728143,-0.22769052085207706,0.9735348025715701
1785259712.2512777,0.9348313212394714,-0.28607940673828125,0.7494612336158752,0.0024753548875512356,-0.0195163396728143,-0.22769052085207706,0.9735348025715701
1785259712.2562711,0.9348313212394714,-0.28607940673828125,0.7494612336158752,0.0024753548875512356,-0.0195163396728143,-0.22769052085207706,0.9735348025715701
1785259712.2612295,0.9348313212394714,-0.28607940673828125,0.7494612336158752,0.0024753548875512356,-0.0195163396728143,-0.22769052085207706,0.9735348025715701
1785259712.2712872,0.9348313212394714,-0.28607940673828125,0.7494528293609619,0.0024899475210976903,-0.01950978826618871,-0.22769037831645925,0.9735349300077827
1785259712.301222,0.9348313212394714,-0.28607940673828125,0.7494528293609619,0.0024899475210976903,-0.01950978826618871,-0.22769037831645925,0.9735349300077827
1785259712.3263075,0.9348313212394714,-0.28607940673828125,0.7494528293609619,0.0024899475210976903,-0.01950978826618871,-0.22769037831645925,0.9735349300077827
1785259712.331388,0.9348313212394714,-0.28607940673828125,0.7494528293609619,0.0024899475210976903,-0.01950978826618871,-0.22769037831645925,0.9735349300077827
1785259712.3363109,0.9348313212394714,-0.28607940673828125,0.7494528293609619,0.0024899475210976903,-0.01950978826618871,-0.22769037831645925,0.9735349300077827
1785259712.3412397,0.9348313212394714,-0.28607940673828125,0.7494528293609619,0.0024899475210976903,-0.01950978826618871,-0.22769037831645925,0.9735349300077827
1785259712.3462873,0.9348313212394714,-0.28607940673828125,0.7494528293609619,0.0024899475210976903,-0.01950978826618871,-0.22769037831645925,0.9735349300077827
1785259712.3562708,0.9348313212394714,-0.28607940673828125,0.7494528293609619,0.0024899475210976903,-0.01950978826618871,-0.22769037831645925,0.9735349300077827
1785259712.3912964,0.9348313212394714,-0.28607940673828125,0.7494538426399231,0.0024776236453758066,-0.019520834985384584,-0.22769041570793708,0.973534731264012
1785259712.3962727,0.9348313212394714,-0.28607940673828125,0.7494538426399231,0.0024776236453758066,-0.019520834985384584,-0.22769041570793708,0.973534731264012
1785259712.4012327,0.9348313212394714,-0.28607940673828125,0.7494538426399231,0.0024776236453758066,-0.019520834985384584,-0.22769041570793708,0.973534731264012
1785259712.4162917,0.9348313212394714,-0.28607940673828125,0.7494538426399231,0.0024776236453758066,-0.019520834985384584,-0.22769041570793708,0.973534731264012
1785259712.4212248,0.9348313212394714,-0.28607940673828125,0.7494538426399231,0.0024776236453758066,-0.019520834985384584,-0.22769041570793708,0.973534731264012
1785259712.426301,0.9348313212394714,-0.28607940673828125,0.7494538426399231,0.0024776236453758066,-0.019520834985384584,-0.22769041570793708,0.973534731264012
1785259712.4312904,0.9348313212394714,-0.28607940673828125,0.7494538426399231,0.0024776236453758066,-0.019520834985384584,-0.22769041570793708,0.973534731264012
1785259712.4362962,0.9348313212394714,-0.28607940673828125,0.7494538426399231,0.0024776236453758066,-0.019520834985384584,-0.22769041570793708,0.973534731264012
1785259712.441232,0.9348313212394714,-0.28607940673828125,0.7494538426399231,0.0024776236453758066,-0.019520834985384584,-0.22769041570793708,0.973534731264012
1785259712.4462924,0.9348313212394714,-0.28607940673828125,0.7494538426399231,0.0024776236453758066,-0.019520834985384584,-0.22769041570793708,0.973534731264012
1785259712.4512818,0.9348313212394714,-0.28607940673828125,0.7494538426399231,0.0024776236453758066,-0.019520834985384584,-0.22769041570793708,0.973534731264012
1785259712.4663603,0.9348313212394714,-0.28607940673828125,0.7494612336158752,0.0024633477510195394,-0.01953052435655248,-0.22769050600177657,0.9735345520385349
1785259712.491261,0.9348313212394714,-0.28607940673828125,0.7494612336158752,0.0024633477510195394,-0.01953052435655248,-0.22769050600177657,0.9735345520385349
1785259712.5012393,0.9348313212394714,-0.28607940673828125,0.7494612336158752,0.0024633477510195394,-0.01953052435655248,-0.22769050600177657,0.9735345520385349
1785259712.5062912,0.9348313212394714,-0.28607940673828125,0.7494612336158752,0.0024633477510195394,-0.01953052435655248,-0.22769050600177657,0.9735345520385349
1785259712.5112844,0.9348313212394714,-0.28607940673828125,0.7494612336158752,0.0024633477510195394,-0.01953052435655248,-0.22769050600177657,0.9735345520385349
1785259712.5163317,0.9348313212394714,-0.28607940673828125,0.7494612336158752,0.0024633477510195394,-0.01953052435655248,-0.22769050600177657,0.9735345520385349
1785259712.5262723,0.9348313212394714,-0.28607940673828125,0.7494612336158752,0.0024633477510195394,-0.01953052435655248,-0.22769050600177657,0.9735345520385349
1785259712.5313017,0.9348313212394714,-0.28607940673828125,0.7494612336158752,0.0024633477510195394,-0.01953052435655248,-0.22769050600177657,0.9735345520385349
1785259712.7262635,0.9348313212394714,-0.28607940673828125,0.7494538426399231,0.0024698852645089952,-0.019530783425266603,-0.22769039395679325,0.9735345564823962
1785259712.7362957,0.9348313212394714,-0.28607940673828125,0.7494538426399231,0.0024698852645089952,-0.019530783425266603,-0.22769039395679325,0.9735345564823962
1785259712.7412348,0.9348313212394714,-0.28607940673828125,0.7494538426399231,0.0024698852645089952,-0.019530783425266603,-0.22769039395679325,0.9735345564823962
1785259712.7462733,0.9348313212394714,-0.28607940673828125,0.7494538426399231,0.0024698852645089952,-0.019530783425266603,-0.22769039395679325,0.9735345564823962
1785259712.7562668,0.9348313212394714,-0.28607940673828125,0.7494538426399231,0.0024698852645089952,-0.019530783425266603,-0.22769039395679325,0.9735345564823962
1785259712.7612562,0.9348313212394714,-0.28607940673828125,0.7494538426399231,0.0024698852645089952,-0.019530783425266603,-0.22769039395679325,0.9735345564823962
1785259712.7762775,0.9348313212394714,-0.28607940673828125,0.7494612336158752,0.002457130381247355,-0.01953887391333554,-0.2276904832752811,0.9735344055257408
1785259712.781223,0.9348313212394714,-0.28607940673828125,0.7494612336158752,0.002457130381247355,-0.01953887391333554,-0.2276904832752811,0.9735344055257408
1785259712.7962632,0.9348313212394714,-0.28607940673828125,0.7494612336158752,0.002457130381247355,-0.01953887391333554,-0.2276904832752811,0.9735344055257408
1785259712.8212192,0.9348313212394714,-0.28607940673828125,0.7494612336158752,0.002457130381247355,-0.01953887391333554,-0.2276904832752811,0.9735344055257408
1785259712.8313212,0.9348313212394714,-0.28607940673828125,0.7494612336158752,0.002457130381247355,-0.01953887391333554,-0.2276904832752811,0.9735344055257408
1785259712.8362806,0.9348313212394714,-0.28607940673828125,0.7494612336158752,0.002457130381247355,-0.01953887391333554,-0.2276904832752811,0.9735344055257408
1785259712.8413308,0.9348313212394714,-0.28607940673828125,0.7494612336158752,0.002457130381247355,-0.01953887391333554,-0.2276904832752811,0.9735344055257408
1785259712.8463645,0.9348313212394714,-0.28607940673828125,0.7494612336158752,0.002457130381247355,-0.01953887391333554,-0.2276904832752811,0.9735344055257408
1785259712.8513021,0.9348313212394714,-0.28607940673828125,0.7494612336158752,0.002457130381247355,-0.01953887391333554,-0.2276904832752811,0.9735344055257408
1785259712.8562827,0.9348313212394714,-0.28607940673828125,0.7494612336158752,0.002457130381247355,-0.01953887391333554,-0.2276904832752811,0.9735344055257408
1785259712.8612645,0.9348313212394714,-0.28607940673828125,0.7494612336158752,0.002457130381247355,-0.01953887391333554,-0.2276904832752811,0.9735344055257408
1785259712.8663673,0.9348313212394714,-0.28607940673828125,0.7494528293609619,0.00248135824154786,-0.01952011146238063,-0.2276903648610954,0.9735347481519058
1785259712.876328,0.9348313212394714,-0.28607940673828125,0.7494528293609619,0.00248135824154786,-0.01952011146238063,-0.2276903648610954,0.9735347481519058
1785259712.8812242,0.9348313212394714,-0.28607940673828125,0.7494528293609619,0.00248135824154786,-0.01952011146238063,-0.2276903648610954,0.9735347481519058
1785259712.8912587,0.9348313212394714,-0.28607940673828125,0.7494528293609619,0.00248135824154786,-0.01952011146238063,-0.2276903648610954,0.9735347481519058
1785259712.8963046,0.9348313212394714,-0.28607940673828125,0.7494528293609619,0.00248135824154786,-0.01952011146238063,-0.2276903648610954,0.9735347481519058
1785259712.9012153,0.9348313212394714,-0.28607940673828125,0.7494528293609619,0.00248135824154786,-0.01952011146238063,-0.2276903648610954,0.9735347481519058
1785259712.931296,0.9348313212394714,-0.28607940673828125,0.7494528293609619,0.00248135824154786,-0.01952011146238063,-0.2276903648610954,0.9735347481519058
1785259712.9363167,0.9348313212394714,-0.28607940673828125,0.7494528293609619,0.00248135824154786,-0.01952011146238063,-0.2276903648610954,0.9735347481519058
1785259712.9412303,0.9348313212394714,-0.28607940673828125,0.7494528293609619,0.00248135824154786,-0.01952011146238063,-0.2276903648610954,0.9735347481519058
1785259712.9462833,0.9348313212394714,-0.28607940673828125,0.7494528293609619,0.00248135824154786,-0.01952011146238063,-0.2276903648610954,0.9735347481519058
1785259712.9512696,0.9348313212394714,-0.28607940673828125,0.7494528293609619,0.00248135824154786,-0.01952011146238063,-0.2276903648610954,0.9735347481519058
1785259712.9612143,0.9348313212394714,-0.28607940673828125,0.7494528293609619,0.00248135824154786,-0.01952011146238063,-0.2276903648610954,0.9735347481519058
1785259712.971282,0.9348313212394714,-0.28607940673828125,0.7494528293609619,0.00248135824154786,-0.01952011146238063,-0.2276903648610954,0.9735347481519058
1785259712.9763532,0.9348313212394714,-0.28607940673828125,0.7494538426399231,0.00246959312179557,-0.01952814082074439,-0.22769043855616442,0.973534599804239
1785259712.9962933,0.9348313212394714,-0.28607940673828125,0.7494538426399231,0.00246959312179557,-0.01952814082074439,-0.22769043855616442,0.973534599804239
1785259713.0012348,0.9348313212394714,-0.28607940673828125,0.7494538426399231,0.00246959312179557,-0.01952814082074439,-0.22769043855616442,0.973534599804239
1785259713.0063064,0.9348313212394714,-0.28607940673828125,0.7494538426399231,0.00246959312179557,-0.01952814082074439,-0.22769043855616442,0.973534599804239
1785259713.021231,0.9348313212394714,-0.28607940673828125,0.7494538426399231,0.00246959312179557,-0.01952814082074439,-0.22769043855616442,0.973534599804239
1785259713.0312963,0.9348313212394714,-0.28607940673828125,0.7494538426399231,0.00246959312179557,-0.01952814082074439,-0.22769043855616442,0.973534599804239
1785259713.0362756,0.9348313212394714,-0.28607940673828125,0.7494538426399231,0.00246959312179557,-0.01952814082074439,-0.22769043855616442,0.973534599804239
1785259713.0412302,0.9348313212394714,-0.28607940673828125,0.7494538426399231,0.00246959312179557,-0.01952814082074439,-0.22769043855616442,0.973534599804239
1785259713.0462692,0.9348313212394714,-0.28607940673828125,0.7494538426399231,0.00246959312179557,-0.01952814082074439,-0.22769043855616442,0.973534599804239
1785259713.0512652,0.9348313212394714,-0.28607940673828125,0.7494538426399231,0.00246959312179557,-0.01952814082074439,-0.22769043855616442,0.973534599804239
1785259713.0612392,0.9348313212394714,-0.28607940673828125,0.7494538426399231,0.00246959312179557,-0.01952814082074439,-0.22769043855616442,0.973534599804239
1785259713.0662775,0.9348313212394714,-0.28607940673828125,0.7494538426399231,0.00246959312179557,-0.01952814082074439,-0.22769043855616442,0.973534599804239
1785259713.0712774,0.9348313212394714,-0.28607940673828125,0.7494538426399231,0.00246959312179557,-0.01952814082074439,-0.22769043855616442,0.973534599804239
1785259713.131314,0.9348313212394714,-0.28607940673828125,0.7494612336158752,0.0024597078840038165,-0.01951957676577533,-0.22769073083410007,0.9735347282209524
1785259713.1362765,0.9348313212394714,-0.28607940673828125,0.7494612336158752,0.0024597078840038165,-0.01951957676577533,-0.22769073083410007,0.9735347282209524
1785259713.141221,0.9348313212394714,-0.28607940673828125,0.7494612336158752,0.0024597078840038165,-0.01951957676577533,-0.22769073083410007,0.9735347282209524
1785259713.1463516,0.9348313212394714,-0.28607940673828125,0.7494612336158752,0.0024597078840038165,-0.01951957676577533,-0.22769073083410007,0.9735347282209524
1785259713.1513002,0.9348313212394714,-0.28607940673828125,0.7494612336158752,0.0024597078840038165,-0.01951957676577533,-0.22769073083410007,0.9735347282209524
1785259713.1612203,0.9348313212394714,-0.28607940673828125,0.7494612336158752,0.0024597078840038165,-0.01951957676577533,-0.22769073083410007,0.9735347282209524
1785259713.191299,0.9348313212394714,-0.28607940673828125,0.7494528293609619,0.002487164105462355,-0.019488711347618592,-0.22769074137277187,0.9735352743675184
1785259713.196296,0.9348313212394714,-0.28607940673828125,0.7494528293609619,0.002487164105462355,-0.019488711347618592,-0.22769074137277187,0.9735352743675184
1785259713.201258,0.9348313212394714,-0.28607940673828125,0.7494528293609619,0.002487164105462355,-0.019488711347618592,-0.22769074137277187,0.9735352743675184
1785259713.206308,0.9348313212394714,-0.28607940673828125,0.7494528293609619,0.002487164105462355,-0.019488711347618592,-0.22769074137277187,0.9735352743675184
1785259713.2113004,0.9348313212394714,-0.28607940673828125,0.7494528293609619,0.002487164105462355,-0.019488711347618592,-0.22769074137277187,0.9735352743675184
1785259713.2163043,0.9348313212394714,-0.28607940673828125,0.7494528293609619,0.002487164105462355,-0.019488711347618592,-0.22769074137277187,0.9735352743675184
1785259713.2212255,0.9348313212394714,-0.28607940673828125,0.7494528293609619,0.002487164105462355,-0.019488711347618592,-0.22769074137277187,0.9735352743675184
1785259713.226296,0.9348313212394714,-0.28607940673828125,0.7494528293609619,0.002487164105462355,-0.019488711347618592,-0.22769074137277187,0.9735352743675184
1785259713.231268,0.9348313212394714,-0.28607940673828125,0.7494528293609619,0.002487164105462355,-0.019488711347618592,-0.22769074137277187,0.9735352743675184
1785259713.2363605,0.9348313212394714,-0.28607940673828125,0.7494528293609619,0.002487164105462355,-0.019488711347618592,-0.22769074137277187,0.9735352743675184
1785259713.2412913,0.9348313212394714,-0.28607940673828125,0.7494528293609619,0.002487164105462355,-0.019488711347618592,-0.22769074137277187,0.9735352743675184
1785259713.246294,0.9348313212394714,-0.28607940673828125,0.7494528293609619,0.002487164105462355,-0.019488711347618592,-0.22769074137277187,0.9735352743675184
1785259713.2512915,0.9348313212394714,-0.28607940673828125,0.7494528293609619,0.002487164105462355,-0.019488711347618592,-0.22769074137277187,0.9735352743675184
1785259713.2562797,0.9348313212394714,-0.28607940673828125,0.7494528293609619,0.002487164105462355,-0.019488711347618592,-0.22769074137277187,0.9735352743675184
1785259713.2612414,0.9348313212394714,-0.28607940673828125,0.7494528293609619,0.002487164105462355,-0.019488711347618592,-0.22769074137277187,0.9735352743675184
1785259713.2812247,0.9348313212394714,-0.28607940673828125,0.7494538426399231,0.002474247967427617,-0.019502318146234165,-0.2276907500184801,0.9735350327748564
1785259713.2862778,0.9348313212394714,-0.28607940673828125,0.7494538426399231,0.002474247967427617,-0.019502318146234165,-0.2276907500184801,0.9735350327748564
1785259713.291292,0.9348313212394714,-0.28607940673828125,0.7494538426399231,0.002474247967427617,-0.019502318146234165,-0.2276907500184801,0.9735350327748564
1785259713.3012288,0.9348313212394714,-0.28607940673828125,0.7494538426399231,0.002474247967427617,-0.019502318146234165,-0.2276907500184801,0.9735350327748564
1785259713.3062809,0.9348313212394714,-0.28607940673828125,0.7494538426399231,0.002474247967427617,-0.019502318146234165,-0.2276907500184801,0.9735350327748564
1785259713.3162792,0.9348313212394714,-0.28607940673828125,0.7494538426399231,0.002474247967427617,-0.019502318146234165,-0.2276907500184801,0.9735350327748564
1785259713.3212578,0.9348313212394714,-0.28607940673828125,0.7494538426399231,0.002474247967427617,-0.019502318146234165,-0.2276907500184801,0.9735350327748564
1785259713.3313017,0.9348313212394714,-0.28607940673828125,0.7494538426399231,0.002474247967427617,-0.019502318146234165,-0.2276907500184801,0.9735350327748564
1785259713.3363752,0.9348313212394714,-0.28607940673828125,0.7494538426399231,0.002474247967427617,-0.019502318146234165,-0.2276907500184801,0.9735350327748564
1785259713.3412623,0.9348313212394714,-0.28607940673828125,0.7494538426399231,0.002474247967427617,-0.019502318146234165,-0.2276907500184801,0.9735350327748564
1785259713.3512824,0.9348313212394714,-0.28607940673828125,0.7494538426399231,0.002474247967427617,-0.019502318146234165,-0.2276907500184801,0.9735350327748564
1785259713.3612292,0.9348313212394714,-0.28607940673828125,0.7494538426399231,0.002474247967427617,-0.019502318146234165,-0.2276907500184801,0.9735350327748564
1785259713.371277,0.9348313212394714,-0.28607940673828125,0.7494538426399231,0.002474247967427617,-0.019502318146234165,-0.2276907500184801,0.9735350327748564
1785259713.4112735,0.9348313212394714,-0.28607940673828125,0.7494612336158752,0.002459515888236203,-0.019513821016853207,-0.22769082052375947,0.9735348231163254
1785259713.4212341,0.9348313212394714,-0.28607940673828125,0.7494612336158752,0.002459515888236203,-0.019513821016853207,-0.22769082052375947,0.9735348231163254
1785259713.4312828,0.9348313212394714,-0.28607940673828125,0.7494612336158752,0.002459515888236203,-0.019513821016853207,-0.22769082052375947,0.9735348231163254
1785259713.4362829,0.9348313212394714,-0.28607940673828125,0.7494612336158752,0.002459515888236203,-0.019513821016853207,-0.22769082052375947,0.9735348231163254
1785259713.4412982,0.9348313212394714,-0.28607940673828125,0.7494612336158752,0.002459515888236203,-0.019513821016853207,-0.22769082052375947,0.9735348231163254
1785259713.4463081,0.9348313212394714,-0.28607940673828125,0.7494612336158752,0.002459515888236203,-0.019513821016853207,-0.22769082052375947,0.9735348231163254
1785259713.4512832,0.9348313212394714,-0.28607940673828125,0.7494612336158752,0.002459515888236203,-0.019513821016853207,-0.22769082052375947,0.9735348231163254
1785259713.4562776,0.9348313212394714,-0.28607940673828125,0.7494612336158752,0.002459515888236203,-0.019513821016853207,-0.22769082052375947,0.9735348231163254
1785259713.4612243,0.9348313212394714,-0.28607940673828125,0.7494612336158752,0.002459515888236203,-0.019513821016853207,-0.22769082052375947,0.9735348231163254
1785259713.471267,0.9348313212394714,-0.28607940673828125,0.7494612336158752,0.002459515888236203,-0.019513821016853207,-0.22769082052375947,0.9735348231163254
1785259713.5263317,0.9348313212394714,-0.28607940673828125,0.7494528293609619,0.0024832669107941845,-0.019499321016301113,-0.22769064614879703,0.9735350941397523
1785259713.5312955,0.9348313212394714,-0.28607940673828125,0.7494528293609619,0.0024832669107941845,-0.019499321016301113,-0.22769064614879703,0.9735350941397523
1785259713.5362926,0.9348313212394714,-0.28607940673828125,0.7494528293609619,0.0024832669107941845,-0.019499321016301113,-0.22769064614879703,0.9735350941397523
1785259713.5412655,0.9348313212394714,-0.28607940673828125,0.7494528293609619,0.0024832669107941845,-0.019499321016301113,-0.22769064614879703,0.9735350941397523
1785259713.546294,0.9348313212394714,-0.28607940673828125,0.7494528293609619,0.0024832669107941845,-0.019499321016301113,-0.22769064614879703,0.9735350941397523
1785259713.5512853,0.9348313212394714,-0.28607940673828125,0.7494528293609619,0.0024832669107941845,-0.019499321016301113,-0.22769064614879703,0.9735350941397523
1785259713.5562804,0.9348313212394714,-0.28607940673828125,0.7494528293609619,0.0024832669107941845,-0.019499321016301113,-0.22769064614879703,0.9735350941397523
1785259713.5612447,0.9348313212394714,-0.28607940673828125,0.7494528293609619,0.0024832669107941845,-0.019499321016301113,-0.22769064614879703,0.9735350941397523
1785259713.5712838,0.9348313212394714,-0.28607940673828125,0.7494528293609619,0.0024832669107941845,-0.019499321016301113,-0.22769064614879703,0.9735350941397523
1785259713.5763562,0.9348313212394714,-0.28607940673828125,0.7494538426399231,0.0024711344642441516,-0.0195108122288341,-0.2276906737381795,0.9735348883287568
1785259713.5862725,0.9348313212394714,-0.28607940673828125,0.7494538426399231,0.0024711344642441516,-0.0195108122288341,-0.2276906737381795,0.9735348883287568
1785259713.6362886,0.9348313212394714,-0.28607940673828125,0.7494538426399231,0.0024711344642441516,-0.0195108122288341,-0.2276906737381795,0.9735348883287568
1785259713.646294,0.9348313212394714,-0.28607940673828125,0.7494538426399231,0.0024711344642441516,-0.0195108122288341,-0.2276906737381795,0.9735348883287568
1785259713.7062678,0.9348313212394714,-0.28607940673828125,0.7494612336158752,0.002457020748449547,-0.01952077286045364,-0.22769075728586735,0.9735347048372547
1785259713.71627,0.9348313212394714,-0.28607940673828125,0.7494612336158752,0.002457020748449547,-0.01952077286045364,-0.22769075728586735,0.9735347048372547
1785259713.72627,0.9348313212394714,-0.28607940673828125,0.7494612336158752,0.002457020748449547,-0.01952077286045364,-0.22769075728586735,0.9735347048372547
1785259713.731295,0.9348313212394714,-0.28607940673828125,0.7494612336158752,0.002457020748449547,-0.01952077286045364,-0.22769075728586735,0.9735347048372547
1785259713.736292,0.9348313212394714,-0.28607940673828125,0.7494612336158752,0.002457020748449547,-0.01952077286045364,-0.22769075728586735,0.9735347048372547
1785259713.7412543,0.9348313212394714,-0.28607940673828125,0.7494612336158752,0.002457020748449547,-0.01952077286045364,-0.22769075728586735,0.9735347048372547
1785259713.7462816,0.9348313212394714,-0.28607940673828125,0.7494612336158752,0.002457020748449547,-0.01952077286045364,-0.22769075728586735,0.9735347048372547
1785259713.751309,0.9348313212394714,-0.28607940673828125,0.7494612336158752,0.002457020748449547,-0.01952077286045364,-0.22769075728586735,0.9735347048372547
1785259713.7612193,0.9348313212394714,-0.28607940673828125,0.7494612336158752,0.002457020748449547,-0.01952077286045364,-0.22769075728586735,0.9735347048372547
1785259713.7712889,0.9348313212394714,-0.28607940673828125,0.7494612336158752,0.002457020748449547,-0.01952077286045364,-0.22769075728586735,0.9735347048372547
1785259713.8112714,0.9348313212394714,-0.28607940673828125,0.7494528293609619,0.0024812682098959184,-0.019505065491113575,-0.22769059275152947,0.973534996649178
1785259713.8162994,0.9348313212394714,-0.28607940673828125,0.7494528293609619,0.0024812682098959184,-0.019505065491113575,-0.22769059275152947,0.973534996649178
1785259713.8212357,0.9348313212394714,-0.28607940673828125,0.7494528293609619,0.0024812682098959184,-0.019505065491113575,-0.22769059275152947,0.973534996649178
1785259713.8262806,0.9348313212394714,-0.28607940673828125,0.7494528293609619,0.0024812682098959184,-0.019505065491113575,-0.22769059275152947,0.973534996649178
1785259713.8362806,0.9348313212394714,-0.28607940673828125,0.7494528293609619,0.0024812682098959184,-0.019505065491113575,-0.22769059275152947,0.973534996649178
1785259713.8412693,0.9348313212394714,-0.28607940673828125,0.7494528293609619,0.0024812682098959184,-0.019505065491113575,-0.22769059275152947,0.973534996649178
1785259713.8462956,0.9348313212394714,-0.28607940673828125,0.7494528293609619,0.0024812682098959184,-0.019505065491113575,-0.22769059275152947,0.973534996649178
1785259713.8513026,0.9348313212394714,-0.28607940673828125,0.7494528293609619,0.0024812682098959184,-0.019505065491113575,-0.22769059275152947,0.973534996649178
1785259713.8562958,0.9348313212394714,-0.28607940673828125,0.7494528293609619,0.0024812682098959184,-0.019505065491113575,-0.22769059275152947,0.973534996649178
1785259713.861218,0.9348313212394714,-0.28607940673828125,0.7494528293609619,0.0024812682098959184,-0.019505065491113575,-0.22769059275152947,0.973534996649178
1785259713.8662965,0.9348313212394714,-0.28607940673828125,0.7494528293609619,0.0024812682098959184,-0.019505065491113575,-0.22769059275152947,0.973534996649178
1785259713.8713038,0.9348313212394714,-0.28607940673828125,0.7494528293609619,0.0024812682098959184,-0.019505065491113575,-0.22769059275152947,0.973534996649178
1785259713.876479,0.9348313212394714,-0.28607940673828125,0.7494538426399231,0.0024740335414412664,-0.01951055503375884,-0.2276906297020712,0.9735348964193246
1785259713.8862872,0.9348313212394714,-0.28607940673828125,0.7494538426399231,0.0024740335414412664,-0.01951055503375884,-0.2276906297020712,0.9735348964193246
1785259713.8912618,0.9348313212394714,-0.28607940673828125,0.7494538426399231,0.0024740335414412664,-0.01951055503375884,-0.2276906297020712,0.9735348964193246
1785259713.8962955,0.9348313212394714,-0.28607940673828125,0.7494538426399231,0.0024740335414412664,-0.01951055503375884,-0.2276906297020712,0.9735348964193246
1785259713.9012575,0.9348313212394714,-0.28607940673828125,0.7494538426399231,0.0024740335414412664,-0.01951055503375884,-0.2276906297020712,0.9735348964193246
1785259713.906277,0.9348313212394714,-0.28607940673828125,0.7494538426399231,0.0024740335414412664,-0.01951055503375884,-0.2276906297020712,0.9735348964193246
1785259713.9112632,0.9348313212394714,-0.28607940673828125,0.7494538426399231,0.0024740335414412664,-0.01951055503375884,-0.2276906297020712,0.9735348964193246
1785259713.9162905,0.9348313212394714,-0.28607940673828125,0.7494538426399231,0.0024740335414412664,-0.01951055503375884,-0.2276906297020712,0.9735348964193246
1785259713.9262812,0.9348313212394714,-0.28607940673828125,0.7494538426399231,0.0024740335414412664,-0.01951055503375884,-0.2276906297020712,0.9735348964193246
1785259713.9363432,0.9348313212394714,-0.28607940673828125,0.7494538426399231,0.0024740335414412664,-0.01951055503375884,-0.2276906297020712,0.9735348964193246
1785259713.9412384,0.9348313212394714,-0.28607940673828125,0.7494538426399231,0.0024740335414412664,-0.01951055503375884,-0.2276906297020712,0.9735348964193246
1785259713.9462755,0.9348313212394714,-0.28607940673828125,0.7494538426399231,0.0024740335414412664,-0.01951055503375884,-0.2276906297020712,0.9735348964193246
1785259713.9512856,0.9348313212394714,-0.28607940673828125,0.7494538426399231,0.0024740335414412664,-0.01951055503375884,-0.2276906297020712,0.9735348964193246
1785259713.9562774,0.9348313212394714,-0.28607940673828125,0.7494538426399231,0.0024740335414412664,-0.01951055503375884,-0.2276906297020712,0.9735348964193246
1785259713.9612205,0.9348313212394714,-0.28607940673828125,0.7494538426399231,0.0024740335414412664,-0.01951055503375884,-0.2276906297020712,0.9735348964193246
1785259713.9662855,0.9348313212394714,-0.28607940673828125,0.7494538426399231,0.0024740335414412664,-0.01951055503375884,-0.2276906297020712,0.9735348964193246
1785259713.971306,0.9348313212394714,-0.28607940673828125,0.7494538426399231,0.0024740335414412664,-0.01951055503375884,-0.2276906297020712,0.9735348964193246
1785259714.1712725,0.9348313212394714,-0.28607940673828125,0.7494528293609619,0.0024831411389707233,-0.019504732778409445,-0.22769056682168007,0.9735350046042254
1785259714.351272,0.9348313212394714,-0.28607940673828125,0.7494612336158752,0.002460559990025598,-0.019520277142176707,-0.22769070621569049,0.9735347177824879
1785259714.3662694,0.9348313212394714,-0.28607940673828125,0.7494612336158752,0.002460559990025598,-0.019520277142176707,-0.22769070621569049,0.9735347177824879
1785259714.3712842,0.9348313212394714,-0.28607940673828125,0.7494612336158752,0.002460559990025598,-0.019520277142176707,-0.22769070621569049,0.9735347177824879
1785259714.4412348,0.9348313212394714,-0.28607940673828125,0.7494528293609619,0.0024841072174764172,-0.01950465845620498,-0.22769055198368066,0.9735350070989772
1785259714.4512846,0.9348313212394714,-0.28607940673828125,0.7494528293609619,0.0024841072174764172,-0.01950465845620498,-0.22769055198368066,0.9735350070989772
1785259714.4662707,0.9348313212394714,-0.28607940673828125,0.7494528293609619,0.0024841072174764172,-0.01950465845620498,-0.22769055198368066,0.9735350070989772
1785259714.471274,0.9348313212394714,-0.28607940673828125,0.7494528293609619,0.0024841072174764172,-0.01950465845620498,-0.22769055198368066,0.9735350070989772
1785259714.4763587,0.9348313212394714,-0.28607940673828125,0.7494538426399231,0.0024801979391021103,-0.019494573520952102,-0.22769076820766046,0.9735351684938888
1785259714.48633,0.9348313212394714,-0.28607940673828125,0.7494538426399231,0.0024801979391021103,-0.019494573520952102,-0.22769076820766046,0.9735351684938888
1785259714.4912844,0.9348313212394714,-0.28607940673828125,0.7494538426399231,0.0024801979391021103,-0.019494573520952102,-0.22769076820766046,0.9735351684938888
1785259714.5062785,0.9348313212394714,-0.28607940673828125,0.7494538426399231,0.0024801979391021103,-0.019494573520952102,-0.22769076820766046,0.9735351684938888
1785259714.5112774,0.9348313212394714,-0.28607940673828125,0.7494538426399231,0.0024801979391021103,-0.019494573520952102,-0.22769076820766046,0.9735351684938888
1785259714.5162928,0.9348313212394714,-0.28607940673828125,0.7494538426399231,0.0024801979391021103,-0.019494573520952102,-0.22769076820766046,0.9735351684938888
1785259714.5312815,0.9348313212394714,-0.28607940673828125,0.7494538426399231,0.0024801979391021103,-0.019494573520952102,-0.22769076820766046,0.9735351684938888
1785259714.5412376,0.9348313212394714,-0.28607940673828125,0.7494538426399231,0.0024801979391021103,-0.019494573520952102,-0.22769076820766046,0.9735351684938888
1785259714.5463638,0.9348313212394714,-0.28607940673828125,0.7494538426399231,0.0024801979391021103,-0.019494573520952102,-0.22769076820766046,0.9735351684938888
1785259714.551305,0.9348313212394714,-0.28607940673828125,0.7494538426399231,0.0024801979391021103,-0.019494573520952102,-0.22769076820766046,0.9735351684938888
1785259714.5612311,0.9348313212394714,-0.28607940673828125,0.7494538426399231,0.0024801979391021103,-0.019494573520952102,-0.22769076820766046,0.9735351684938888
1785259714.571265,0.9348313212394714,-0.28607940673828125,0.7494538426399231,0.0024801979391021103,-0.019494573520952102,-0.22769076820766046,0.9735351684938888
1785259714.5762813,0.9348313212394714,-0.28607940673828125,0.7494538426399231,0.0024801979391021103,-0.019494573520952102,-0.22769076820766046,0.9735351684938888
1785259714.5812294,0.9348313212394714,-0.28607940673828125,0.7494538426399231,0.0024801979391021103,-0.019494573520952102,-0.22769076820766046,0.9735351684938888
1785259714.5863564,0.9348313212394714,-0.28607940673828125,0.7494612336158752,0.002464283982509586,-0.019507546125167505,-0.22769083603260445,0.9735349331869924
1785259714.591272,0.9348313212394714,-0.28607940673828125,0.7494612336158752,0.002464283982509586,-0.019507546125167505,-0.22769083603260445,0.9735349331869924
1785259714.6062903,0.9348313212394714,-0.28607940673828125,0.7494612336158752,0.002464283982509586,-0.019507546125167505,-0.22769083603260445,0.9735349331869924
1785259714.6112728,0.9348313212394714,-0.28607940673828125,0.7494612336158752,0.002464283982509586,-0.019507546125167505,-0.22769083603260445,0.9735349331869924
1785259714.6162715,0.9348313212394714,-0.28607940673828125,0.7494612336158752,0.002464283982509586,-0.019507546125167505,-0.22769083603260445,0.9735349331869924
1785259714.621226,0.9348313212394714,-0.28607940673828125,0.7494612336158752,0.002464283982509586,-0.019507546125167505,-0.22769083603260445,0.9735349331869924
1785259714.63629,0.9348313212394714,-0.28607940673828125,0.7494612336158752,0.002464283982509586,-0.019507546125167505,-0.22769083603260445,0.9735349331869924
1785259714.651297,0.9348313212394714,-0.28607940673828125,0.7494612336158752,0.002464283982509586,-0.019507546125167505,-0.22769083603260445,0.9735349331869924
1785259714.661245,0.9348313212394714,-0.28607940673828125,0.7494612336158752,0.002464283982509586,-0.019507546125167505,-0.22769083603260445,0.9735349331869924
1785259714.6662886,0.9348313212394714,-0.28607940673828125,0.7494612336158752,0.002464283982509586,-0.019507546125167505,-0.22769083603260445,0.9735349331869924
1785259714.671285,0.9348313212394714,-0.28607940673828125,0.7494612336158752,0.002464283982509586,-0.019507546125167505,-0.22769083603260445,0.9735349331869924
1785259714.6912668,0.9348313212394714,-0.28607940673828125,0.7494528293609619,0.002487088826979722,-0.019494146395499446,-0.22769066088022014,0.9735351845687994
1785259714.7012782,0.9348313212394714,-0.28607940673828125,0.7494528293609619,0.002487088826979722,-0.019494146395499446,-0.22769066088022014,0.9735351845687994
1785259714.7062821,0.9348313212394714,-0.28607940673828125,0.7494528293609619,0.002487088826979722,-0.019494146395499446,-0.22769066088022014,0.9735351845687994
1785259714.7162764,0.9348313212394714,-0.28607940673828125,0.7494528293609619,0.002487088826979722,-0.019494146395499446,-0.22769066088022014,0.9735351845687994
1785259714.7262754,0.9348313212394714,-0.28607940673828125,0.7494528293609619,0.002487088826979722,-0.019494146395499446,-0.22769066088022014,0.9735351845687994
1785259714.7312899,0.9348313212394714,-0.28607940673828125,0.7494528293609619,0.002487088826979722,-0.019494146395499446,-0.22769066088022014,0.9735351845687994
1785259714.7362742,0.9348313212394714,-0.28607940673828125,0.7494528293609619,0.002487088826979722,-0.019494146395499446,-0.22769066088022014,0.9735351845687994
1785259714.741234,0.9348313212394714,-0.28607940673828125,0.7494528293609619,0.002487088826979722,-0.019494146395499446,-0.22769066088022014,0.9735351845687994
1785259714.7463403,0.9348313212394714,-0.28607940673828125,0.7494528293609619,0.002487088826979722,-0.019494146395499446,-0.22769066088022014,0.9735351845687994
1785259714.751293,0.9348313212394714,-0.28607940673828125,0.7494528293609619,0.002487088826979722,-0.019494146395499446,-0.22769066088022014,0.9735351845687994
1785259714.7562823,0.9348313212394714,-0.28607940673828125,0.7494528293609619,0.002487088826979722,-0.019494146395499446,-0.22769066088022014,0.9735351845687994
1785259714.7662778,0.9348313212394714,-0.28607940673828125,0.7494528293609619,0.002487088826979722,-0.019494146395499446,-0.22769066088022014,0.9735351845687994
1785259714.7712967,0.9348313212394714,-0.28607940673828125,0.7494528293609619,0.002487088826979722,-0.019494146395499446,-0.22769066088022014,0.9735351845687994
1785259714.781234,0.9348313212394714,-0.28607940673828125,0.7494528293609619,0.002487088826979722,-0.019494146395499446,-0.22769066088022014,0.9735351845687994
1785259714.8162887,0.9348313212394714,-0.28607940673828125,0.7494538426399231,0.0024787057402779426,-0.019501469229106644,-0.22769068916103902,0.9735350526740836
1785259714.8262851,0.9348313212394714,-0.28607940673828125,0.7494538426399231,0.0024787057402779426,-0.019501469229106644,-0.22769068916103902,0.9735350526740836
1785259714.831273,0.9348313212394714,-0.28607940673828125,0.7494538426399231,0.0024787057402779426,-0.019501469229106644,-0.22769068916103902,0.9735350526740836
1785259714.836271,0.9348313212394714,-0.28607940673828125,0.7494538426399231,0.0024787057402779426,-0.019501469229106644,-0.22769068916103902,0.9735350526740836
1785259714.841244,0.9348313212394714,-0.28607940673828125,0.7494538426399231,0.0024787057402779426,-0.019501469229106644,-0.22769068916103902,0.9735350526740836
1785259714.8462992,0.9348313212394714,-0.28607940673828125,0.7494538426399231,0.0024787057402779426,-0.019501469229106644,-0.22769068916103902,0.9735350526740836
1785259714.851283,0.9348313212394714,-0.28607940673828125,0.7494538426399231,0.0024787057402779426,-0.019501469229106644,-0.22769068916103902,0.9735350526740836
1785259714.8562698,0.9348313212394714,-0.28607940673828125,0.7494538426399231,0.0024787057402779426,-0.019501469229106644,-0.22769068916103902,0.9735350526740836
1785259714.8662665,0.9348313212394714,-0.28607940673828125,0.7494538426399231,0.0024787057402779426,-0.019501469229106644,-0.22769068916103902,0.9735350526740836
1785259714.8712723,0.9348313212394714,-0.28607940673828125,0.7494538426399231,0.0024787057402779426,-0.019501469229106644,-0.22769068916103902,0.9735350526740836
1785259714.8762953,0.9348313212394714,-0.28607940673828125,0.7494538426399231,0.0024787057402779426,-0.019501469229106644,-0.22769068916103902,0.9735350526740836
1785259714.881257,0.9348313212394714,-0.28607940673828125,0.7494538426399231,0.0024787057402779426,-0.019501469229106644,-0.22769068916103902,0.9735350526740836
1785259714.941219,0.9348313212394714,-0.28607940673828125,0.7494612336158752,0.0024630942484058314,-0.019513041828939984,-0.22769077309019808,0.9735348407812088
1785259714.9512694,0.9348313212394714,-0.28607940673828125,0.7494612336158752,0.0024630942484058314,-0.019513041828939984,-0.22769077309019808,0.9735348407812088
1785259714.961224,0.9348313212394714,-0.28607940673828125,0.7494612336158752,0.0024630942484058314,-0.019513041828939984,-0.22769077309019808,0.9735348407812088
1785259714.9712605,0.9348313212394714,-0.28607940673828125,0.7494612336158752,0.0024630942484058314,-0.019513041828939984,-0.22769077309019808,0.9735348407812088
1785259714.9762783,0.9348313212394714,-0.28607940673828125,0.7494612336158752,0.0024630942484058314,-0.019513041828939984,-0.22769077309019808,0.9735348407812088
1785259714.986362,0.9348313212394714,-0.28607940673828125,0.7494528293609619,0.0024861387189493833,-0.01949863094659754,-0.22769060911149422,0.9735351092939152
1785259714.9912963,0.9348313212394714,-0.28607940673828125,0.7494528293609619,0.0024861387189493833,-0.01949863094659754,-0.22769060911149422,0.9735351092939152
1785259715.0262637,0.9348313212394714,-0.28607940673828125,0.7494528293609619,0.0024861387189493833,-0.01949863094659754,-0.22769060911149422,0.9735351092939152
1785259715.0312858,0.9348313212394714,-0.28607940673828125,0.7494528293609619,0.0024861387189493833,-0.01949863094659754,-0.22769060911149422,0.9735351092939152
1785259715.0362835,0.9348313212394714,-0.28607940673828125,0.7494528293609619,0.0024861387189493833,-0.01949863094659754,-0.22769060911149422,0.9735351092939152
1785259715.0462747,0.9348313212394714,-0.28607940673828125,0.7494528293609619,0.0024861387189493833,-0.01949863094659754,-0.22769060911149422,0.9735351092939152
1785259715.0512903,0.9348313212394714,-0.28607940673828125,0.7494528293609619,0.0024861387189493833,-0.01949863094659754,-0.22769060911149422,0.9735351092939152
1785259715.0562992,0.9348313212394714,-0.28607940673828125,0.7494528293609619,0.0024861387189493833,-0.01949863094659754,-0.22769060911149422,0.9735351092939152
1785259715.0712812,0.9348313212394714,-0.28607940673828125,0.7494528293609619,0.0024861387189493833,-0.01949863094659754,-0.22769060911149422,0.9735351092939152
1785259715.0812223,0.9348313212394714,-0.28607940673828125,0.7494528293609619,0.0024861387189493833,-0.01949863094659754,-0.22769060911149422,0.9735351092939152
1785259715.1212175,0.9348313212394714,-0.28607940673828125,0.7494538426399231,0.00247794448488525,-0.019505171731096522,-0.22769064605342698,0.9735349905199316
1785259715.1263034,0.9348313212394714,-0.28607940673828125,0.7494538426399231,0.00247794448488525,-0.019505171731096522,-0.22769064605342698,0.9735349905199316
1785259715.1312761,0.9348313212394714,-0.28607940673828125,0.7494538426399231,0.00247794448488525,-0.019505171731096522,-0.22769064605342698,0.9735349905199316
1785259715.1362758,0.9348313212394714,-0.28607940673828125,0.7494538426399231,0.00247794448488525,-0.019505171731096522,-0.22769064605342698,0.9735349905199316
1785259715.1562662,0.9348313212394714,-0.28607940673828125,0.7494538426399231,0.00247794448488525,-0.019505171731096522,-0.22769064605342698,0.9735349905199316
1785259715.1612425,0.9348313212394714,-0.28607940673828125,0.7494538426399231,0.00247794448488525,-0.019505171731096522,-0.22769064605342698,0.9735349905199316
1785259715.1712604,0.9348313212394714,-0.28607940673828125,0.7494538426399231,0.00247794448488525,-0.019505171731096522,-0.22769064605342698,0.9735349905199316
1785259715.1762705,0.9348313212394714,-0.28607940673828125,0.7494538426399231,0.00247794448488525,-0.019505171731096522,-0.22769064605342698,0.9735349905199316
1785259715.1812146,0.9348313212394714,-0.28607940673828125,0.7494538426399231,0.00247794448488525,-0.019505171731096522,-0.22769064605342698,0.9735349905199316
1785259715.191269,0.9348313212394714,-0.28607940673828125,0.7494612336158752,0.002462482641916417,-0.019516119503825917,-0.22769073693432143,0.9735347890923346
1785259715.2162745,0.9348313212394714,-0.28607940673828125,0.7494612336158752,0.002462482641916417,-0.019516119503825917,-0.22769073693432143,0.9735347890923346
1785259715.2462783,0.9348313212394714,-0.28607940673828125,0.7494612336158752,0.002462482641916417,-0.019516119503825917,-0.22769073693432143,0.9735347890923346
1785259715.2513258,0.9348313212394714,-0.28607940673828125,0.7494612336158752,0.002462482641916417,-0.019516119503825917,-0.22769073693432143,0.9735347890923346
1785259715.271289,0.9348313212394714,-0.28607940673828125,0.7494612336158752,0.002462482641916417,-0.019516119503825917,-0.22769073693432143,0.9735347890923346
1785259715.2762902,0.9348313212394714,-0.28607940673828125,0.7494612336158752,0.002462482641916417,-0.019516119503825917,-0.22769073693432143,0.9735347890923346
1785259715.3212423,0.9348313212394714,-0.28607940673828125,0.7494528293609619,0.0024856472349146395,-0.019501193554951394,-0.2276905786773675,0.9735350663377881
1785259715.3312807,0.9348313212394714,-0.28607940673828125,0.7494528293609619,0.0024856472349146395,-0.019501193554951394,-0.2276905786773675,0.9735350663377881
1785259715.346278,0.9348313212394714,-0.28607940673828125,0.7494528293609619,0.0024856472349146395,-0.019501193554951394,-0.2276905786773675,0.9735350663377881
1785259715.4812725,0.9348313212394714,-0.28607940673828125,0.7494538426399231,0.002477548326854517,-0.01950731292468923,-0.22769062039377908,0.9735349546274353
1785259715.7262797,0.9348313212394714,-0.28607940673828125,0.7494538426399231,0.002477343065309625,-0.019508567358005418,-0.22769060491692336,0.9735349336328618
1785259715.7362726,0.9348313212394714,-0.28607940673828125,0.7494538426399231,0.002477343065309625,-0.019508567358005418,-0.22769060491692336,0.9735349336328618
1785259715.746267,0.9348313212394714,-0.28607940673828125,0.7494538426399231,0.002477343065309625,-0.019508567358005418,-0.22769060491692336,0.9735349336328618
1785259715.7512665,0.9348313212394714,-0.28607940673828125,0.7494538426399231,0.002477343065309625,-0.019508567358005418,-0.22769060491692336,0.9735349336328618
1785259715.756267,0.9348313212394714,-0.28607940673828125,0.7494538426399231,0.002477343065309625,-0.019508567358005418,-0.22769060491692336,0.9735349336328618
1785259715.7612147,0.9348313212394714,-0.28607940673828125,0.7494538426399231,0.002477343065309625,-0.019508567358005418,-0.22769060491692336,0.9735349336328618
1785259715.7762592,0.9348313212394714,-0.28607940673828125,0.7494538426399231,0.002477343065309625,-0.019508567358005418,-0.22769060491692336,0.9735349336328618
1785259715.7812257,0.9348313212394714,-0.28607940673828125,0.7494538426399231,0.002477343065309625,-0.019508567358005418,-0.22769060491692336,0.9735349336328618
1785259715.786386,0.9348313212394714,-0.28607940673828125,0.7494612336158752,0.0024619971438695158,-0.01951896082975279,-0.22769070224400548,0.9735347414703913
1785259715.7962687,0.9348313212394714,-0.28607940673828125,0.7494612336158752,0.0024619971438695158,-0.01951896082975279,-0.22769070224400548,0.9735347414703913
1785259715.8012266,0.9348313212394714,-0.28607940673828125,0.7494612336158752,0.0024619971438695158,-0.01951896082975279,-0.22769070224400548,0.9735347414703913
1785259715.8062837,0.9348313212394714,-0.28607940673828125,0.7494612336158752,0.0024619971438695158,-0.01951896082975279,-0.22769070224400548,0.9735347414703913
1785259715.8212345,0.9348313212394714,-0.28607940673828125,0.7494612336158752,0.0024619971438695158,-0.01951896082975279,-0.22769070224400548,0.9735347414703913
1785259715.8262677,0.9348313212394714,-0.28607940673828125,0.7494612336158752,0.0024619971438695158,-0.01951896082975279,-0.22769070224400548,0.9735347414703913
1785259715.836276,0.9348313212394714,-0.28607940673828125,0.7494612336158752,0.0024619971438695158,-0.01951896082975279,-0.22769070224400548,0.9735347414703913
1785259715.8462803,0.9348313212394714,-0.28607940673828125,0.7494612336158752,0.0024619971438695158,-0.01951896082975279,-0.22769070224400548,0.9735347414703913
1785259715.8612254,0.9348313212394714,-0.28607940673828125,0.7494612336158752,0.0024619971438695158,-0.01951896082975279,-0.22769070224400548,0.9735347414703913
1785259715.871286,0.9348313212394714,-0.28607940673828125,0.7494612336158752,0.0024619971438695158,-0.01951896082975279,-0.22769070224400548,0.9735347414703913
1785259715.8762794,0.9348313212394714,-0.28607940673828125,0.7494612336158752,0.0024619971438695158,-0.01951896082975279,-0.22769070224400548,0.9735347414703913
1785259715.8812227,0.9348313212394714,-0.28607940673828125,0.7494612336158752,0.0024619971438695158,-0.01951896082975279,-0.22769070224400548,0.9735347414703913
1785259715.886329,0.9348313212394714,-0.28607940673828125,0.7494528293609619,0.0024852582423527314,-0.01950357166699518,-0.2276905493242177,0.9735350265563818
1785259715.891292,0.9348313212394714,-0.28607940673828125,0.7494528293609619,0.0024852582423527314,-0.01950357166699518,-0.2276905493242177,0.9735350265563818
1785259715.896264,0.9348313212394714,-0.28607940673828125,0.7494528293609619,0.0024852582423527314,-0.01950357166699518,-0.2276905493242177,0.9735350265563818
1785259715.916277,0.9348313212394714,-0.28607940673828125,0.7494528293609619,0.0024852582423527314,-0.01950357166699518,-0.2276905493242177,0.9735350265563818
1785259715.9212186,0.9348313212394714,-0.28607940673828125,0.7494528293609619,0.0024852582423527314,-0.01950357166699518,-0.2276905493242177,0.9735350265563818
1785259715.9262714,0.9348313212394714,-0.28607940673828125,0.7494528293609619,0.0024852582423527314,-0.01950357166699518,-0.2276905493242177,0.9735350265563818
1785259715.931267,0.9348313212394714,-0.28607940673828125,0.7494528293609619,0.0024852582423527314,-0.01950357166699518,-0.2276905493242177,0.9735350265563818
1785259715.9362779,0.9348313212394714,-0.28607940673828125,0.7494528293609619,0.0024852582423527314,-0.01950357166699518,-0.2276905493242177,0.9735350265563818
1785259715.941235,0.9348313212394714,-0.28607940673828125,0.7494528293609619,0.0024852582423527314,-0.01950357166699518,-0.2276905493242177,0.9735350265563818
1785259715.9462838,0.9348313212394714,-0.28607940673828125,0.7494528293609619,0.0024852582423527314,-0.01950357166699518,-0.2276905493242177,0.9735350265563818
1785259715.9512792,0.9348313212394714,-0.28607940673828125,0.7494528293609619,0.0024852582423527314,-0.01950357166699518,-0.2276905493242177,0.9735350265563818
1785259715.9562955,0.9348313212394714,-0.28607940673828125,0.7494528293609619,0.0024852582423527314,-0.01950357166699518,-0.2276905493242177,0.9735350265563818
1785259715.9612238,0.9348313212394714,-0.28607940673828125,0.7494528293609619,0.0024852582423527314,-0.01950357166699518,-0.2276905493242177,0.9735350265563818
1785259715.9762602,0.9348313212394714,-0.28607940673828125,0.7494528293609619,0.0024852582423527314,-0.01950357166699518,-0.2276905493242177,0.9735350265563818
1785259715.981214,0.9348313212394714,-0.28607940673828125,0.7494528293609619,0.0024852582423527314,-0.01950357166699518,-0.2276905493242177,0.9735350265563818
1785259715.986336,0.9348313212394714,-0.28607940673828125,0.7494538426399231,0.002481120818649614,-0.019493666702889427,-0.22769076660666981,0.9735351846749182
1785259715.996278,0.9348313212394714,-0.28607940673828125,0.7494538426399231,0.002481120818649614,-0.019493666702889427,-0.22769076660666981,0.9735351846749182
1785259716.0012147,0.9348313212394714,-0.28607940673828125,0.7494538426399231,0.002481120818649614,-0.019493666702889427,-0.22769076660666981,0.9735351846749182
1785259716.006276,0.9348313212394714,-0.28607940673828125,0.7494538426399231,0.002481120818649614,-0.019493666702889427,-0.22769076660666981,0.9735351846749182
1785259716.011285,0.9348313212394714,-0.28607940673828125,0.7494538426399231,0.002481120818649614,-0.019493666702889427,-0.22769076660666981,0.9735351846749182
1785259716.0162857,0.9348313212394714,-0.28607940673828125,0.7494538426399231,0.002481120818649614,-0.019493666702889427,-0.22769076660666981,0.9735351846749182
1785259716.0212305,0.9348313212394714,-0.28607940673828125,0.7494538426399231,0.002481120818649614,-0.019493666702889427,-0.22769076660666981,0.9735351846749182
1785259716.0262773,0.9348313212394714,-0.28607940673828125,0.7494538426399231,0.002481120818649614,-0.019493666702889427,-0.22769076660666981,0.9735351846749182
1785259716.0362775,0.9348313212394714,-0.28607940673828125,0.7494538426399231,0.002481120818649614,-0.019493666702889427,-0.22769076660666981,0.9735351846749182
1785259716.0412273,0.9348313212394714,-0.28607940673828125,0.7494538426399231,0.002481120818649614,-0.019493666702889427,-0.22769076660666981,0.9735351846749182
1785259716.0462787,0.9348313212394714,-0.28607940673828125,0.7494538426399231,0.002481120818649614,-0.019493666702889427,-0.22769076660666981,0.9735351846749182
1785259716.051274,0.9348313212394714,-0.28607940673828125,0.7494538426399231,0.002481120818649614,-0.019493666702889427,-0.22769076660666981,0.9735351846749182
1785259716.0562663,0.9348313212394714,-0.28607940673828125,0.7494538426399231,0.002481120818649614,-0.019493666702889427,-0.22769076660666981,0.9735351846749182
1785259716.0762618,0.9348313212394714,-0.28607940673828125,0.7494538426399231,0.002481120818649614,-0.019493666702889427,-0.22769076660666981,0.9735351846749182
1785259716.0812278,0.9348313212394714,-0.28607940673828125,0.7494538426399231,0.002481120818649614,-0.019493666702889427,-0.22769076660666981,0.9735351846749182
1785259716.086351,0.9348313212394714,-0.28607940673828125,0.7494612336158752,0.0024650247197109537,-0.019506784136856394,-0.22769083524597514,0.9735349467639873
1785259716.1212404,0.9348313212394714,-0.28607940673828125,0.7494612336158752,0.0024650247197109537,-0.019506784136856394,-0.22769083524597514,0.9735349467639873
1785259716.13128,0.9348313212394714,-0.28607940673828125,0.7494612336158752,0.0024650247197109537,-0.019506784136856394,-0.22769083524597514,0.9735349467639873
1785259716.1513007,0.9348313212394714,-0.28607940673828125,0.7494612336158752,0.0024650247197109537,-0.019506784136856394,-0.22769083524597514,0.9735349467639873
1785259716.1562908,0.9348313212394714,-0.28607940673828125,0.7494612336158752,0.0024650247197109537,-0.019506784136856394,-0.22769083524597514,0.9735349467639873
1785259716.1612835,0.9348313212394714,-0.28607940673828125,0.7494612336158752,0.0024650247197109537,-0.019506784136856394,-0.22769083524597514,0.9735349467639873
1785259716.1663008,0.9348313212394714,-0.28607940673828125,0.7494612336158752,0.0024650247197109537,-0.019506784136856394,-0.22769083524597514,0.9735349467639873
1785259716.1762836,0.9348313212394714,-0.28607940673828125,0.7494612336158752,0.0024650247197109537,-0.019506784136856394,-0.22769083524597514,0.9735349467639873
1785259716.1812487,0.9348313212394714,-0.28607940673828125,0.7494612336158752,0.0024650247197109537,-0.019506784136856394,-0.22769083524597514,0.9735349467639873
1785259716.186349,0.9348313212394714,-0.28607940673828125,0.7494528293609619,0.002487683711242918,-0.019493509035631143,-0.22769066064707794,0.9735351958657312
1785259716.2062807,0.9348313212394714,-0.28607940673828125,0.7494528293609619,0.002487683711242918,-0.019493509035631143,-0.22769066064707794,0.9735351958657312
1785259716.211297,0.9348313212394714,-0.28607940673828125,0.7494528293609619,0.002487683711242918,-0.019493509035631143,-0.22769066064707794,0.9735351958657312
1785259716.2262979,0.9348313212394714,-0.28607940673828125,0.7494528293609619,0.002487683711242918,-0.019493509035631143,-0.22769066064707794,0.9735351958657312
1785259716.2412353,0.9348313212394714,-0.28607940673828125,0.7494528293609619,0.002487683711242918,-0.019493509035631143,-0.22769066064707794,0.9735351958657312
1785259716.2562668,0.9348313212394714,-0.28607940673828125,0.7494528293609619,0.002487683711242918,-0.019493509035631143,-0.22769066064707794,0.9735351958657312
1785259716.2612402,0.9348313212394714,-0.28607940673828125,0.7494528293609619,0.002487683711242918,-0.019493509035631143,-0.22769066064707794,0.9735351958657312
1785259716.2662702,0.9348313212394714,-0.28607940673828125,0.7494528293609619,0.002487683711242918,-0.019493509035631143,-0.22769066064707794,0.9735351958657312
1785259716.271266,0.9348313212394714,-0.28607940673828125,0.7494528293609619,0.002487683711242918,-0.019493509035631143,-0.22769066064707794,0.9735351958657312
1785259716.2762723,0.9348313212394714,-0.28607940673828125,0.7494528293609619,0.002487683711242918,-0.019493509035631143,-0.22769066064707794,0.9735351958657312
1785259716.2812347,0.9348313212394714,-0.28607940673828125,0.7494528293609619,0.002487683711242918,-0.019493509035631143,-0.22769066064707794,0.9735351958657312
1785259716.3212533,0.9348313212394714,-0.28607940673828125,0.7494538426399231,0.002479183324377636,-0.01950093257537759,-0.2276906893441775,0.9735350621650499
1785259716.3312726,0.9348313212394714,-0.28607940673828125,0.7494538426399231,0.002479183324377636,-0.01950093257537759,-0.2276906893441775,0.9735350621650499
1785259716.3363314,0.9348313212394714,-0.28607940673828125,0.7494538426399231,0.002479183324377636,-0.01950093257537759,-0.2276906893441775,0.9735350621650499
1785259716.3512838,0.9348313212394714,-0.28607940673828125,0.7494538426399231,0.002479183324377636,-0.01950093257537759,-0.2276906893441775,0.9735350621650499
1785259716.356267,0.9348313212394714,-0.28607940673828125,0.7494538426399231,0.002479183324377636,-0.01950093257537759,-0.2276906893441775,0.9735350621650499
1785259716.3612187,0.9348313212394714,-0.28607940673828125,0.7494538426399231,0.002479183324377636,-0.01950093257537759,-0.2276906893441775,0.9735350621650499
1785259716.3712592,0.9348313212394714,-0.28607940673828125,0.7494538426399231,0.002479183324377636,-0.01950093257537759,-0.2276906893441775,0.9735350621650499
1785259716.3863337,0.9348313212394714,-0.28607940673828125,0.7494612336158752,0.002463478753595894,-0.019512594333375936,-0.22769077346191247,0.9735348486906505
1785259716.3912868,0.9348313212394714,-0.28607940673828125,0.7494612336158752,0.002463478753595894,-0.019512594333375936,-0.22769077346191247,0.9735348486906505
1785259716.4012218,0.9348313212394714,-0.28607940673828125,0.7494612336158752,0.002463478753595894,-0.019512594333375936,-0.22769077346191247,0.9735348486906505
1785259716.4162886,0.9348313212394714,-0.28607940673828125,0.7494612336158752,0.002463478753595894,-0.019512594333375936,-0.22769077346191247,0.9735348486906505
1785259716.446292,0.9348313212394714,-0.28607940673828125,0.7494612336158752,0.002463478753595894,-0.019512594333375936,-0.22769077346191247,0.9735348486906505
1785259716.4762635,0.9348313212394714,-0.28607940673828125,0.7494612336158752,0.002463478753595894,-0.019512594333375936,-0.22769077346191247,0.9735348486906505
1785259717.0812113,0.9348313212394714,-0.28607940673828125,0.7494612336158752,0.0024622672107168526,-0.019517750241431358,-0.22769071597962032,0.9735347618459158
1785259717.141209,0.9348313212394714,-0.28607940673828125,0.7494528293609619,0.0024854747497106986,-0.01950255510623018,-0.22769056104248442,0.9735350436279917
1785259717.1512625,0.9348313212394714,-0.28607940673828125,0.7494528293609619,0.0024854747497106986,-0.01950255510623018,-0.22769056104248442,0.9735350436279917
1785259717.1562698,0.9348313212394714,-0.28607940673828125,0.7494528293609619,0.0024854747497106986,-0.01950255510623018,-0.22769056104248442,0.9735350436279917
1785259717.161246,0.9348313212394714,-0.28607940673828125,0.7494528293609619,0.0024854747497106986,-0.01950255510623018,-0.22769056104248442,0.9735350436279917
1785259717.1662943,0.9348313212394714,-0.28607940673828125,0.7494528293609619,0.0024854747497106986,-0.01950255510623018,-0.22769056104248442,0.9735350436279917
1785259717.1762638,0.9348313212394714,-0.28607940673828125,0.7494528293609619,0.0024854747497106986,-0.01950255510623018,-0.22769056104248442,0.9735350436279917
1785259717.181217,0.9348313212394714,-0.28607940673828125,0.7494528293609619,0.0024854747497106986,-0.01950255510623018,-0.22769056104248442,0.9735350436279917
1785259717.2012222,0.9348313212394714,-0.28607940673828125,0.7494538426399231,0.002477409080657627,-0.019508450832413513,-0.22769060557897766,0.9735349356450671
1785259717.2062895,0.9348313212394714,-0.28607940673828125,0.7494538426399231,0.002477409080657627,-0.019508450832413513,-0.22769060557897766,0.9735349356450671
1785259717.2112873,0.9348313212394714,-0.28607940673828125,0.7494538426399231,0.002477409080657627,-0.019508450832413513,-0.22769060557897766,0.9735349356450671
1785259717.2162695,0.9348313212394714,-0.28607940673828125,0.7494538426399231,0.002477409080657627,-0.019508450832413513,-0.22769060557897766,0.9735349356450671
1785259717.231276,0.9348313212394714,-0.28607940673828125,0.7494538426399231,0.002477409080657627,-0.019508450832413513,-0.22769060557897766,0.9735349356450671
1785259717.2363234,0.9348313212394714,-0.28607940673828125,0.7494538426399231,0.002477409080657627,-0.019508450832413513,-0.22769060557897766,0.9735349356450671
1785259717.2512612,0.9348313212394714,-0.28607940673828125,0.7494538426399231,0.002477409080657627,-0.019508450832413513,-0.22769060557897766,0.9735349356450671
1785259717.2562773,0.9348313212394714,-0.28607940673828125,0.7494538426399231,0.002477409080657627,-0.019508450832413513,-0.22769060557897766,0.9735349356450671
1785259717.2712698,0.9348313212394714,-0.28607940673828125,0.7494538426399231,0.002477409080657627,-0.019508450832413513,-0.22769060557897766,0.9735349356450671
1785259717.2812178,0.9348313212394714,-0.28607940673828125,0.7494538426399231,0.002477409080657627,-0.019508450832413513,-0.22769060557897766,0.9735349356450671
1785259717.2862859,0.9348313212394714,-0.28607940673828125,0.7494538426399231,0.002477409080657627,-0.019508450832413513,-0.22769060557897766,0.9735349356450671
1785259717.2912698,0.9348313212394714,-0.28607940673828125,0.7494538426399231,0.002477409080657627,-0.019508450832413513,-0.22769060557897766,0.9735349356450671
1785259717.5262828,0.9348313212394714,-0.28607940673828125,0.7494538426399231,0.002477270858324292,-0.019509235159628834,-0.22769059606516304,0.9735349225046176
1785259717.5862994,0.9348313212394714,-0.28607940673828125,0.7494538426399231,0.002477270858324292,-0.019509235159628834,-0.22769059606516304,0.9735349225046176
1785259717.591282,0.9348313212394714,-0.28607940673828125,0.7494538426399231,0.002477270858324292,-0.019509235159628834,-0.22769059606516304,0.9735349225046176
1785259717.6062636,0.9348313212394714,-0.28607940673828125,0.7494612336158752,0.002461939106220986,-0.01951951910534561,-0.22769069480995027,0.9735347321624922
1785259717.6263025,0.9348313212394714,-0.28607940673828125,0.7494612336158752,0.002461939106220986,-0.01951951910534561,-0.22769069480995027,0.9735347321624922
1785259717.6462977,0.9348313212394714,-0.28607940673828125,0.7494612336158752,0.002461939106220986,-0.01951951910534561,-0.22769069480995027,0.9735347321624922
1785259717.656279,0.9348313212394714,-0.28607940673828125,0.7494612336158752,0.002461939106220986,-0.01951951910534561,-0.22769069480995027,0.9735347321624922
1785259717.6612418,0.9348313212394714,-0.28607940673828125,0.7494612336158752,0.002461939106220986,-0.01951951910534561,-0.22769069480995027,0.9735347321624922
1785259717.666291,0.9348313212394714,-0.28607940673828125,0.7494612336158752,0.002461939106220986,-0.01951951910534561,-0.22769069480995027,0.9735347321624922
1785259717.6762888,0.9348313212394714,-0.28607940673828125,0.7494612336158752,0.002461939106220986,-0.01951951910534561,-0.22769069480995027,0.9735347321624922
1785259717.6812565,0.9348313212394714,-0.28607940673828125,0.7494612336158752,0.002461939106220986,-0.01951951910534561,-0.22769069480995027,0.9735347321624922
1785259717.6862938,0.9348313212394714,-0.28607940673828125,0.7494612336158752,0.002461939106220986,-0.01951951910534561,-0.22769069480995027,0.9735347321624922
1785259717.696471,0.9348313212394714,-0.28607940673828125,0.7494528293609619,0.0024889572040735497,-0.019488417340283448,-0.2276907162052684,0.973535281556626
1785259717.7112656,0.9348313212394714,-0.28607940673828125,0.7494528293609619,0.0024889572040735497,-0.019488417340283448,-0.2276907162052684,0.973535281556626
1785259717.7162628,0.9348313212394714,-0.28607940673828125,0.7494528293609619,0.0024889572040735497,-0.019488417340283448,-0.2276907162052684,0.973535281556626
1785259717.74629,0.9348313212394714,-0.28607940673828125,0.7494528293609619,0.0024889572040735497,-0.019488417340283448,-0.2276907162052684,0.973535281556626
1785259717.7512941,0.9348313212394714,-0.28607940673828125,0.7494528293609619,0.0024889572040735497,-0.019488417340283448,-0.2276907162052684,0.973535281556626
1785259717.7563026,0.9348313212394714,-0.28607940673828125,0.7494528293609619,0.0024889572040735497,-0.019488417340283448,-0.2276907162052684,0.973535281556626
1785259717.7662845,0.9348313212394714,-0.28607940673828125,0.7494528293609619,0.0024889572040735497,-0.019488417340283448,-0.2276907162052684,0.973535281556626
1785259717.771287,0.9348313212394714,-0.28607940673828125,0.7494528293609619,0.0024889572040735497,-0.019488417340283448,-0.2276907162052684,0.973535281556626
1785259717.7762766,0.9348313212394714,-0.28607940673828125,0.7494528293609619,0.0024889572040735497,-0.019488417340283448,-0.2276907162052684,0.973535281556626
1785259717.781231,0.9348313212394714,-0.28607940673828125,0.7494528293609619,0.0024889572040735497,-0.019488417340283448,-0.2276907162052684,0.973535281556626
1785259717.7862651,0.9348313212394714,-0.28607940673828125,0.7494528293609619,0.0024889572040735497,-0.019488417340283448,-0.2276907162052684,0.973535281556626
1785259717.8312595,0.9348313212394714,-0.28607940673828125,0.7494538426399231,0.002480198249476589,-0.019496914543453182,-0.2276907330045635,0.9735351298457459
1785259717.8362896,0.9348313212394714,-0.28607940673828125,0.7494538426399231,0.002480198249476589,-0.019496914543453182,-0.2276907330045635,0.9735351298457459
1785259717.85126,0.9348313212394714,-0.28607940673828125,0.7494538426399231,0.002480198249476589,-0.019496914543453182,-0.2276907330045635,0.9735351298457459
1785259717.861246,0.9348313212394714,-0.28607940673828125,0.7494538426399231,0.002480198249476589,-0.019496914543453182,-0.2276907330045635,0.9735351298457459
1785259717.866334,0.9348313212394714,-0.28607940673828125,0.7494538426399231,0.002480198249476589,-0.019496914543453182,-0.2276907330045635,0.9735351298457459
1785259717.881227,0.9348313212394714,-0.28607940673828125,0.7494538426399231,0.002480198249476589,-0.019496914543453182,-0.2276907330045635,0.9735351298457459
1785259717.8862834,0.9348313212394714,-0.28607940673828125,0.7494538426399231,0.002480198249476589,-0.019496914543453182,-0.2276907330045635,0.9735351298457459
1785259717.8912902,0.9348313212394714,-0.28607940673828125,0.7494538426399231,0.002480198249476589,-0.019496914543453182,-0.2276907330045635,0.9735351298457459
1785259717.906297,0.9348313212394714,-0.28607940673828125,0.7494612336158752,0.0024642886425477383,-0.019509333527824062,-0.22769080909131142,0.9735349036588932
1785259717.926262,0.9348313212394714,-0.28607940673828125,0.7494612336158752,0.0024642886425477383,-0.019509333527824062,-0.22769080909131142,0.9735349036588932
1785259717.9362907,0.9348313212394714,-0.28607940673828125,0.7494612336158752,0.0024642886425477383,-0.019509333527824062,-0.22769080909131142,0.9735349036588932
1785259717.9512842,0.9348313212394714,-0.28607940673828125,0.7494612336158752,0.0024642886425477383,-0.019509333527824062,-0.22769080909131142,0.9735349036588932
1785259717.956301,0.9348313212394714,-0.28607940673828125,0.7494612336158752,0.0024642886425477383,-0.019509333527824062,-0.22769080909131142,0.9735349036588932
1785259717.9612486,0.9348313212394714,-0.28607940673828125,0.7494612336158752,0.0024642886425477383,-0.019509333527824062,-0.22769080909131142,0.9735349036588932
1785259717.976283,0.9348313212394714,-0.28607940673828125,0.7494612336158752,0.0024642886425477383,-0.019509333527824062,-0.22769080909131142,0.9735349036588932
1785259717.981234,0.9348313212394714,-0.28607940673828125,0.7494612336158752,0.0024642886425477383,-0.019509333527824062,-0.22769080909131142,0.9735349036588932
1785259717.98627,0.9348313212394714,-0.28607940673828125,0.7494612336158752,0.0024642886425477383,-0.019509333527824062,-0.22769080909131142,0.9735349036588932
1785259718.0712712,0.9348313212394714,-0.28607940673828125,0.7494528293609619,0.0024870952733443055,-0.01949557083348038,-0.22769063934921746,0.9735351610639047
1785259718.086266,0.9348313212394714,-0.28607940673828125,0.7494528293609619,0.0024870952733443055,-0.01949557083348038,-0.22769063934921746,0.9735351610639047
1785259718.0963564,0.9348313212394714,-0.28607940673828125,0.7494538426399231,0.002478712267407723,-0.01950262784269364,-0.2276906716298218,0.9735350335480923
1785259718.101226,0.9348313212394714,-0.28607940673828125,0.7494538426399231,0.002478712267407723,-0.01950262784269364,-0.2276906716298218,0.9735350335480923
1785259718.1062796,0.9348313212394714,-0.28607940673828125,0.7494538426399231,0.002478712267407723,-0.01950262784269364,-0.2276906716298218,0.9735350335480923
1785259718.1113298,0.9348313212394714,-0.28607940673828125,0.7494538426399231,0.002478712267407723,-0.01950262784269364,-0.2276906716298218,0.9735350335480923
1785259718.11628,0.9348313212394714,-0.28607940673828125,0.7494538426399231,0.002478712267407723,-0.01950262784269364,-0.2276906716298218,0.9735350335480923
1785259718.1562908,0.9348313212394714,-0.28607940673828125,0.7494538426399231,0.002478712267407723,-0.01950262784269364,-0.2276906716298218,0.9735350335480923
1785259718.161265,0.9348313212394714,-0.28607940673828125,0.7494538426399231,0.002478712267407723,-0.01950262784269364,-0.2276906716298218,0.9735350335480923
1785259718.1662984,0.9348313212394714,-0.28607940673828125,0.7494538426399231,0.002478712267407723,-0.01950262784269364,-0.2276906716298218,0.9735350335480923
1785259718.181244,0.9348313212394714,-0.28607940673828125,0.7494538426399231,0.002478712267407723,-0.01950262784269364,-0.2276906716298218,0.9735350335480923
1785259718.1862712,0.9348313212394714,-0.28607940673828125,0.7494538426399231,0.002478712267407723,-0.01950262784269364,-0.2276906716298218,0.9735350335480923
1785259718.1912951,0.9348313212394714,-0.28607940673828125,0.7494538426399231,0.002478712267407723,-0.01950262784269364,-0.2276906716298218,0.9735350335480923
1785259718.1963682,0.9348313212394714,-0.28607940673828125,0.7494612336158752,0.0024630990857973717,-0.01951399731788762,-0.22769075864722868,0.97353482499509
1785259718.2012336,0.9348313212394714,-0.28607940673828125,0.7494612336158752,0.0024630990857973717,-0.01951399731788762,-0.22769075864722868,0.97353482499509
1785259718.2112722,0.9348313212394714,-0.28607940673828125,0.7494612336158752,0.0024630990857973717,-0.01951399731788762,-0.22769075864722868,0.97353482499509
1785259718.221246,0.9348313212394714,-0.28607940673828125,0.7494612336158752,0.0024630990857973717,-0.01951399731788762,-0.22769075864722868,0.97353482499509
1785259718.2312708,0.9348313212394714,-0.28607940673828125,0.7494612336158752,0.0024630990857973717,-0.01951399731788762,-0.22769075864722868,0.97353482499509
1785259718.236329,0.9348313212394714,-0.28607940673828125,0.7494612336158752,0.0024630990857973717,-0.01951399731788762,-0.22769075864722868,0.97353482499509
1785259718.2412376,0.9348313212394714,-0.28607940673828125,0.7494612336158752,0.0024630990857973717,-0.01951399731788762,-0.22769075864722868,0.97353482499509
1785259718.261226,0.9348313212394714,-0.28607940673828125,0.7494612336158752,0.0024630990857973717,-0.01951399731788762,-0.22769075864722868,0.97353482499509
1785259718.2812319,0.9348313212394714,-0.28607940673828125,0.7494612336158752,0.0024630990857973717,-0.01951399731788762,-0.22769075864722868,0.97353482499509
1785259718.3012233,0.9348313212394714,-0.28607940673828125,0.7494528293609619,0.002486142470535623,-0.019499423615813784,-0.22769059712570103,0.9735350962111274
1785259718.3112664,0.9348313212394714,-0.28607940673828125,0.7494528293609619,0.002486142470535623,-0.019499423615813784,-0.22769059712570103,0.9735350962111274
1785259718.326279,0.9348313212394714,-0.28607940673828125,0.7494528293609619,0.002486142470535623,-0.019499423615813784,-0.22769059712570103,0.9735350962111274
1785259718.3562794,0.9348313212394714,-0.28607940673828125,0.7494528293609619,0.002486142470535623,-0.019499423615813784,-0.22769059712570103,0.9735350962111274
1785259718.3662965,0.9348313212394714,-0.28607940673828125,0.7494528293609619,0.002486142470535623,-0.019499423615813784,-0.22769059712570103,0.9735350962111274
1785259718.3763096,0.9348313212394714,-0.28607940673828125,0.7494528293609619,0.002486142470535623,-0.019499423615813784,-0.22769059712570103,0.9735350962111274
1785259718.3913116,0.9348313212394714,-0.28607940673828125,0.7494528293609619,0.002486142470535623,-0.019499423615813784,-0.22769059712570103,0.9735350962111274
1785259718.4063923,0.9348313212394714,-0.28607940673828125,0.7494538426399231,0.002477947611244441,-0.019505832288725596,-0.2276906360671439,0.9735349796128024
1785259718.4212263,0.9348313212394714,-0.28607940673828125,0.7494538426399231,0.002477947611244441,-0.019505832288725596,-0.2276906360671439,0.9735349796128024
1785259718.451292,0.9348313212394714,-0.28607940673828125,0.7494538426399231,0.002477947611244441,-0.019505832288725596,-0.2276906360671439,0.9735349796128024
1785259718.481224,0.9348313212394714,-0.28607940673828125,0.7494538426399231,0.002477947611244441,-0.019505832288725596,-0.2276906360671439,0.9735349796128024
1785259718.5163069,0.9348313212394714,-0.28607940673828125,0.7494612336158752,0.0024624836749868482,-0.019516670556995182,-0.22769072863299988,0.9735347799843075
1785259718.5312657,0.9348313212394714,-0.28607940673828125,0.7494612336158752,0.0024624836749868482,-0.019516670556995182,-0.22769072863299988,0.9735347799843075
1785259718.5662942,0.9348313212394714,-0.28607940673828125,0.7494612336158752,0.0024624836749868482,-0.019516670556995182,-0.22769072863299988,0.9735347799843075
1785259718.5712814,0.9348313212394714,-0.28607940673828125,0.7494612336158752,0.0024624836749868482,-0.019516670556995182,-0.22769072863299988,0.9735347799843075
1785259718.6663115,0.9348313212394714,-0.28607940673828125,0.7494528293609619,0.0024856491822775424,-0.019501654932654554,-0.22769057170433166,0.9735350587215568
1785259718.6762877,0.9348313212394714,-0.28607940673828125,0.7494528293609619,0.0024856491822775424,-0.019501654932654554,-0.22769057170433166,0.9735350587215568
1785259718.6912973,0.9348313212394714,-0.28607940673828125,0.7494528293609619,0.0024856491822775424,-0.019501654932654554,-0.22769057170433166,0.9735350587215568
1785259718.7112854,0.9348313212394714,-0.28607940673828125,0.7494538426399231,0.002477550030031264,-0.019507697743631466,-0.22769061457767442,0.9735349482724454
1785259718.7362804,0.9348313212394714,-0.28607940673828125,0.7494538426399231,0.002477550030031264,-0.019507697743631466,-0.22769061457767442,0.9735349482724454
1785259718.751277,0.9348313212394714,-0.28607940673828125,0.7494538426399231,0.002477550030031264,-0.019507697743631466,-0.22769061457767442,0.9735349482724454
1785259718.7712743,0.9348313212394714,-0.28607940673828125,0.7494538426399231,0.002477550030031264,-0.019507697743631466,-0.22769061457767442,0.9735349482724454
1785259718.7912657,0.9348313212394714,-0.28607940673828125,0.7494538426399231,0.002477550030031264,-0.019507697743631466,-0.22769061457767442,0.9735349482724454
1785259718.8362768,0.9348313212394714,-0.28607940673828125,0.7494612336158752,0.002462164674413872,-0.01951823308331282,-0.22769071041559888,0.973534753726266
1785259718.8462865,0.9348313212394714,-0.28607940673828125,0.7494612336158752,0.002462164674413872,-0.01951823308331282,-0.22769071041559888,0.973534753726266
1785259718.8612442,0.9348313212394714,-0.28607940673828125,0.7494612336158752,0.002462164674413872,-0.01951823308331282,-0.22769071041559888,0.973534753726266
1785259719.0562656,0.9348313212394714,-0.28607940673828125,0.7494538426399231,0.0024773442225132043,-0.019508795220944064,-0.22769060147043788,0.9735349298698331
1785259719.0712986,0.9348313212394714,-0.28607940673828125,0.7494538426399231,0.0024773442225132043,-0.019508795220944064,-0.22769060147043788,0.9735349298698331
1785259719.08121,0.9348313212394714,-0.28607940673828125,0.7494538426399231,0.0024773442225132043,-0.019508795220944064,-0.22769060147043788,0.9735349298698331
1785259719.1462839,0.9348313212394714,-0.28607940673828125,0.7494612336158752,0.002461999114437368,-0.01951915254463126,-0.2276906993290287,0.9735347383033427
1785259719.1512768,0.9348313212394714,-0.28607940673828125,0.7494612336158752,0.002461999114437368,-0.01951915254463126,-0.2276906993290287,0.9735347383033427
1785259719.156298,0.9348313212394714,-0.28607940673828125,0.7494612336158752,0.002461999114437368,-0.01951915254463126,-0.2276906993290287,0.9735347383033427
1785259719.1912603,0.9348313212394714,-0.28607940673828125,0.7494612336158752,0.002461999114437368,-0.01951915254463126,-0.2276906993290287,0.9735347383033427
1785259719.1962745,0.9348313212394714,-0.28607940673828125,0.7494612336158752,0.002461999114437368,-0.01951915254463126,-0.2276906993290287,0.9735347383033427
1785259719.2012362,0.9348313212394714,-0.28607940673828125,0.7494612336158752,0.002461999114437368,-0.01951915254463126,-0.2276906993290287,0.9735347383033427
1785259719.2162626,0.9348313212394714,-0.28607940673828125,0.7494528293609619,0.002489003683810053,-0.01948811264171521,-0.2276907200203741,0.9735352866449831
1785259719.2262673,0.9348313212394714,-0.28607940673828125,0.7494528293609619,0.002489003683810053,-0.01948811264171521,-0.2276907200203741,0.9735352866449831
1785259719.236279,0.9348313212394714,-0.28607940673828125,0.7494528293609619,0.002489003683810053,-0.01948811264171521,-0.2276907200203741,0.9735352866449831
1785259719.251294,0.9348313212394714,-0.28607940673828125,0.7494528293609619,0.002489003683810053,-0.01948811264171521,-0.2276907200203741,0.9735352866449831
1785259719.2612154,0.9348313212394714,-0.28607940673828125,0.7494528293609619,0.002489003683810053,-0.01948811264171521,-0.2276907200203741,0.9735352866449831
1785259719.266289,0.9348313212394714,-0.28607940673828125,0.7494528293609619,0.002489003683810053,-0.01948811264171521,-0.2276907200203741,0.9735352866449831
1785259719.2712963,0.9348313212394714,-0.28607940673828125,0.7494528293609619,0.002489003683810053,-0.01948811264171521,-0.2276907200203741,0.9735352866449831
1785259719.2763083,0.9348313212394714,-0.28607940673828125,0.7494528293609619,0.002489003683810053,-0.01948811264171521,-0.2276907200203741,0.9735352866449831
1785259719.286268,0.9348313212394714,-0.28607940673828125,0.7494528293609619,0.002489003683810053,-0.01948811264171521,-0.2276907200203741,0.9735352866449831
1785259719.2912643,0.9348313212394714,-0.28607940673828125,0.7494528293609619,0.002489003683810053,-0.01948811264171521,-0.2276907200203741,0.9735352866449831
1785259719.2962782,0.9348313212394714,-0.28607940673828125,0.7494528293609619,0.002489003683810053,-0.01948811264171521,-0.2276907200203741,0.9735352866449831
1785259719.301227,0.9348313212394714,-0.28607940673828125,0.7494528293609619,0.002489003683810053,-0.01948811264171521,-0.2276907200203741,0.9735352866449831
1785259719.311287,0.9348313212394714,-0.28607940673828125,0.7494538426399231,0.002480235108051748,-0.0194966611458692,-0.22769073620610952,0.9735351340778061
1785259719.3212461,0.9348313212394714,-0.28607940673828125,0.7494538426399231,0.002480235108051748,-0.0194966611458692,-0.22769073620610952,0.9735351340778061
1785259719.3263073,0.9348313212394714,-0.28607940673828125,0.7494538426399231,0.002480235108051748,-0.0194966611458692,-0.22769073620610952,0.9735351340778061
1785259719.331315,0.9348313212394714,-0.28607940673828125,0.7494538426399231,0.002480235108051748,-0.0194966611458692,-0.22769073620610952,0.9735351340778061
1785259719.3413002,0.9348313212394714,-0.28607940673828125,0.7494538426399231,0.002480235108051748,-0.0194966611458692,-0.22769073620610952,0.9735351340778061
1785259719.3463013,0.9348313212394714,-0.28607940673828125,0.7494538426399231,0.002480235108051748,-0.0194966611458692,-0.22769073620610952,0.9735351340778061
1785259719.356273,0.9348313212394714,-0.28607940673828125,0.7494538426399231,0.002480235108051748,-0.0194966611458692,-0.22769073620610952,0.9735351340778061
1785259719.3612301,0.9348313212394714,-0.28607940673828125,0.7494538426399231,0.002480235108051748,-0.0194966611458692,-0.22769073620610952,0.9735351340778061
1785259719.3662837,0.9348313212394714,-0.28607940673828125,0.7494538426399231,0.002480235108051748,-0.0194966611458692,-0.22769073620610952,0.9735351340778061
1785259719.3713431,0.9348313212394714,-0.28607940673828125,0.7494538426399231,0.002480235108051748,-0.0194966611458692,-0.22769073620610952,0.9735351340778061
1785259719.3762903,0.9348313212394714,-0.28607940673828125,0.7494538426399231,0.002480235108051748,-0.0194966611458692,-0.22769073620610952,0.9735351340778061
1785259719.381239,0.9348313212394714,-0.28607940673828125,0.7494538426399231,0.002480235108051748,-0.0194966611458692,-0.22769073620610952,0.9735351340778061
1785259719.3863072,0.9348313212394714,-0.28607940673828125,0.7494538426399231,0.002480235108051748,-0.0194966611458692,-0.22769073620610952,0.9735351340778061
1785259719.4662886,0.9348313212394714,-0.28607940673828125,0.7494612336158752,0.0024643188806806986,-0.019509120657787128,-0.22769081179115477,0.9735349072167362
1785259719.7812893,0.9348313212394714,-0.28607940673828125,0.7494612336158752,0.002463114866974493,-0.019513874781142148,-0.22769076022840817,0.973534827041533
1785259719.8412151,0.9348313212394714,-0.28607940673828125,0.7494528293609619,0.0024861553660999484,-0.019499319529560244,-0.22769059847853784,0.9735350979465841
1785259719.8663034,0.9348313212394714,-0.28607940673828125,0.7494528293609619,0.0024861553660999484,-0.019499319529560244,-0.22769059847853784,0.9735350979465841
1785259719.8762877,0.9348313212394714,-0.28607940673828125,0.7494528293609619,0.0024861553660999484,-0.019499319529560244,-0.22769059847853784,0.9735350979465841
1785259719.8812513,0.9348313212394714,-0.28607940673828125,0.7494528293609619,0.0024861553660999484,-0.019499319529560244,-0.22769059847853784,0.9735350979465841
1785259719.8863127,0.9348313212394714,-0.28607940673828125,0.7494528293609619,0.0024861553660999484,-0.019499319529560244,-0.22769059847853784,0.9735350979465841
1785259719.8912795,0.9348313212394714,-0.28607940673828125,0.7494528293609619,0.0024861553660999484,-0.019499319529560244,-0.22769059847853784,0.9735350979465841
1785259719.8962774,0.9348313212394714,-0.28607940673828125,0.7494528293609619,0.0024861553660999484,-0.019499319529560244,-0.22769059847853784,0.9735350979465841
1785259719.9063463,0.9348313212394714,-0.28607940673828125,0.7494538426399231,0.0024779575923882706,-0.01950574473372048,-0.22769063721909552,0.9735349810722342
1785259719.9112823,0.9348313212394714,-0.28607940673828125,0.7494538426399231,0.0024779575923882706,-0.01950574473372048,-0.22769063721909552,0.9735349810722342
1785259719.916271,0.9348313212394714,-0.28607940673828125,0.7494538426399231,0.0024779575923882706,-0.01950574473372048,-0.22769063721909552,0.9735349810722342
1785259719.9212134,0.9348313212394714,-0.28607940673828125,0.7494538426399231,0.0024779575923882706,-0.01950574473372048,-0.22769063721909552,0.9735349810722342
1785259719.92626,0.9348313212394714,-0.28607940673828125,0.7494538426399231,0.0024779575923882706,-0.01950574473372048,-0.22769063721909552,0.9735349810722342
1785259719.9312649,0.9348313212394714,-0.28607940673828125,0.7494538426399231,0.0024779575923882706,-0.01950574473372048,-0.22769063721909552,0.9735349810722342
1785259719.9362664,0.9348313212394714,-0.28607940673828125,0.7494538426399231,0.0024779575923882706,-0.01950574473372048,-0.22769063721909552,0.9735349810722342
1785259719.941211,0.9348313212394714,-0.28607940673828125,0.7494538426399231,0.0024779575923882706,-0.01950574473372048,-0.22769063721909552,0.9735349810722342
1785259719.9462855,0.9348313212394714,-0.28607940673828125,0.7494538426399231,0.0024779575923882706,-0.01950574473372048,-0.22769063721909552,0.9735349810722342
1785259719.9562588,0.9348313212394714,-0.28607940673828125,0.7494538426399231,0.0024779575923882706,-0.01950574473372048,-0.22769063721909552,0.9735349810722342
1785259719.9612374,0.9348313212394714,-0.28607940673828125,0.7494538426399231,0.0024779575923882706,-0.01950574473372048,-0.22769063721909552,0.9735349810722342
1785259719.9662726,0.9348313212394714,-0.28607940673828125,0.7494538426399231,0.0024779575923882706,-0.01950574473372048,-0.22769063721909552,0.9735349810722342
1785259719.9712722,0.9348313212394714,-0.28607940673828125,0.7494538426399231,0.0024779575923882706,-0.01950574473372048,-0.22769063721909552,0.9735349810722342
1785259719.9762712,0.9348313212394714,-0.28607940673828125,0.7494538426399231,0.0024779575923882706,-0.01950574473372048,-0.22769063721909552,0.9735349810722342
1785259719.9812512,0.9348313212394714,-0.28607940673828125,0.7494538426399231,0.0024779575923882706,-0.01950574473372048,-0.22769063721909552,0.9735349810722342
1785259719.9862874,0.9348313212394714,-0.28607940673828125,0.7494538426399231,0.0024779575923882706,-0.01950574473372048,-0.22769063721909552,0.9735349810722342
1785259719.9912927,0.9348313212394714,-0.28607940673828125,0.7494538426399231,0.0024779575923882706,-0.01950574473372048,-0.22769063721909552,0.9735349810722342
1785259719.9962778,0.9348313212394714,-0.28607940673828125,0.7494538426399231,0.0024779575923882706,-0.01950574473372048,-0.22769063721909552,0.9735349810722342
1785259720.0012405,0.9348313212394714,-0.28607940673828125,0.7494538426399231,0.0024779575923882706,-0.01950574473372048,-0.22769063721909552,0.9735349810722342
1785259720.006265,0.9348313212394714,-0.28607940673828125,0.7494538426399231,0.0024779575923882706,-0.01950574473372048,-0.22769063721909552,0.9735349810722342
1785259720.0113022,0.9348313212394714,-0.28607940673828125,0.7494538426399231,0.0024779575923882706,-0.01950574473372048,-0.22769063721909552,0.9735349810722342
1785259720.021213,0.9348313212394714,-0.28607940673828125,0.7494612336158752,0.002462492555057475,-0.019516599957345743,-0.22769072954757197,0.9735347811632699
1785259720.0262678,0.9348313212394714,-0.28607940673828125,0.7494612336158752,0.002462492555057475,-0.019516599957345743,-0.22769072954757197,0.9735347811632699
1785259720.031276,0.9348313212394714,-0.28607940673828125,0.7494612336158752,0.002462492555057475,-0.019516599957345743,-0.22769072954757197,0.9735347811632699
1785259720.036275,0.9348313212394714,-0.28607940673828125,0.7494612336158752,0.002462492555057475,-0.019516599957345743,-0.22769072954757197,0.9735347811632699
1785259720.0462599,0.9348313212394714,-0.28607940673828125,0.7494612336158752,0.002462492555057475,-0.019516599957345743,-0.22769072954757197,0.9735347811632699
1785259720.0512748,0.9348313212394714,-0.28607940673828125,0.7494612336158752,0.002462492555057475,-0.019516599957345743,-0.22769072954757197,0.9735347811632699
1785259720.05629,0.9348313212394714,-0.28607940673828125,0.7494612336158752,0.002462492555057475,-0.019516599957345743,-0.22769072954757197,0.9735347811632699
1785259720.076262,0.9348313212394714,-0.28607940673828125,0.7494612336158752,0.002462492555057475,-0.019516599957345743,-0.22769072954757197,0.9735347811632699
1785259720.081226,0.9348313212394714,-0.28607940673828125,0.7494612336158752,0.002462492555057475,-0.019516599957345743,-0.22769072954757197,0.9735347811632699
1785259720.086324,0.9348313212394714,-0.28607940673828125,0.7494612336158752,0.002462492555057475,-0.019516599957345743,-0.22769072954757197,0.9735347811632699
1785259720.091291,0.9348313212394714,-0.28607940673828125,0.7494612336158752,0.002462492555057475,-0.019516599957345743,-0.22769072954757197,0.9735347811632699
1785259720.3064377,0.9348313212394714,-0.28607940673828125,0.7494612336158752,0.0024621690569045732,-0.01951819394495059,-0.22769071093156693,0.9735347543791851
1785259720.3462968,0.9348313212394714,-0.28607940673828125,0.7494612336158752,0.0024621690569045732,-0.01951819394495059,-0.22769071093156693,0.9735347543791851
1785259720.3562815,0.9348313212394714,-0.28607940673828125,0.7494612336158752,0.0024621690569045732,-0.01951819394495059,-0.22769071093156693,0.9735347543791851
1785259720.3612468,0.9348313212394714,-0.28607940673828125,0.7494612336158752,0.0024621690569045732,-0.01951819394495059,-0.22769071093156693,0.9735347543791851
1785259720.3662796,0.9348313212394714,-0.28607940673828125,0.7494612336158752,0.0024621690569045732,-0.01951819394495059,-0.22769071093156693,0.9735347543791851
1785259720.371306,0.9348313212394714,-0.28607940673828125,0.7494612336158752,0.0024621690569045732,-0.01951819394495059,-0.22769071093156693,0.9735347543791851
1785259720.386314,0.9348313212394714,-0.28607940673828125,0.7494612336158752,0.0024621690569045732,-0.01951819394495059,-0.22769071093156693,0.9735347543791851
1785259720.3962755,0.9348313212394714,-0.28607940673828125,0.7494612336158752,0.0024621690569045732,-0.01951819394495059,-0.22769071093156693,0.9735347543791851
1785259720.4063666,0.9348313212394714,-0.28607940673828125,0.7494528293609619,0.002485396355969667,-0.01950293075481335,-0.2276905566856587,0.9735350373217707
1785259720.4112926,0.9348313212394714,-0.28607940673828125,0.7494528293609619,0.002485396355969667,-0.01950293075481335,-0.2276905566856587,0.9735350373217707
1785259720.4162772,0.9348313212394714,-0.28607940673828125,0.7494528293609619,0.002485396355969667,-0.01950293075481335,-0.2276905566856587,0.9735350373217707
1785259720.4363034,0.9348313212394714,-0.28607940673828125,0.7494528293609619,0.002485396355969667,-0.01950293075481335,-0.2276905566856587,0.9735350373217707
1785259720.4412541,0.9348313212394714,-0.28607940673828125,0.7494528293609619,0.002485396355969667,-0.01950293075481335,-0.2276905566856587,0.9735350373217707
1785259720.4462864,0.9348313212394714,-0.28607940673828125,0.7494528293609619,0.002485396355969667,-0.01950293075481335,-0.2276905566856587,0.9735350373217707
1785259720.4512923,0.9348313212394714,-0.28607940673828125,0.7494528293609619,0.002485396355969667,-0.01950293075481335,-0.2276905566856587,0.9735350373217707
1785259720.4562716,0.9348313212394714,-0.28607940673828125,0.7494528293609619,0.002485396355969667,-0.01950293075481335,-0.2276905566856587,0.9735350373217707
1785259720.4662979,0.9348313212394714,-0.28607940673828125,0.7494528293609619,0.002485396355969667,-0.01950293075481335,-0.2276905566856587,0.9735350373217707
1785259720.47129,0.9348313212394714,-0.28607940673828125,0.7494528293609619,0.002485396355969667,-0.01950293075481335,-0.2276905566856587,0.9735350373217707
1785259720.4762995,0.9348313212394714,-0.28607940673828125,0.7494528293609619,0.002485396355969667,-0.01950293075481335,-0.2276905566856587,0.9735350373217707
1785259720.4812386,0.9348313212394714,-0.28607940673828125,0.7494528293609619,0.002485396355969667,-0.01950293075481335,-0.2276905566856587,0.9735350373217707
1785259720.5012455,0.9348313212394714,-0.28607940673828125,0.7494528293609619,0.002485396355969667,-0.01950293075481335,-0.2276905566856587,0.9735350373217707
1785259720.5063846,0.9348313212394714,-0.28607940673828125,0.7494538426399231,0.0024773478709680637,-0.01950876738614172,-0.2276906018288359,0.9735349303345114
1785259720.5112734,0.9348313212394714,-0.28607940673828125,0.7494538426399231,0.0024773478709680637,-0.01950876738614172,-0.2276906018288359,0.9735349303345114
1785259720.5162704,0.9348313212394714,-0.28607940673828125,0.7494538426399231,0.0024773478709680637,-0.01950876738614172,-0.2276906018288359,0.9735349303345114
1785259720.521245,0.9348313212394714,-0.28607940673828125,0.7494538426399231,0.0024773478709680637,-0.01950876738614172,-0.2276906018288359,0.9735349303345114
1785259720.5262814,0.9348313212394714,-0.28607940673828125,0.7494538426399231,0.0024773478709680637,-0.01950876738614172,-0.2276906018288359,0.9735349303345114
1785259720.5412245,0.9348313212394714,-0.28607940673828125,0.7494538426399231,0.0024773478709680637,-0.01950876738614172,-0.2276906018288359,0.9735349303345114
1785259720.546269,0.9348313212394714,-0.28607940673828125,0.7494538426399231,0.0024773478709680637,-0.01950876738614172,-0.2276906018288359,0.9735349303345114
1785259720.5563176,0.9348313212394714,-0.28607940673828125,0.7494538426399231,0.0024773478709680637,-0.01950876738614172,-0.2276906018288359,0.9735349303345114
1785259720.5612435,0.9348313212394714,-0.28607940673828125,0.7494538426399231,0.0024773478709680637,-0.01950876738614172,-0.2276906018288359,0.9735349303345114
1785259720.5712755,0.9348313212394714,-0.28607940673828125,0.7494538426399231,0.0024773478709680637,-0.01950876738614172,-0.2276906018288359,0.9735349303345114
1785259720.5762632,0.9348313212394714,-0.28607940673828125,0.7494538426399231,0.0024773478709680637,-0.01950876738614172,-0.2276906018288359,0.9735349303345114
1785259720.5812428,0.9348313212394714,-0.28607940673828125,0.7494538426399231,0.0024773478709680637,-0.01950876738614172,-0.2276906018288359,0.9735349303345114
1785259720.5862908,0.9348313212394714,-0.28607940673828125,0.7494538426399231,0.0024773478709680637,-0.01950876738614172,-0.2276906018288359,0.9735349303345114
1785259720.5912745,0.9348313212394714,-0.28607940673828125,0.7494538426399231,0.0024773478709680637,-0.01950876738614172,-0.2276906018288359,0.9735349303345114
1785259720.596264,0.9348313212394714,-0.28607940673828125,0.7494538426399231,0.0024773478709680637,-0.01950876738614172,-0.2276906018288359,0.9735349303345114
1785259720.6062796,0.9348313212394714,-0.28607940673828125,0.7494538426399231,0.0024773478709680637,-0.01950876738614172,-0.2276906018288359,0.9735349303345114
1785259720.6112962,0.9348313212394714,-0.28607940673828125,0.7494538426399231,0.0024773478709680637,-0.01950876738614172,-0.2276906018288359,0.9735349303345114
1785259720.6262934,0.9348313212394714,-0.28607940673828125,0.7494612336158752,0.0024620010358554567,-0.019519130043533197,-0.22769069963556213,0.973534738677933
1785259720.6312869,0.9348313212394714,-0.28607940673828125,0.7494612336158752,0.0024620010358554567,-0.019519130043533197,-0.22769069963556213,0.973534738677933
1785259720.6462593,0.9348313212394714,-0.28607940673828125,0.7494612336158752,0.0024620010358554567,-0.019519130043533197,-0.22769069963556213,0.973534738677933
1785259720.6512728,0.9348313212394714,-0.28607940673828125,0.7494612336158752,0.0024620010358554567,-0.019519130043533197,-0.22769069963556213,0.973534738677933
1785259720.6612313,0.9348313212394714,-0.28607940673828125,0.7494612336158752,0.0024620010358554567,-0.019519130043533197,-0.22769069963556213,0.973534738677933
1785259720.6662774,0.9348313212394714,-0.28607940673828125,0.7494612336158752,0.0024620010358554567,-0.019519130043533197,-0.22769069963556213,0.973534738677933
1785259720.6712828,0.9348313212394714,-0.28607940673828125,0.7494612336158752,0.0024620010358554567,-0.019519130043533197,-0.22769069963556213,0.973534738677933
1785259720.6762738,0.9348313212394714,-0.28607940673828125,0.7494612336158752,0.0024620010358554567,-0.019519130043533197,-0.22769069963556213,0.973534738677933
1785259720.6812212,0.9348313212394714,-0.28607940673828125,0.7494612336158752,0.0024620010358554567,-0.019519130043533197,-0.22769069963556213,0.973534738677933
1785259720.6862676,0.9348313212394714,-0.28607940673828125,0.7494612336158752,0.0024620010358554567,-0.019519130043533197,-0.22769069963556213,0.973534738677933
1785259720.6912637,0.9348313212394714,-0.28607940673828125,0.7494612336158752,0.0024620010358554567,-0.019519130043533197,-0.22769069963556213,0.973534738677933
1785259720.701211,0.9348313212394714,-0.28607940673828125,0.7494612336158752,0.0024620010358554567,-0.019519130043533197,-0.22769069963556213,0.973534738677933
1785259720.7062788,0.9348313212394714,-0.28607940673828125,0.7494612336158752,0.0024620010358554567,-0.019519130043533197,-0.22769069963556213,0.973534738677933
1785259720.7164454,0.9348313212394714,-0.28607940673828125,0.7494528293609619,0.0024890069940167268,-0.019488092377956408,-0.2276907202704783,0.9735352869836629
1785259720.7662864,0.9348313212394714,-0.28607940673828125,0.7494528293609619,0.0024890069940167268,-0.019488092377956408,-0.2276907202704783,0.9735352869836629
1785259720.7713053,0.9348313212394714,-0.28607940673828125,0.7494528293609619,0.0024890069940167268,-0.019488092377956408,-0.2276907202704783,0.9735352869836629
1785259720.7762876,0.9348313212394714,-0.28607940673828125,0.7494528293609619,0.0024890069940167268,-0.019488092377956408,-0.2276907202704783,0.9735352869836629
1785259720.781256,0.9348313212394714,-0.28607940673828125,0.7494528293609619,0.0024890069940167268,-0.019488092377956408,-0.2276907202704783,0.9735352869836629
1785259720.7912676,0.9348313212394714,-0.28607940673828125,0.7494528293609619,0.0024890069940167268,-0.019488092377956408,-0.2276907202704783,0.9735352869836629
1785259720.8012955,0.9348313212394714,-0.28607940673828125,0.7494528293609619,0.0024890069940167268,-0.019488092377956408,-0.2276907202704783,0.9735352869836629
1785259720.8112893,0.9348313212394714,-0.28607940673828125,0.7494538426399231,0.0024802366912234884,-0.019496646215816055,-0.22769073640445853,0.9735351343263817
1785259720.8162854,0.9348313212394714,-0.28607940673828125,0.7494538426399231,0.0024802366912234884,-0.019496646215816055,-0.22769073640445853,0.9735351343263817
1785259720.8212345,0.9348313212394714,-0.28607940673828125,0.7494538426399231,0.0024802366912234884,-0.019496646215816055,-0.22769073640445853,0.9735351343263817
1785259720.82631,0.9348313212394714,-0.28607940673828125,0.7494538426399231,0.0024802366912234884,-0.019496646215816055,-0.22769073640445853,0.9735351343263817
1785259720.8312771,0.9348313212394714,-0.28607940673828125,0.7494538426399231,0.0024802366912234884,-0.019496646215816055,-0.22769073640445853,0.9735351343263817
1785259720.8362727,0.9348313212394714,-0.28607940673828125,0.7494538426399231,0.0024802366912234884,-0.019496646215816055,-0.22769073640445853,0.9735351343263817
1785259720.8462658,0.9348313212394714,-0.28607940673828125,0.7494538426399231,0.0024802366912234884,-0.019496646215816055,-0.22769073640445853,0.9735351343263817
1785259720.8512807,0.9348313212394714,-0.28607940673828125,0.7494538426399231,0.0024802366912234884,-0.019496646215816055,-0.22769073640445853,0.9735351343263817
1785259720.856282,0.9348313212394714,-0.28607940673828125,0.7494538426399231,0.0024802366912234884,-0.019496646215816055,-0.22769073640445853,0.9735351343263817
1785259720.8712943,0.9348313212394714,-0.28607940673828125,0.7494538426399231,0.0024802366912234884,-0.019496646215816055,-0.22769073640445853,0.9735351343263817
1785259720.8762891,0.9348313212394714,-0.28607940673828125,0.7494538426399231,0.0024802366912234884,-0.019496646215816055,-0.22769073640445853,0.9735351343263817
1785259720.8812423,0.9348313212394714,-0.28607940673828125,0.7494538426399231,0.0024802366912234884,-0.019496646215816055,-0.22769073640445853,0.9735351343263817
1785259720.8862858,0.9348313212394714,-0.28607940673828125,0.7494538426399231,0.0024802366912234884,-0.019496646215816055,-0.22769073640445853,0.9735351343263817
1785259720.9063172,0.9348313212394714,-0.28607940673828125,0.7494538426399231,0.0024802366912234884,-0.019496646215816055,-0.22769073640445853,0.9735351343263817
1785259720.9212124,0.9348313212394714,-0.28607940673828125,0.7494612336158752,0.002464320463850352,-0.01950910572773637,-0.2276908119893969,0.9735349074655539
1785259720.926267,0.9348313212394714,-0.28607940673828125,0.7494612336158752,0.002464320463850352,-0.01950910572773637,-0.2276908119893969,0.9735349074655539
1785259720.94121,0.9348313212394714,-0.28607940673828125,0.7494612336158752,0.002464320463850352,-0.01950910572773637,-0.2276908119893969,0.9735349074655539
1785259720.9462597,0.9348313212394714,-0.28607940673828125,0.7494612336158752,0.002464320463850352,-0.01950910572773637,-0.2276908119893969,0.9735349074655539
1785259720.9512794,0.9348313212394714,-0.28607940673828125,0.7494612336158752,0.002464320463850352,-0.01950910572773637,-0.2276908119893969,0.9735349074655539
1785259721.006258,0.9348313212394714,-0.28607940673828125,0.7494612336158752,0.002464320463850352,-0.01950910572773637,-0.2276908119893969,0.9735349074655539
1785259721.0812526,0.9348313212394714,-0.28607940673828125,0.7494528293609619,0.0024871208988536692,-0.019495381747628895,-0.2276906417702711,0.9735351642187307
1785259721.1112766,0.9348313212394714,-0.28607940673828125,0.7494528293609619,0.0024871208988536692,-0.019495381747628895,-0.2276906417702711,0.9735351642187307
1785259721.1163905,0.9348313212394714,-0.28607940673828125,0.7494538426399231,0.002478732488643322,-0.019502470006099296,-0.22769067366948456,0.9735350361814655
1785259721.1462765,0.9348313212394714,-0.28607940673828125,0.7494538426399231,0.002478732488643322,-0.019502470006099296,-0.22769067366948456,0.9735350361814655
1785259721.166272,0.9348313212394714,-0.28607940673828125,0.7494538426399231,0.002478732488643322,-0.019502470006099296,-0.22769067366948456,0.9735350361814655
1785259721.1713026,0.9348313212394714,-0.28607940673828125,0.7494538426399231,0.002478732488643322,-0.019502470006099296,-0.22769067366948456,0.9735350361814655
1785259721.1862845,0.9348313212394714,-0.28607940673828125,0.7494538426399231,0.002478732488643322,-0.019502470006099296,-0.22769067366948456,0.9735350361814655
1785259721.2012222,0.9348313212394714,-0.28607940673828125,0.7494538426399231,0.002478732488643322,-0.019502470006099296,-0.22769067366948456,0.9735350361814655
1785259721.2112844,0.9348313212394714,-0.28607940673828125,0.7494538426399231,0.002478732488643322,-0.019502470006099296,-0.22769067366948456,0.9735350361814655
1785259721.2412295,0.9348313212394714,-0.28607940673828125,0.7494612336158752,0.002463116083124459,-0.019513865502874754,-0.22769076034778118,0.9735348271965139
1785259721.2512712,0.9348313212394714,-0.28607940673828125,0.7494612336158752,0.002463116083124459,-0.019513865502874754,-0.22769076034778118,0.9735348271965139
1785259721.2612205,0.9348313212394714,-0.28607940673828125,0.7494612336158752,0.002463116083124459,-0.019513865502874754,-0.22769076034778118,0.9735348271965139
1785259721.2663453,0.9348313212394714,-0.28607940673828125,0.7494612336158752,0.002463116083124459,-0.019513865502874754,-0.22769076034778118,0.9735348271965139
1785259721.2712808,0.9348313212394714,-0.28607940673828125,0.7494612336158752,0.002463116083124459,-0.019513865502874754,-0.22769076034778118,0.9735348271965139
1785259721.27629,0.9348313212394714,-0.28607940673828125,0.7494612336158752,0.002463116083124459,-0.019513865502874754,-0.22769076034778118,0.9735348271965139
1785259721.281264,0.9348313212394714,-0.28607940673828125,0.7494612336158752,0.002463116083124459,-0.019513865502874754,-0.22769076034778118,0.9735348271965139
1785259721.286302,0.9348313212394714,-0.28607940673828125,0.7494612336158752,0.002463116083124459,-0.019513865502874754,-0.22769076034778118,0.9735348271965139
1785259721.3012507,0.9348313212394714,-0.28607940673828125,0.7494612336158752,0.002463116083124459,-0.019513865502874754,-0.22769076034778118,0.9735348271965139
1785259721.3112943,0.9348313212394714,-0.28607940673828125,0.7494612336158752,0.002463116083124459,-0.019513865502874754,-0.22769076034778118,0.9735348271965139
1785259721.3712647,0.9348313212394714,-0.28607940673828125,0.7494528293609619,0.0024861557043490447,-0.019499311958507803,-0.22769059858684323,0.9735350980720333
1785259721.3912833,0.9348313212394714,-0.28607940673828125,0.7494528293609619,0.0024861557043490447,-0.019499311958507803,-0.22769059858684323,0.9735350980720333
1785259721.4012434,0.9348313212394714,-0.28607940673828125,0.7494528293609619,0.0024861557043490447,-0.019499311958507803,-0.22769059858684323,0.9735350980720333
1785259722.4762805,0.9348313212394714,-0.28607940673828125,0.7494612336158752,0.0024643199529677286,-0.019509101783170092,-0.22769081205712663,0.9735349075300535
1785259722.4912674,0.9348313212394714,-0.28607940673828125,0.7494612336158752,0.0024643199529677286,-0.019509101783170092,-0.22769081205712663,0.9735349075300535
1785259722.5012267,0.9348313212394714,-0.28607940673828125,0.7494612336158752,0.0024643199529677286,-0.019509101783170092,-0.22769081205712663,0.9735349075300535
1785259722.5062652,0.9348313212394714,-0.28607940673828125,0.7494612336158752,0.0024643199529677286,-0.019509101783170092,-0.22769081205712663,0.9735349075300535
1785259722.5812218,0.9348313212394714,-0.28607940673828125,0.7494528293609619,0.0024871199346340423,-0.019495377697035552,-0.22769064184711335,0.9735351642843366
1785259722.611262,0.9348313212394714,-0.28607940673828125,0.7494528293609619,0.0024871199346340423,-0.019495377697035552,-0.22769064184711335,0.9735351642843366
1785259722.6162758,0.9348313212394714,-0.28607940673828125,0.7494528293609619,0.0024871199346340423,-0.019495377697035552,-0.22769064184711335,0.9735351642843366
1785259722.6212394,0.9348313212394714,-0.28607940673828125,0.7494528293609619,0.0024871199346340423,-0.019495377697035552,-0.22769064184711335,0.9735351642843366
1785259722.636298,0.9348313212394714,-0.28607940673828125,0.7494538426399231,0.0024787315531958898,-0.019502467874776046,-0.2276906737169857,0.9735350362154337
1785259722.6562753,0.9348313212394714,-0.28607940673828125,0.7494538426399231,0.0024787315531958898,-0.019502467874776046,-0.2276906737169857,0.9735350362154337
1785259722.6862764,0.9348313212394714,-0.28607940673828125,0.7494538426399231,0.0024787315531958898,-0.019502467874776046,-0.2276906737169857,0.9735350362154337
1785259722.7112625,0.9348313212394714,-0.28607940673828125,0.7494538426399231,0.0024787315531958898,-0.019502467874776046,-0.2276906737169857,0.9735350362154337
1785259722.7462654,0.9348313212394714,-0.28607940673828125,0.7494612336158752,0.0024631155722419865,-0.0195138615583089,-0.22769076041552141,0.9735348272610295
1785259722.7562685,0.9348313212394714,-0.28607940673828125,0.7494612336158752,0.0024631155722419865,-0.0195138615583089,-0.22769076041552141,0.9735348272610295
1785259722.7712681,0.9348313212394714,-0.28607940673828125,0.7494612336158752,0.0024631155722419865,-0.0195138615583089,-0.22769076041552141,0.9735348272610295
1785259722.7762964,0.9348313212394714,-0.28607940673828125,0.7494612336158752,0.0024631155722419865,-0.0195138615583089,-0.22769076041552141,0.9735348272610295
1785259722.796267,0.9348313212394714,-0.28607940673828125,0.7494612336158752,0.0024631155722419865,-0.0195138615583089,-0.22769076041552141,0.9735348272610295
1785259723.056293,0.9348313212394714,-0.28607940673828125,0.7494612336158752,0.002462492439967632,-0.01951659228026804,-0.2276907296648888,0.9735347812900265
1785259723.0613124,0.9348313212394714,-0.28607940673828125,0.7494612336158752,0.002462492439967632,-0.01951659228026804,-0.2276907296648888,0.9735347812900265
1785259723.0663006,0.9348313212394714,-0.28607940673828125,0.7494612336158752,0.002462492439967632,-0.01951659228026804,-0.2276907296648888,0.9735347812900265
1785259723.0712862,0.9348313212394714,-0.28607940673828125,0.7494612336158752,0.002462492439967632,-0.01951659228026804,-0.2276907296648888,0.9735347812900265
1785259723.0762763,0.9348313212394714,-0.28607940673828125,0.7494612336158752,0.002462492439967632,-0.01951659228026804,-0.2276907296648888,0.9735347812900265
1785259723.0812147,0.9348313212394714,-0.28607940673828125,0.7494612336158752,0.002462492439967632,-0.01951659228026804,-0.2276907296648888,0.9735347812900265
1785259723.0862856,0.9348313212394714,-0.28607940673828125,0.7494612336158752,0.002462492439967632,-0.01951659228026804,-0.2276907296648888,0.9735347812900265
1785259723.0913296,0.9348313212394714,-0.28607940673828125,0.7494612336158752,0.002462492439967632,-0.01951659228026804,-0.2276907296648888,0.9735347812900265
1785259723.0962949,0.9348313212394714,-0.28607940673828125,0.7494612336158752,0.002462492439967632,-0.01951659228026804,-0.2276907296648888,0.9735347812900265
1785259723.101248,0.9348313212394714,-0.28607940673828125,0.7494612336158752,0.002462492439967632,-0.01951659228026804,-0.2276907296648888,0.9735347812900265
1785259723.1062853,0.9348313212394714,-0.28607940673828125,0.7494612336158752,0.002462492439967632,-0.01951659228026804,-0.2276907296648888,0.9735347812900265
1785259723.1113276,0.9348313212394714,-0.28607940673828125,0.7494612336158752,0.002462492439967632,-0.01951659228026804,-0.2276907296648888,0.9735347812900265
1785259723.1163092,0.9348313212394714,-0.28607940673828125,0.7494612336158752,0.002462492439967632,-0.01951659228026804,-0.2276907296648888,0.9735347812900265
1785259723.1264503,0.9348313212394714,-0.28607940673828125,0.7494528293609619,0.002485656335330739,-0.01950158966669585,-0.22769057256806882,0.9735350598086745
1785259723.131294,0.9348313212394714,-0.28607940673828125,0.7494528293609619,0.002485656335330739,-0.01950158966669585,-0.22769057256806882,0.9735350598086745
1785259723.1362903,0.9348313212394714,-0.28607940673828125,0.7494528293609619,0.002485656335330739,-0.01950158966669585,-0.22769057256806882,0.9735350598086745
1785259723.141234,0.9348313212394714,-0.28607940673828125,0.7494528293609619,0.002485656335330739,-0.01950158966669585,-0.22769057256806882,0.9735350598086745
1785259723.1562786,0.9348313212394714,-0.28607940673828125,0.7494528293609619,0.002485656335330739,-0.01950158966669585,-0.22769057256806882,0.9735350598086745
1785259723.1712985,0.9348313212394714,-0.28607940673828125,0.7494528293609619,0.002485656335330739,-0.01950158966669585,-0.22769057256806882,0.9735350598086745
1785259723.176281,0.9348313212394714,-0.28607940673828125,0.7494528293609619,0.002485656335330739,-0.01950158966669585,-0.22769057256806882,0.9735350598086745
1785259723.181236,0.9348313212394714,-0.28607940673828125,0.7494528293609619,0.002485656335330739,-0.01950158966669585,-0.22769057256806882,0.9735350598086745
1785259723.1913147,0.9348313212394714,-0.28607940673828125,0.7494528293609619,0.002485656335330739,-0.01950158966669585,-0.22769057256806882,0.9735350598086745
1785259723.196293,0.9348313212394714,-0.28607940673828125,0.7494528293609619,0.002485656335330739,-0.01950158966669585,-0.22769057256806882,0.9735350598086745
1785259723.2112782,0.9348313212394714,-0.28607940673828125,0.7494528293609619,0.002485656335330739,-0.01950158966669585,-0.22769057256806882,0.9735350598086745
1785259723.2162974,0.9348313212394714,-0.28607940673828125,0.7494528293609619,0.002485656335330739,-0.01950158966669585,-0.22769057256806882,0.9735350598086745
1785259723.2263978,0.9348313212394714,-0.28607940673828125,0.7494538426399231,0.0024775555423627383,-0.019507643569188174,-0.22769061530144025,0.9735349491746886
1785259723.2312756,0.9348313212394714,-0.28607940673828125,0.7494538426399231,0.0024775555423627383,-0.019507643569188174,-0.22769061530144025,0.9735349491746886
1785259723.2362924,0.9348313212394714,-0.28607940673828125,0.7494538426399231,0.0024775555423627383,-0.019507643569188174,-0.22769061530144025,0.9735349491746886
1785259723.241231,0.9348313212394714,-0.28607940673828125,0.7494538426399231,0.0024775555423627383,-0.019507643569188174,-0.22769061530144025,0.9735349491746886
1785259723.2512608,0.9348313212394714,-0.28607940673828125,0.7494538426399231,0.0024775555423627383,-0.019507643569188174,-0.22769061530144025,0.9735349491746886
1785259723.2562585,0.9348313212394714,-0.28607940673828125,0.7494538426399231,0.0024775555423627383,-0.019507643569188174,-0.22769061530144025,0.9735349491746886
1785259723.26122,0.9348313212394714,-0.28607940673828125,0.7494538426399231,0.0024775555423627383,-0.019507643569188174,-0.22769061530144025,0.9735349491746886
1785259723.2662754,0.9348313212394714,-0.28607940673828125,0.7494538426399231,0.0024775555423627383,-0.019507643569188174,-0.22769061530144025,0.9735349491746886
1785259723.2812216,0.9348313212394714,-0.28607940673828125,0.7494538426399231,0.0024775555423627383,-0.019507643569188174,-0.22769061530144025,0.9735349491746886
1785259723.2863045,0.9348313212394714,-0.28607940673828125,0.7494538426399231,0.0024775555423627383,-0.019507643569188174,-0.22769061530144025,0.9735349491746886
1785259723.2913272,0.9348313212394714,-0.28607940673828125,0.7494538426399231,0.0024775555423627383,-0.019507643569188174,-0.22769061530144025,0.9735349491746886
1785259723.2963533,0.9348313212394714,-0.28607940673828125,0.7494538426399231,0.0024775555423627383,-0.019507643569188174,-0.22769061530144025,0.9735349491746886
1785259723.301242,0.9348313212394714,-0.28607940673828125,0.7494538426399231,0.0024775555423627383,-0.019507643569188174,-0.22769061530144025,0.9735349491746886
1785259723.3162837,0.9348313212394714,-0.28607940673828125,0.7494538426399231,0.0024775555423627383,-0.019507643569188174,-0.22769061530144025,0.9735349491746886
1785259723.3212614,0.9348313212394714,-0.28607940673828125,0.7494538426399231,0.0024775555423627383,-0.019507643569188174,-0.22769061530144025,0.9735349491746886
1785259723.3263607,0.9348313212394714,-0.28607940673828125,0.7494612336158752,0.002462168063912364,-0.01951818797508902,-0.2276907110377368,0.9735347544765539
1785259723.331286,0.9348313212394714,-0.28607940673828125,0.7494612336158752,0.002462168063912364,-0.01951818797508902,-0.2276907110377368,0.9735347544765539
1785259723.3462605,0.9348313212394714,-0.28607940673828125,0.7494612336158752,0.002462168063912364,-0.01951818797508902,-0.2276907110377368,0.9735347544765539
1785259723.3512938,0.9348313212394714,-0.28607940673828125,0.7494612336158752,0.002462168063912364,-0.01951818797508902,-0.2276907110377368,0.9735347544765539
1785259723.3562863,0.9348313212394714,-0.28607940673828125,0.7494612336158752,0.002462168063912364,-0.01951818797508902,-0.2276907110377368,0.9735347544765539
1785259723.3612933,0.9348313212394714,-0.28607940673828125,0.7494612336158752,0.002462168063912364,-0.01951818797508902,-0.2276907110377368,0.9735347544765539
1785259723.3712623,0.9348313212394714,-0.28607940673828125,0.7494612336158752,0.002462168063912364,-0.01951818797508902,-0.2276907110377368,0.9735347544765539
1785259723.3762736,0.9348313212394714,-0.28607940673828125,0.7494612336158752,0.002462168063912364,-0.01951818797508902,-0.2276907110377368,0.9735347544765539
1785259723.3812444,0.9348313212394714,-0.28607940673828125,0.7494612336158752,0.002462168063912364,-0.01951818797508902,-0.2276907110377368,0.9735347544765539
1785259723.38628,0.9348313212394714,-0.28607940673828125,0.7494612336158752,0.002462168063912364,-0.01951818797508902,-0.2276907110377368,0.9735347544765539
1785259723.461239,0.9348313212394714,-0.28607940673828125,0.7494528293609619,0.0024853958163158487,-0.019502924890977782,-0.22769055678278982,0.9735350374179023
1785259723.4762747,0.9348313212394714,-0.28607940673828125,0.7494528293609619,0.0024853958163158487,-0.019502924890977782,-0.22769055678278982,0.9735350374179023
1785259723.4812424,0.9348313212394714,-0.28607940673828125,0.7494528293609619,0.0024853958163158487,-0.019502924890977782,-0.22769055678278982,0.9735350374179023
1785259723.4862695,0.9348313212394714,-0.28607940673828125,0.7494528293609619,0.0024853958163158487,-0.019502924890977782,-0.22769055678278982,0.9735350374179023
1785259723.4912736,0.9348313212394714,-0.28607940673828125,0.7494528293609619,0.0024853958163158487,-0.019502924890977782,-0.22769055678278982,0.9735350374179023
1785259723.4962885,0.9348313212394714,-0.28607940673828125,0.7494528293609619,0.0024853958163158487,-0.019502924890977782,-0.22769055678278982,0.9735350374179023
1785259723.501236,0.9348313212394714,-0.28607940673828125,0.7494528293609619,0.0024853958163158487,-0.019502924890977782,-0.22769055678278982,0.9735350374179023
1785259723.5062673,0.9348313212394714,-0.28607940673828125,0.7494528293609619,0.0024853958163158487,-0.019502924890977782,-0.22769055678278982,0.9735350374179023
1785259723.5112607,0.9348313212394714,-0.28607940673828125,0.7494528293609619,0.0024853958163158487,-0.019502924890977782,-0.22769055678278982,0.9735350374179023
1785259723.5162592,0.9348313212394714,-0.28607940673828125,0.7494528293609619,0.0024853958163158487,-0.019502924890977782,-0.22769055678278982,0.9735350374179023
1785259723.521224,0.9348313212394714,-0.28607940673828125,0.7494528293609619,0.0024853958163158487,-0.019502924890977782,-0.22769055678278982,0.9735350374179023
1785259723.566287,0.9348313212394714,-0.28607940673828125,0.7494538426399231,0.002477346424638898,-0.019508761310253087,-0.22769060194412097,0.9735349304329843
1785259723.5762668,0.9348313212394714,-0.28607940673828125,0.7494538426399231,0.002477346424638898,-0.019508761310253087,-0.22769060194412097,0.9735349304329843
1785259723.5862868,0.9348313212394714,-0.28607940673828125,0.7494538426399231,0.002477346424638898,-0.019508761310253087,-0.22769060194412097,0.9735349304329843
1785259723.5912719,0.9348313212394714,-0.28607940673828125,0.7494538426399231,0.002477346424638898,-0.019508761310253087,-0.22769060194412097,0.9735349304329843
1785259723.596266,0.9348313212394714,-0.28607940673828125,0.7494538426399231,0.002477346424638898,-0.019508761310253087,-0.22769060194412097,0.9735349304329843
1785259723.6062639,0.9348313212394714,-0.28607940673828125,0.7494538426399231,0.002477346424638898,-0.019508761310253087,-0.22769060194412097,0.9735349304329843
1785259723.6112616,0.9348313212394714,-0.28607940673828125,0.7494538426399231,0.002477346424638898,-0.019508761310253087,-0.22769060194412097,0.9735349304329843
1785259723.6162589,0.9348313212394714,-0.28607940673828125,0.7494538426399231,0.002477346424638898,-0.019508761310253087,-0.22769060194412097,0.9735349304329843
1785259723.6212301,0.9348313212394714,-0.28607940673828125,0.7494538426399231,0.002477346424638898,-0.019508761310253087,-0.22769060194412097,0.9735349304329843
1785259723.6263382,0.9348313212394714,-0.28607940673828125,0.7494612336158752,0.002462000496200741,-0.0195191241796985,-0.22769069973264638,0.9735347387741602
1785259723.6312726,0.9348313212394714,-0.28607940673828125,0.7494612336158752,0.002462000496200741,-0.0195191241796985,-0.22769069973264638,0.9735347387741602
1785259723.6362612,0.9348313212394714,-0.28607940673828125,0.7494612336158752,0.002462000496200741,-0.0195191241796985,-0.22769069973264638,0.9735347387741602
1785259723.6412268,0.9348313212394714,-0.28607940673828125,0.7494612336158752,0.002462000496200741,-0.0195191241796985,-0.22769069973264638,0.9735347387741602
1785259723.646276,0.9348313212394714,-0.28607940673828125,0.7494612336158752,0.002462000496200741,-0.0195191241796985,-0.22769069973264638,0.9735347387741602
1785259723.6512992,0.9348313212394714,-0.28607940673828125,0.7494612336158752,0.002462000496200741,-0.0195191241796985,-0.22769069973264638,0.9735347387741602
1785259723.6562977,0.9348313212394714,-0.28607940673828125,0.7494612336158752,0.002462000496200741,-0.0195191241796985,-0.22769069973264638,0.9735347387741602
1785259723.6612413,0.9348313212394714,-0.28607940673828125,0.7494612336158752,0.002462000496200741,-0.0195191241796985,-0.22769069973264638,0.9735347387741602
1785259723.6662805,0.9348313212394714,-0.28607940673828125,0.7494612336158752,0.002462000496200741,-0.0195191241796985,-0.22769069973264638,0.9735347387741602
1785259723.6712837,0.9348313212394714,-0.28607940673828125,0.7494612336158752,0.002462000496200741,-0.0195191241796985,-0.22769069973264638,0.9735347387741602
1785259723.676263,0.9348313212394714,-0.28607940673828125,0.7494612336158752,0.002462000496200741,-0.0195191241796985,-0.22769069973264638,0.9735347387741602
1785259723.686265,0.9348313212394714,-0.28607940673828125,0.7494612336158752,0.002462000496200741,-0.0195191241796985,-0.22769069973264638,0.9735347387741602
1785259723.6912684,0.9348313212394714,-0.28607940673828125,0.7494612336158752,0.002462000496200741,-0.0195191241796985,-0.22769069973264638,0.9735347387741602
1785259723.6962867,0.9348313212394714,-0.28607940673828125,0.7494612336158752,0.002462000496200741,-0.0195191241796985,-0.22769069973264638,0.9735347387741602
1785259723.7012343,0.9348313212394714,-0.28607940673828125,0.7494612336158752,0.002462000496200741,-0.0195191241796985,-0.22769069973264638,0.9735347387741602
1785259723.7162597,0.9348313212394714,-0.28607940673828125,0.7494612336158752,0.002462000496200741,-0.0195191241796985,-0.22769069973264638,0.9735347387741602
1785259723.7362807,0.9348313212394714,-0.28607940673828125,0.7494528293609619,0.002489005123121421,-0.01948808811530888,-0.2276907203654509,0.973535287051563
1785259723.7462783,0.9348313212394714,-0.28607940673828125,0.7494528293609619,0.002489005123121421,-0.01948808811530888,-0.2276907203654509,0.973535287051563
1785259723.7512605,0.9348313212394714,-0.28607940673828125,0.7494528293609619,0.002489005123121421,-0.01948808811530888,-0.2276907203654509,0.973535287051563
1785259723.7562857,0.9348313212394714,-0.28607940673828125,0.7494528293609619,0.002489005123121421,-0.01948808811530888,-0.2276907203654509,0.973535287051563
1785259723.7612433,0.9348313212394714,-0.28607940673828125,0.7494528293609619,0.002489005123121421,-0.01948808811530888,-0.2276907203654509,0.973535287051563
1785259723.7662923,0.9348313212394714,-0.28607940673828125,0.7494528293609619,0.002489005123121421,-0.01948808811530888,-0.2276907203654509,0.973535287051563
1785259723.7712674,0.9348313212394714,-0.28607940673828125,0.7494528293609619,0.002489005123121421,-0.01948808811530888,-0.2276907203654509,0.973535287051563
1785259723.7762806,0.9348313212394714,-0.28607940673828125,0.7494528293609619,0.002489005123121421,-0.01948808811530888,-0.2276907203654509,0.973535287051563
1785259723.7812276,0.9348313212394714,-0.28607940673828125,0.7494528293609619,0.002489005123121421,-0.01948808811530888,-0.2276907203654509,0.973535287051563
1785259723.7862701,0.9348313212394714,-0.28607940673828125,0.7494528293609619,0.002489005123121421,-0.01948808811530888,-0.2276907203654509,0.973535287051563
1785259723.7912667,0.9348313212394714,-0.28607940673828125,0.7494528293609619,0.002489005123121421,-0.01948808811530888,-0.2276907203654509,0.973535287051563
1785259723.796279,0.9348313212394714,-0.28607940673828125,0.7494528293609619,0.002489005123121421,-0.01948808811530888,-0.2276907203654509,0.973535287051563
1785259723.8012307,0.9348313212394714,-0.28607940673828125,0.7494528293609619,0.002489005123121421,-0.01948808811530888,-0.2276907203654509,0.973535287051563
1785259723.8062775,0.9348313212394714,-0.28607940673828125,0.7494528293609619,0.002489005123121421,-0.01948808811530888,-0.2276907203654509,0.973535287051563
1785259723.811262,0.9348313212394714,-0.28607940673828125,0.7494528293609619,0.002489005123121421,-0.01948808811530888,-0.2276907203654509,0.973535287051563
1785259723.816261,0.9348313212394714,-0.28607940673828125,0.7494528293609619,0.002489005123121421,-0.01948808811530888,-0.2276907203654509,0.973535287051563
1785259723.8212204,0.9348313212394714,-0.28607940673828125,0.7494528293609619,0.002489005123121421,-0.01948808811530888,-0.2276907203654509,0.973535287051563
1785259723.846268,0.9348313212394714,-0.28607940673828125,0.7494538426399231,0.0024802361515688298,-0.019496640351979223,-0.22769073650153648,0.9735351344224851
1785259723.8512764,0.9348313212394714,-0.28607940673828125,0.7494538426399231,0.0024802361515688298,-0.019496640351979223,-0.22769073650153648,0.9735351344224851
1785259723.8962786,0.9348313212394714,-0.28607940673828125,0.7494538426399231,0.0024802361515688298,-0.019496640351979223,-0.22769073650153648,0.9735351344224851
1785259723.9912703,0.9348313212394714,-0.28607940673828125,0.7494612336158752,0.0024643199529677286,-0.019509101783170092,-0.22769081205712663,0.9735349075300535
1785259723.996273,0.9348313212394714,-0.28607940673828125,0.7494612336158752,0.0024643199529677286,-0.019509101783170092,-0.22769081205712663,0.9735349075300535
1785259724.0012202,0.9348313212394714,-0.28607940673828125,0.7494612336158752,0.0024643199529677286,-0.019509101783170092,-0.22769081205712663,0.9735349075300535
1785259724.0062706,0.9348313212394714,-0.28607940673828125,0.7494612336158752,0.0024643199529677286,-0.019509101783170092,-0.22769081205712663,0.9735349075300535
1785259724.0162802,0.9348313212394714,-0.28607940673828125,0.7494612336158752,0.0024643199529677286,-0.019509101783170092,-0.22769081205712663,0.9735349075300535
1785259724.0212321,0.9348313212394714,-0.28607940673828125,0.7494612336158752,0.0024643199529677286,-0.019509101783170092,-0.22769081205712663,0.9735349075300535
1785259724.0262792,0.9348313212394714,-0.28607940673828125,0.7494612336158752,0.0024643199529677286,-0.019509101783170092,-0.22769081205712663,0.9735349075300535
1785259724.0512786,0.9348313212394714,-0.28607940673828125,0.7494528293609619,0.0024871199346340423,-0.019495377697035552,-0.22769064184711335,0.9735351642843366
1785259724.0662806,0.9348313212394714,-0.28607940673828125,0.7494528293609619,0.0024871199346340423,-0.019495377697035552,-0.22769064184711335,0.9735351642843366
1785259724.0762806,0.9348313212394714,-0.28607940673828125,0.7494528293609619,0.0024871199346340423,-0.019495377697035552,-0.22769064184711335,0.9735351642843366
1785259724.0812259,0.9348313212394714,-0.28607940673828125,0.7494528293609619,0.0024871199346340423,-0.019495377697035552,-0.22769064184711335,0.9735351642843366
1785259724.0862772,0.9348313212394714,-0.28607940673828125,0.7494528293609619,0.0024871199346340423,-0.019495377697035552,-0.22769064184711335,0.9735351642843366
1785259724.0913115,0.9348313212394714,-0.28607940673828125,0.7494528293609619,0.0024871199346340423,-0.019495377697035552,-0.22769064184711335,0.9735351642843366
1785259724.096276,0.9348313212394714,-0.28607940673828125,0.7494528293609619,0.0024871199346340423,-0.019495377697035552,-0.22769064184711335,0.9735351642843366
1785259724.1012378,0.9348313212394714,-0.28607940673828125,0.7494528293609619,0.0024871199346340423,-0.019495377697035552,-0.22769064184711335,0.9735351642843366
1785259724.1062763,0.9348313212394714,-0.28607940673828125,0.7494528293609619,0.0024871199346340423,-0.019495377697035552,-0.22769064184711335,0.9735351642843366
1785259724.111269,0.9348313212394714,-0.28607940673828125,0.7494528293609619,0.0024871199346340423,-0.019495377697035552,-0.22769064184711335,0.9735351642843366
1785259724.1162655,0.9348313212394714,-0.28607940673828125,0.7494528293609619,0.0024871199346340423,-0.019495377697035552,-0.22769064184711335,0.9735351642843366
1785259724.1212132,0.9348313212394714,-0.28607940673828125,0.7494528293609619,0.0024871199346340423,-0.019495377697035552,-0.22769064184711335,0.9735351642843366
1785259724.316263,0.9348313212394714,-0.28607940673828125,0.7494612336158752,0.0024631155722419865,-0.0195138615583089,-0.22769076041552141,0.9735348272610295
1785259724.3312728,0.9348313212394714,-0.28607940673828125,0.7494612336158752,0.0024631155722419865,-0.0195138615583089,-0.22769076041552141,0.9735348272610295
1785259724.3364382,0.9348313212394714,-0.28607940673828125,0.7494528293609619,0.0024861556755769185,-0.019499310039238014,-0.2276905986161896,0.9735350981036852
1785259724.351273,0.9348313212394714,-0.28607940673828125,0.7494528293609619,0.0024861556755769185,-0.019499310039238014,-0.2276905986161896,0.9735350981036852
1785259724.36124,0.9348313212394714,-0.28607940673828125,0.7494528293609619,0.0024861556755769185,-0.019499310039238014,-0.2276905986161896,0.9735350981036852
1785259724.3662987,0.9348313212394714,-0.28607940673828125,0.7494528293609619,0.0024861556755769185,-0.019499310039238014,-0.2276905986161896,0.9735350981036852
1785259724.371267,0.9348313212394714,-0.28607940673828125,0.7494528293609619,0.0024861556755769185,-0.019499310039238014,-0.2276905986161896,0.9735350981036852
1785259724.3762634,0.9348313212394714,-0.28607940673828125,0.7494528293609619,0.0024861556755769185,-0.019499310039238014,-0.2276905986161896,0.9735350981036852
1785259724.3812137,0.9348313212394714,-0.28607940673828125,0.7494528293609619,0.0024861556755769185,-0.019499310039238014,-0.2276905986161896,0.9735350981036852
1785259724.3912764,0.9348313212394714,-0.28607940673828125,0.7494528293609619,0.0024861556755769185,-0.019499310039238014,-0.2276905986161896,0.9735350981036852
1785259724.3962865,0.9348313212394714,-0.28607940673828125,0.7494528293609619,0.0024861556755769185,-0.019499310039238014,-0.2276905986161896,0.9735350981036852
1785259724.7562788,0.9348313212394714,-0.28607940673828125,0.7494538426399231,0.0024775555423627383,-0.019507643569188174,-0.22769061530144025,0.9735349491746886
1785259724.8012419,0.9348313212394714,-0.28607940673828125,0.7494538426399231,0.0024775555423627383,-0.019507643569188174,-0.22769061530144025,0.9735349491746886
1785259724.811302,0.9348313212394714,-0.28607940673828125,0.7494538426399231,0.0024775555423627383,-0.019507643569188174,-0.22769061530144025,0.9735349491746886
1785259724.8262804,0.9348313212394714,-0.28607940673828125,0.7494538426399231,0.0024775555423627383,-0.019507643569188174,-0.22769061530144025,0.9735349491746886
1785259724.8312974,0.9348313212394714,-0.28607940673828125,0.7494538426399231,0.0024775555423627383,-0.019507643569188174,-0.22769061530144025,0.9735349491746886
1785259724.8412416,0.9348313212394714,-0.28607940673828125,0.7494612336158752,0.002462168063912364,-0.01951818797508902,-0.2276907110377368,0.9735347544765539
1785259724.8512745,0.9348313212394714,-0.28607940673828125,0.7494612336158752,0.002462168063912364,-0.01951818797508902,-0.2276907110377368,0.9735347544765539
1785259724.8662686,0.9348313212394714,-0.28607940673828125,0.7494612336158752,0.002462168063912364,-0.01951818797508902,-0.2276907110377368,0.9735347544765539
1785259724.891268,0.9348313212394714,-0.28607940673828125,0.7494612336158752,0.002462168063912364,-0.01951818797508902,-0.2276907110377368,0.9735347544765539
1785259724.9262667,0.9348313212394714,-0.28607940673828125,0.7494612336158752,0.002462168063912364,-0.01951818797508902,-0.2276907110377368,0.9735347544765539
1785259724.9313042,0.9348313212394714,-0.28607940673828125,0.7494612336158752,0.002462168063912364,-0.01951818797508902,-0.2276907110377368,0.9735347544765539
1785259724.93636,0.9348313212394714,-0.28607940673828125,0.7494528293609619,0.0024853958163158487,-0.019502924890977782,-0.22769055678278982,0.9735350374179023
1785259725.0012403,0.9348313212394714,-0.28607940673828125,0.7494528293609619,0.0024853958163158487,-0.019502924890977782,-0.22769055678278982,0.9735350374179023
1785259725.0262659,0.9348313212394714,-0.28607940673828125,0.7494528293609619,0.0024853958163158487,-0.019502924890977782,-0.22769055678278982,0.9735350374179023
1785259725.0312846,0.9348313212394714,-0.28607940673828125,0.7494528293609619,0.0024853958163158487,-0.019502924890977782,-0.22769055678278982,0.9735350374179023
1785259725.0712838,0.9348313212394714,-0.28607940673828125,0.7494538426399231,0.002477346424638898,-0.019508761310253087,-0.22769060194412097,0.9735349304329843
1785259725.0912638,0.9348313212394714,-0.28607940673828125,0.7494538426399231,0.002477346424638898,-0.019508761310253087,-0.22769060194412097,0.9735349304329843
1785259725.096289,0.9348313212394714,-0.28607940673828125,0.7494538426399231,0.002477346424638898,-0.019508761310253087,-0.22769060194412097,0.9735349304329843
1785259725.1012847,0.9348313212394714,-0.28607940673828125,0.7494538426399231,0.002477346424638898,-0.019508761310253087,-0.22769060194412097,0.9735349304329843
1785259725.106313,0.9348313212394714,-0.28607940673828125,0.7494538426399231,0.002477346424638898,-0.019508761310253087,-0.22769060194412097,0.9735349304329843
1785259725.1112878,0.9348313212394714,-0.28607940673828125,0.7494538426399231,0.002477346424638898,-0.019508761310253087,-0.22769060194412097,0.9735349304329843
1785259725.1162896,0.9348313212394714,-0.28607940673828125,0.7494538426399231,0.002477346424638898,-0.019508761310253087,-0.22769060194412097,0.9735349304329843
1785259725.1262689,0.9348313212394714,-0.28607940673828125,0.7494538426399231,0.002477346424638898,-0.019508761310253087,-0.22769060194412097,0.9735349304329843
1785259725.1312804,0.9348313212394714,-0.28607940673828125,0.7494538426399231,0.002477346424638898,-0.019508761310253087,-0.22769060194412097,0.9735349304329843
1785259725.1362672,0.9348313212394714,-0.28607940673828125,0.7494538426399231,0.002477346424638898,-0.019508761310253087,-0.22769060194412097,0.9735349304329843
1785259725.19626,0.9348313212394714,-0.28607940673828125,0.7494612336158752,0.002462000496200741,-0.0195191241796985,-0.22769069973264638,0.9735347387741602
1785259725.2012389,0.9348313212394714,-0.28607940673828125,0.7494612336158752,0.002462000496200741,-0.0195191241796985,-0.22769069973264638,0.9735347387741602
1785259725.2062821,0.9348313212394714,-0.28607940673828125,0.7494612336158752,0.002462000496200741,-0.0195191241796985,-0.22769069973264638,0.9735347387741602
1785259725.2112968,0.9348313212394714,-0.28607940673828125,0.7494612336158752,0.002462000496200741,-0.0195191241796985,-0.22769069973264638,0.9735347387741602
1785259725.216299,0.9348313212394714,-0.28607940673828125,0.7494612336158752,0.002462000496200741,-0.0195191241796985,-0.22769069973264638,0.9735347387741602
1785259725.2212431,0.9348313212394714,-0.28607940673828125,0.7494612336158752,0.002462000496200741,-0.0195191241796985,-0.22769069973264638,0.9735347387741602
1785259725.431278,0.9348313212394714,-0.28607940673828125,0.7494538426399231,0.0024811221204268756,-0.019493783672341454,-0.22769076482657202,0.9735351827457754
1785259725.4363678,0.9348313212394714,-0.28607940673828125,0.7494612336158752,0.0024650257337748014,-0.01950688191359124,-0.22769083375969734,0.9735349451498673
1785259725.4412284,0.9348313212394714,-0.28607940673828125,0.7494612336158752,0.0024650257337748014,-0.01950688191359124,-0.22769083375969734,0.9735349451498673
1785259725.4512982,0.9348313212394714,-0.28607940673828125,0.7494612336158752,0.0024650257337748014,-0.01950688191359124,-0.22769083375969734,0.9735349451498673
1785259725.456265,0.9348313212394714,-0.28607940673828125,0.7494612336158752,0.0024650257337748014,-0.01950688191359124,-0.22769083375969734,0.9735349451498673
1785259725.4612632,0.9348313212394714,-0.28607940673828125,0.7494612336158752,0.0024650257337748014,-0.01950688191359124,-0.22769083375969734,0.9735349451498673
1785259725.4712846,0.9348313212394714,-0.28607940673828125,0.7494612336158752,0.0024650257337748014,-0.01950688191359124,-0.22769083375969734,0.9735349451498673
1785259725.496264,0.9348313212394714,-0.28607940673828125,0.7494612336158752,0.0024650257337748014,-0.01950688191359124,-0.22769083375969734,0.9735349451498673
1785259725.5012789,0.9348313212394714,-0.28607940673828125,0.7494612336158752,0.0024650257337748014,-0.01950688191359124,-0.22769083375969734,0.9735349451498673
1785259725.5063162,0.9348313212394714,-0.28607940673828125,0.7494612336158752,0.0024650257337748014,-0.01950688191359124,-0.22769083375969734,0.9735349451498673
1785259725.511284,0.9348313212394714,-0.28607940673828125,0.7494612336158752,0.0024650257337748014,-0.01950688191359124,-0.22769083375969734,0.9735349451498673
1785259725.5162683,0.9348313212394714,-0.28607940673828125,0.7494612336158752,0.0024650257337748014,-0.01950688191359124,-0.22769083375969734,0.9735349451498673
1785259725.5212302,0.9348313212394714,-0.28607940673828125,0.7494612336158752,0.0024650257337748014,-0.01950688191359124,-0.22769083375969734,0.9735349451498673
1785259725.526267,0.9348313212394714,-0.28607940673828125,0.7494612336158752,0.0024650257337748014,-0.01950688191359124,-0.22769083375969734,0.9735349451498673
1785259725.5363548,0.9348313212394714,-0.28607940673828125,0.7494528293609619,0.002487684466337455,-0.01949358953894555,-0.2276906594238136,0.9735351945379437
1785259725.5562978,0.9348313212394714,-0.28607940673828125,0.7494528293609619,0.002487684466337455,-0.01949358953894555,-0.2276906594238136,0.9735351945379437
1785259725.5712981,0.9348313212394714,-0.28607940673828125,0.7494528293609619,0.002487684466337455,-0.01949358953894555,-0.2276906594238136,0.9735351945379437
1785259725.5862675,0.9348313212394714,-0.28607940673828125,0.7494528293609619,0.002487684466337455,-0.01949358953894555,-0.2276906594238136,0.9735351945379437
1785259725.6012282,0.9348313212394714,-0.28607940673828125,0.7494528293609619,0.002487684466337455,-0.01949358953894555,-0.2276906594238136,0.9735351945379437
1785259725.606319,0.9348313212394714,-0.28607940673828125,0.7494528293609619,0.002487684466337455,-0.01949358953894555,-0.2276906594238136,0.9735351945379437
1785259725.6112916,0.9348313212394714,-0.28607940673828125,0.7494528293609619,0.002487684466337455,-0.01949358953894555,-0.2276906594238136,0.9735351945379437
1785259725.6212337,0.9348313212394714,-0.28607940673828125,0.7494528293609619,0.002487684466337455,-0.01949358953894555,-0.2276906594238136,0.9735351945379437
1785259725.6262746,0.9348313212394714,-0.28607940673828125,0.7494528293609619,0.002487684466337455,-0.01949358953894555,-0.2276906594238136,0.9735351945379437
1785259725.631283,0.9348313212394714,-0.28607940673828125,0.7494528293609619,0.002487684466337455,-0.01949358953894555,-0.2276906594238136,0.9735351945379437
1785259725.6412299,0.9348313212394714,-0.28607940673828125,0.7494538426399231,0.0024791847847454194,-0.019500999855848772,-0.22769068830830638,0.9735350610559
1785259725.6462653,0.9348313212394714,-0.28607940673828125,0.7494538426399231,0.0024791847847454194,-0.019500999855848772,-0.22769068830830638,0.9735350610559
1785259725.6512775,0.9348313212394714,-0.28607940673828125,0.7494538426399231,0.0024791847847454194,-0.019500999855848772,-0.22769068830830638,0.9735350610559
1785259725.6562665,0.9348313212394714,-0.28607940673828125,0.7494538426399231,0.0024791847847454194,-0.019500999855848772,-0.22769068830830638,0.9735350610559
1785259725.6612158,0.9348313212394714,-0.28607940673828125,0.7494538426399231,0.0024791847847454194,-0.019500999855848772,-0.22769068830830638,0.9735350610559
1785259725.6762595,0.9348313212394714,-0.28607940673828125,0.7494538426399231,0.0024791847847454194,-0.019500999855848772,-0.22769068830830638,0.9735350610559
1785259725.681227,0.9348313212394714,-0.28607940673828125,0.7494538426399231,0.0024791847847454194,-0.019500999855848772,-0.22769068830830638,0.9735350610559
1785259725.6912627,0.9348313212394714,-0.28607940673828125,0.7494538426399231,0.0024791847847454194,-0.019500999855848772,-0.22769068830830638,0.9735350610559
1785259725.6962588,0.9348313212394714,-0.28607940673828125,0.7494538426399231,0.0024791847847454194,-0.019500999855848772,-0.22769068830830638,0.9735350610559
1785259725.7012305,0.9348313212394714,-0.28607940673828125,0.7494538426399231,0.0024791847847454194,-0.019500999855848772,-0.22769068830830638,0.9735350610559
1785259725.7062755,0.9348313212394714,-0.28607940673828125,0.7494538426399231,0.0024791847847454194,-0.019500999855848772,-0.22769068830830638,0.9735350610559
1785259725.7112706,0.9348313212394714,-0.28607940673828125,0.7494538426399231,0.0024791847847454194,-0.019500999855848772,-0.22769068830830638,0.9735350610559
1785259725.7162726,0.9348313212394714,-0.28607940673828125,0.7494538426399231,0.0024791847847454194,-0.019500999855848772,-0.22769068830830638,0.9735350610559
1785259725.7212203,0.9348313212394714,-0.28607940673828125,0.7494538426399231,0.0024791847847454194,-0.019500999855848772,-0.22769068830830638,0.9735350610559
1785259725.7262602,0.9348313212394714,-0.28607940673828125,0.7494538426399231,0.0024791847847454194,-0.019500999855848772,-0.22769068830830638,0.9735350610559
1785259725.7363641,0.9348313212394714,-0.28607940673828125,0.7494612336158752,0.00246347868132367,-0.0195126497801406,-0.2276907726296394,0.9735348477741628
1785259725.7412283,0.9348313212394714,-0.28607940673828125,0.7494612336158752,0.00246347868132367,-0.0195126497801406,-0.2276907726296394,0.9735348477741628
1785259725.746275,0.9348313212394714,-0.28607940673828125,0.7494612336158752,0.00246347868132367,-0.0195126497801406,-0.2276907726296394,0.9735348477741628
1785259725.7512681,0.9348313212394714,-0.28607940673828125,0.7494612336158752,0.00246347868132367,-0.0195126497801406,-0.2276907726296394,0.9735348477741628
1785259725.7762673,0.9348313212394714,-0.28607940673828125,0.7494612336158752,0.00246347868132367,-0.0195126497801406,-0.2276907726296394,0.9735348477741628
1785259725.796274,0.9348313212394714,-0.28607940673828125,0.7494612336158752,0.00246347868132367,-0.0195126497801406,-0.2276907726296394,0.9735348477741628
1785259725.8012235,0.9348313212394714,-0.28607940673828125,0.7494612336158752,0.00246347868132367,-0.0195126497801406,-0.2276907726296394,0.9735348477741628
1785259725.8112824,0.9348313212394714,-0.28607940673828125,0.7494612336158752,0.00246347868132367,-0.0195126497801406,-0.2276907726296394,0.9735348477741628
1785259725.8162885,0.9348313212394714,-0.28607940673828125,0.7494612336158752,0.00246347868132367,-0.0195126497801406,-0.2276907726296394,0.9735348477741628
1785259725.821235,0.9348313212394714,-0.28607940673828125,0.7494612336158752,0.00246347868132367,-0.0195126497801406,-0.2276907726296394,0.9735348477741628
1785259725.8262782,0.9348313212394714,-0.28607940673828125,0.7494612336158752,0.00246347868132367,-0.0195126497801406,-0.2276907726296394,0.9735348477741628
1785259725.8312666,0.9348313212394714,-0.28607940673828125,0.7494612336158752,0.00246347868132367,-0.0195126497801406,-0.2276907726296394,0.9735348477741628
1785259725.8412364,0.9348313212394714,-0.28607940673828125,0.7494612336158752,0.00246347868132367,-0.0195126497801406,-0.2276907726296394,0.9735348477741628
1785259725.846372,0.9348313212394714,-0.28607940673828125,0.7494528293609619,0.0024864468109941024,-0.019498299457169542,-0.22769060901117602,0.9735351151697892
1785259725.8562672,0.9348313212394714,-0.28607940673828125,0.7494528293609619,0.0024864468109941024,-0.019498299457169542,-0.22769060901117602,0.9735351151697892
1785259725.8662694,0.9348313212394714,-0.28607940673828125,0.7494528293609619,0.0024864468109941024,-0.019498299457169542,-0.22769060901117602,0.9735351151697892
1785259725.871279,0.9348313212394714,-0.28607940673828125,0.7494528293609619,0.0024864468109941024,-0.019498299457169542,-0.22769060901117602,0.9735351151697892
1785259725.8762703,0.9348313212394714,-0.28607940673828125,0.7494528293609619,0.0024864468109941024,-0.019498299457169542,-0.22769060901117602,0.9735351151697892
1785259725.8812456,0.9348313212394714,-0.28607940673828125,0.7494528293609619,0.0024864468109941024,-0.019498299457169542,-0.22769060901117602,0.9735351151697892
1785259725.8912792,0.9348313212394714,-0.28607940673828125,0.7494528293609619,0.0024864468109941024,-0.019498299457169542,-0.22769060901117602,0.9735351151697892
1785259725.896279,0.9348313212394714,-0.28607940673828125,0.7494528293609619,0.0024864468109941024,-0.019498299457169542,-0.22769060901117602,0.9735351151697892
1785259725.9012465,0.9348313212394714,-0.28607940673828125,0.7494528293609619,0.0024864468109941024,-0.019498299457169542,-0.22769060901117602,0.9735351151697892
1785259725.9062836,0.9348313212394714,-0.28607940673828125,0.7494528293609619,0.0024864468109941024,-0.019498299457169542,-0.22769060901117602,0.9735351151697892
1785259725.9112804,0.9348313212394714,-0.28607940673828125,0.7494528293609619,0.0024864468109941024,-0.019498299457169542,-0.22769060901117602,0.9735351151697892
1785259725.9162672,0.9348313212394714,-0.28607940673828125,0.7494528293609619,0.0024864468109941024,-0.019498299457169542,-0.22769060901117602,0.9735351151697892
1785259725.926285,0.9348313212394714,-0.28607940673828125,0.7494528293609619,0.0024864468109941024,-0.019498299457169542,-0.22769060901117602,0.9735351151697892
1785259725.951278,0.9348313212394714,-0.28607940673828125,0.7494538426399231,0.002478191929990027,-0.01950489299651704,-0.22769064615822676,0.9735349954500874
1785259725.966287,0.9348313212394714,-0.28607940673828125,0.7494538426399231,0.002478191929990027,-0.01950489299651704,-0.22769064615822676,0.9735349954500874
1785259725.971272,0.9348313212394714,-0.28607940673828125,0.7494538426399231,0.002478191929990027,-0.01950489299651704,-0.22769064615822676,0.9735349954500874
1785259725.9762747,0.9348313212394714,-0.28607940673828125,0.7494538426399231,0.002478191929990027,-0.01950489299651704,-0.22769064615822676,0.9735349954500874
1785259725.9812562,0.9348313212394714,-0.28607940673828125,0.7494538426399231,0.002478191929990027,-0.01950489299651704,-0.22769064615822676,0.9735349954500874
1785259725.9862943,0.9348313212394714,-0.28607940673828125,0.7494538426399231,0.002478191929990027,-0.01950489299651704,-0.22769064615822676,0.9735349954500874
1785259725.9912694,0.9348313212394714,-0.28607940673828125,0.7494538426399231,0.002478191929990027,-0.01950489299651704,-0.22769064615822676,0.9735349954500874
1785259725.9962778,0.9348313212394714,-0.28607940673828125,0.7494538426399231,0.002478191929990027,-0.01950489299651704,-0.22769064615822676,0.9735349954500874
1785259726.0062773,0.9348313212394714,-0.28607940673828125,0.7494538426399231,0.002478191929990027,-0.01950489299651704,-0.22769064615822676,0.9735349954500874
1785259726.0212345,0.9348313212394714,-0.28607940673828125,0.7494538426399231,0.002478191929990027,-0.01950489299651704,-0.22769064615822676,0.9735349954500874
1785259726.0262816,0.9348313212394714,-0.28607940673828125,0.7494538426399231,0.002478191929990027,-0.01950489299651704,-0.22769064615822676,0.9735349954500874
1785259726.0312684,0.9348313212394714,-0.28607940673828125,0.7494538426399231,0.002478191929990027,-0.01950489299651704,-0.22769064615822676,0.9735349954500874
1785259726.0362842,0.9348313212394714,-0.28607940673828125,0.7494538426399231,0.002478191929990027,-0.01950489299651704,-0.22769064615822676,0.9735349954500874
1785259726.0412233,0.9348313212394714,-0.28607940673828125,0.7494538426399231,0.002478191929990027,-0.01950489299651704,-0.22769064615822676,0.9735349954500874
1785259726.0512836,0.9348313212394714,-0.28607940673828125,0.7494612336158752,0.0024626814787748665,-0.019515882951936257,-0.22769073720359612,0.9735347932684395
1785259726.0562751,0.9348313212394714,-0.28607940673828125,0.7494612336158752,0.0024626814787748665,-0.019515882951936257,-0.22769073720359612,0.9735347932684395
1785259726.0612428,0.9348313212394714,-0.28607940673828125,0.7494612336158752,0.0024626814787748665,-0.019515882951936257,-0.22769073720359612,0.9735347932684395
1785259726.066275,0.9348313212394714,-0.28607940673828125,0.7494612336158752,0.0024626814787748665,-0.019515882951936257,-0.22769073720359612,0.9735347932684395
1785259726.0712802,0.9348313212394714,-0.28607940673828125,0.7494612336158752,0.0024626814787748665,-0.019515882951936257,-0.22769073720359612,0.9735347932684395
1785259726.0762956,0.9348313212394714,-0.28607940673828125,0.7494612336158752,0.0024626814787748665,-0.019515882951936257,-0.22769073720359612,0.9735347932684395
1785259726.0812228,0.9348313212394714,-0.28607940673828125,0.7494612336158752,0.0024626814787748665,-0.019515882951936257,-0.22769073720359612,0.9735347932684395
1785259726.0912998,0.9348313212394714,-0.28607940673828125,0.7494612336158752,0.0024626814787748665,-0.019515882951936257,-0.22769073720359612,0.9735347932684395
1785259726.096273,0.9348313212394714,-0.28607940673828125,0.7494612336158752,0.0024626814787748665,-0.019515882951936257,-0.22769073720359612,0.9735347932684395
1785259726.1012325,0.9348313212394714,-0.28607940673828125,0.7494612336158752,0.0024626814787748665,-0.019515882951936257,-0.22769073720359612,0.9735347932684395
1785259726.1062768,0.9348313212394714,-0.28607940673828125,0.7494612336158752,0.0024626814787748665,-0.019515882951936257,-0.22769073720359612,0.9735347932684395
1785259726.1112792,0.9348313212394714,-0.28607940673828125,0.7494612336158752,0.0024626814787748665,-0.019515882951936257,-0.22769073720359612,0.9735347932684395
1785259726.1163056,0.9348313212394714,-0.28607940673828125,0.7494612336158752,0.0024626814787748665,-0.019515882951936257,-0.22769073720359612,0.9735347932684395
1785259726.1212418,0.9348313212394714,-0.28607940673828125,0.7494612336158752,0.0024626814787748665,-0.019515882951936257,-0.22769073720359612,0.9735347932684395
1785259726.126269,0.9348313212394714,-0.28607940673828125,0.7494612336158752,0.0024626814787748665,-0.019515882951936257,-0.22769073720359612,0.9735347932684395
1785259726.1312785,0.9348313212394714,-0.28607940673828125,0.7494612336158752,0.0024626814787748665,-0.019515882951936257,-0.22769073720359612,0.9735347932684395
1785259726.1412513,0.9348313212394714,-0.28607940673828125,0.7494612336158752,0.0024626814787748665,-0.019515882951936257,-0.22769073720359612,0.9735347932684395
1785259726.146342,0.9348313212394714,-0.28607940673828125,0.7494528293609619,0.0024858064729136875,-0.019500997467627804,-0.2276905789977728,0.9735350697841377
1785259726.1712794,0.9348313212394714,-0.28607940673828125,0.7494528293609619,0.0024858064729136875,-0.019500997467627804,-0.2276905789977728,0.9735350697841377
1785259726.1762774,0.9348313212394714,-0.28607940673828125,0.7494528293609619,0.0024858064729136875,-0.019500997467627804,-0.2276905789977728,0.9735350697841377
1785259726.186264,0.9348313212394714,-0.28607940673828125,0.7494528293609619,0.0024858064729136875,-0.019500997467627804,-0.2276905789977728,0.9735350697841377
1785259726.1912801,0.9348313212394714,-0.28607940673828125,0.7494528293609619,0.0024858064729136875,-0.019500997467627804,-0.2276905789977728,0.9735350697841377
1785259726.1962998,0.9348313212394714,-0.28607940673828125,0.7494528293609619,0.0024858064729136875,-0.019500997467627804,-0.2276905789977728,0.9735350697841377
1785259726.2012908,0.9348313212394714,-0.28607940673828125,0.7494528293609619,0.0024858064729136875,-0.019500997467627804,-0.2276905789977728,0.9735350697841377
1785259726.2063136,0.9348313212394714,-0.28607940673828125,0.7494528293609619,0.0024858064729136875,-0.019500997467627804,-0.2276905789977728,0.9735350697841377
1785259726.211302,0.9348313212394714,-0.28607940673828125,0.7494528293609619,0.0024858064729136875,-0.019500997467627804,-0.2276905789977728,0.9735350697841377
1785259726.2162914,0.9348313212394714,-0.28607940673828125,0.7494528293609619,0.0024858064729136875,-0.019500997467627804,-0.2276905789977728,0.9735350697841377
1785259726.2212622,0.9348313212394714,-0.28607940673828125,0.7494528293609619,0.0024858064729136875,-0.019500997467627804,-0.2276905789977728,0.9735350697841377
1785259726.226304,0.9348313212394714,-0.28607940673828125,0.7494528293609619,0.0024858064729136875,-0.019500997467627804,-0.2276905789977728,0.9735350697841377
1785259726.2312644,0.9348313212394714,-0.28607940673828125,0.7494528293609619,0.0024858064729136875,-0.019500997467627804,-0.2276905789977728,0.9735350697841377
1785259726.241221,0.9348313212394714,-0.28607940673828125,0.7494528293609619,0.0024858064729136875,-0.019500997467627804,-0.2276905789977728,0.9735350697841377
1785259726.246331,0.9348313212394714,-0.28607940673828125,0.7494538426399231,0.002477677284540727,-0.01950714609369469,-0.227690620772665,0.9735349575535084
1785259726.251264,0.9348313212394714,-0.28607940673828125,0.7494538426399231,0.002477677284540727,-0.01950714609369469,-0.227690620772665,0.9735349575535084
1785259726.261207,0.9348313212394714,-0.28607940673828125,0.7494538426399231,0.002477677284540727,-0.01950714609369469,-0.227690620772665,0.9735349575535084
1785259726.2662578,0.9348313212394714,-0.28607940673828125,0.7494538426399231,0.002477677284540727,-0.01950714609369469,-0.227690620772665,0.9735349575535084
1785259726.2712708,0.9348313212394714,-0.28607940673828125,0.7494538426399231,0.002477677284540727,-0.01950714609369469,-0.227690620772665,0.9735349575535084
1785259726.2762673,0.9348313212394714,-0.28607940673828125,0.7494538426399231,0.002477677284540727,-0.01950714609369469,-0.227690620772665,0.9735349575535084
1785259726.2812927,0.9348313212394714,-0.28607940673828125,0.7494538426399231,0.002477677284540727,-0.01950714609369469,-0.227690620772665,0.9735349575535084
1785259726.291268,0.9348313212394714,-0.28607940673828125,0.7494538426399231,0.002477677284540727,-0.01950714609369469,-0.227690620772665,0.9735349575535084
1785259726.2962692,0.9348313212394714,-0.28607940673828125,0.7494538426399231,0.002477677284540727,-0.01950714609369469,-0.227690620772665,0.9735349575535084
1785259726.3012612,0.9348313212394714,-0.28607940673828125,0.7494538426399231,0.002477677284540727,-0.01950714609369469,-0.227690620772665,0.9735349575535084
1785259726.3062718,0.9348313212394714,-0.28607940673828125,0.7494538426399231,0.002477677284540727,-0.01950714609369469,-0.227690620772665,0.9735349575535084
1785259726.3112793,0.9348313212394714,-0.28607940673828125,0.7494538426399231,0.002477677284540727,-0.01950714609369469,-0.227690620772665,0.9735349575535084
1785259726.3162866,0.9348313212394714,-0.28607940673828125,0.7494538426399231,0.002477677284540727,-0.01950714609369469,-0.227690620772665,0.9735349575535084
1785259726.6062863,0.9348313212394714,-0.28607940673828125,0.7494538426399231,0.0024774093396074063,-0.019508468105839213,-0.22769060531488539,0.9735349353600355
1785259726.6163008,0.9348313212394714,-0.28607940673828125,0.7494538426399231,0.0024774093396074063,-0.019508468105839213,-0.22769060531488539,0.9735349353600355
1785259726.6212466,0.9348313212394714,-0.28607940673828125,0.7494538426399231,0.0024774093396074063,-0.019508468105839213,-0.22769060531488539,0.9735349353600355
1785259726.6262848,0.9348313212394714,-0.28607940673828125,0.7494538426399231,0.0024774093396074063,-0.019508468105839213,-0.22769060531488539,0.9735349353600355
1785259726.6312633,0.9348313212394714,-0.28607940673828125,0.7494538426399231,0.0024774093396074063,-0.019508468105839213,-0.22769060531488539,0.9735349353600355
1785259726.711308,0.9348313212394714,-0.28607940673828125,0.7494612336158752,0.0024620505590784523,-0.019518877695522727,-0.2276907026107826,0.9735347429163277
1785259726.9163105,0.9348313212394714,-0.28607940673828125,0.7494538426399231,0.002477271002185224,-0.019509244755976284,-0.2276905959184412,0.9735349223462598
1785259726.92628,0.9348313212394714,-0.28607940673828125,0.7494538426399231,0.002477271002185224,-0.019509244755976284,-0.2276905959184412,0.9735349223462598
1785259726.9362586,0.9348313212394714,-0.28607940673828125,0.7494538426399231,0.002477271002185224,-0.019509244755976284,-0.2276905959184412,0.9735349223462598
1785259726.9412596,0.9348313212394714,-0.28607940673828125,0.7494538426399231,0.002477271002185224,-0.019509244755976284,-0.2276905959184412,0.9735349223462598
1785259726.9512687,0.9348313212394714,-0.28607940673828125,0.7494612336158752,0.002461939703420523,-0.019519528807718844,-0.2276906946542005,0.9735347320028748
1785259726.9563022,0.9348313212394714,-0.28607940673828125,0.7494612336158752,0.002461939703420523,-0.019519528807718844,-0.2276906946542005,0.9735347320028748
1785259726.9612389,0.9348313212394714,-0.28607940673828125,0.7494612336158752,0.002461939703420523,-0.019519528807718844,-0.2276906946542005,0.9735347320028748
1785259726.9712734,0.9348313212394714,-0.28607940673828125,0.7494612336158752,0.002461939703420523,-0.019519528807718844,-0.2276906946542005,0.9735347320028748
1785259726.9862823,0.9348313212394714,-0.28607940673828125,0.7494612336158752,0.002461939703420523,-0.019519528807718844,-0.2276906946542005,0.9735347320028748
1785259727.0062606,0.9348313212394714,-0.28607940673828125,0.7494612336158752,0.002461939703420523,-0.019519528807718844,-0.2276906946542005,0.9735347320028748
1785259727.0112877,0.9348313212394714,-0.28607940673828125,0.7494612336158752,0.002461939703420523,-0.019519528807718844,-0.2276906946542005,0.9735347320028748
1785259727.016269,0.9348313212394714,-0.28607940673828125,0.7494612336158752,0.002461939703420523,-0.019519528807718844,-0.2276906946542005,0.9735347320028748
1785259727.021233,0.9348313212394714,-0.28607940673828125,0.7494612336158752,0.002461939703420523,-0.019519528807718844,-0.2276906946542005,0.9735347320028748
1785259727.0262897,0.9348313212394714,-0.28607940673828125,0.7494612336158752,0.002461939703420523,-0.019519528807718844,-0.2276906946542005,0.9735347320028748
1785259727.0312839,0.9348313212394714,-0.28607940673828125,0.7494612336158752,0.002461939703420523,-0.019519528807718844,-0.2276906946542005,0.9735347320028748
1785259727.0362895,0.9348313212394714,-0.28607940673828125,0.7494612336158752,0.002461939703420523,-0.019519528807718844,-0.2276906946542005,0.9735347320028748
1785259727.0562763,0.9348313212394714,-0.28607940673828125,0.7494528293609619,0.0024889568945971434,-0.01948842683060792,-0.2276907160676586,0.9735352813996224
1785259727.0662801,0.9348313212394714,-0.28607940673828125,0.7494528293609619,0.0024889568945971434,-0.01948842683060792,-0.2276907160676586,0.9735352813996224
1785259727.0812197,0.9348313212394714,-0.28607940673828125,0.7494528293609619,0.0024889568945971434,-0.01948842683060792,-0.2276907160676586,0.9735352813996224
1785259727.086297,0.9348313212394714,-0.28607940673828125,0.7494528293609619,0.0024889568945971434,-0.01948842683060792,-0.2276907160676586,0.9735352813996224
1785259727.0962813,0.9348313212394714,-0.28607940673828125,0.7494528293609619,0.0024889568945971434,-0.01948842683060792,-0.2276907160676586,0.9735352813996224
1785259727.1062975,0.9348313212394714,-0.28607940673828125,0.7494528293609619,0.0024889568945971434,-0.01948842683060792,-0.2276907160676586,0.9735352813996224
1785259727.1112757,0.9348313212394714,-0.28607940673828125,0.7494528293609619,0.0024889568945971434,-0.01948842683060792,-0.2276907160676586,0.9735352813996224
1785259727.1162987,0.9348313212394714,-0.28607940673828125,0.7494528293609619,0.0024889568945971434,-0.01948842683060792,-0.2276907160676586,0.9735352813996224
1785259727.121237,0.9348313212394714,-0.28607940673828125,0.7494528293609619,0.0024889568945971434,-0.01948842683060792,-0.2276907160676586,0.9735352813996224
1785259727.131328,0.9348313212394714,-0.28607940673828125,0.7494528293609619,0.0024889568945971434,-0.01948842683060792,-0.2276907160676586,0.9735352813996224
1785259727.1362834,0.9348313212394714,-0.28607940673828125,0.7494528293609619,0.0024889568945971434,-0.01948842683060792,-0.2276907160676586,0.9735352813996224
1785259727.2012339,0.9348313212394714,-0.28607940673828125,0.7494538426399231,0.0024801974866630466,-0.019496923927749727,-0.2276907328760548,0.9735351296898064
1785259727.2162738,0.9348313212394714,-0.28607940673828125,0.7494538426399231,0.0024801974866630466,-0.019496923927749727,-0.2276907328760548,0.9735351296898064
1785259727.2212641,0.9348313212394714,-0.28607940673828125,0.7494538426399231,0.0024801974866630466,-0.019496923927749727,-0.2276907328760548,0.9735351296898064
1785259727.2262893,0.9348313212394714,-0.28607940673828125,0.7494538426399231,0.0024801974866630466,-0.019496923927749727,-0.2276907328760548,0.9735351296898064
1785259727.2313025,0.9348313212394714,-0.28607940673828125,0.7494538426399231,0.0024801974866630466,-0.019496923927749727,-0.2276907328760548,0.9735351296898064
1785259727.2363117,0.9348313212394714,-0.28607940673828125,0.7494538426399231,0.0024801974866630466,-0.019496923927749727,-0.2276907328760548,0.9735351296898064
1785259727.2463639,0.9348313212394714,-0.28607940673828125,0.7494612336158752,0.002464288728865385,-0.019509339285633257,-0.22769080900334296,0.973534903563864
1785259727.2563002,0.9348313212394714,-0.28607940673828125,0.7494612336158752,0.002464288728865385,-0.019509339285633257,-0.22769080900334296,0.973534903563864
1785259727.261216,0.9348313212394714,-0.28607940673828125,0.7494612336158752,0.002464288728865385,-0.019509339285633257,-0.22769080900334296,0.973534903563864
1785259727.2662702,0.9348313212394714,-0.28607940673828125,0.7494612336158752,0.002464288728865385,-0.019509339285633257,-0.22769080900334296,0.973534903563864
1785259727.2712908,0.9348313212394714,-0.28607940673828125,0.7494612336158752,0.002464288728865385,-0.019509339285633257,-0.22769080900334296,0.973534903563864
1785259727.2762983,0.9348313212394714,-0.28607940673828125,0.7494612336158752,0.002464288728865385,-0.019509339285633257,-0.22769080900334296,0.973534903563864
1785259727.3012369,0.9348313212394714,-0.28607940673828125,0.7494612336158752,0.002464288728865385,-0.019509339285633257,-0.22769080900334296,0.973534903563864
1785259727.3062675,0.9348313212394714,-0.28607940673828125,0.7494612336158752,0.002464288728865385,-0.019509339285633257,-0.22769080900334296,0.973534903563864
1785259727.3112764,0.9348313212394714,-0.28607940673828125,0.7494612336158752,0.002464288728865385,-0.019509339285633257,-0.22769080900334296,0.973534903563864
1785259727.3162694,0.9348313212394714,-0.28607940673828125,0.7494612336158752,0.002464288728865385,-0.019509339285633257,-0.22769080900334296,0.973534903563864
1785259727.3212256,0.9348313212394714,-0.28607940673828125,0.7494612336158752,0.002464288728865385,-0.019509339285633257,-0.22769080900334296,0.973534903563864
1785259727.3312693,0.9348313212394714,-0.28607940673828125,0.7494612336158752,0.002464288728865385,-0.019509339285633257,-0.22769080900334296,0.973534903563864
1785259727.3362606,0.9348313212394714,-0.28607940673828125,0.7494612336158752,0.002464288728865385,-0.019509339285633257,-0.22769080900334296,0.973534903563864
1785259727.3463342,0.9348313212394714,-0.28607940673828125,0.7494528293609619,0.0024870953596608236,-0.019495576591290205,-0.22769063926118815,0.9735351609689692
1785259727.3512847,0.9348313212394714,-0.28607940673828125,0.7494528293609619,0.0024870953596608236,-0.019495576591290205,-0.22769063926118815,0.9735351609689692
1785259727.3612218,0.9348313212394714,-0.28607940673828125,0.7494528293609619,0.0024870953596608236,-0.019495576591290205,-0.22769063926118815,0.9735351609689692
1785259727.3662987,0.9348313212394714,-0.28607940673828125,0.7494528293609619,0.0024870953596608236,-0.019495576591290205,-0.22769063926118815,0.9735351609689692
1785259727.3713024,0.9348313212394714,-0.28607940673828125,0.7494528293609619,0.0024870953596608236,-0.019495576591290205,-0.22769063926118815,0.9735351609689692
1785259727.381244,0.9348313212394714,-0.28607940673828125,0.7494528293609619,0.0024870953596608236,-0.019495576591290205,-0.22769063926118815,0.9735351609689692
1785259727.386385,0.9348313212394714,-0.28607940673828125,0.7494528293609619,0.0024870953596608236,-0.019495576591290205,-0.22769063926118815,0.9735351609689692
1785259727.3913028,0.9348313212394714,-0.28607940673828125,0.7494528293609619,0.0024870953596608236,-0.019495576591290205,-0.22769063926118815,0.9735351609689692
1785259727.3962889,0.9348313212394714,-0.28607940673828125,0.7494528293609619,0.0024870953596608236,-0.019495576591290205,-0.22769063926118815,0.9735351609689692
1785259727.4012504,0.9348313212394714,-0.28607940673828125,0.7494528293609619,0.0024870953596608236,-0.019495576591290205,-0.22769063926118815,0.9735351609689692
1785259727.411284,0.9348313212394714,-0.28607940673828125,0.7494528293609619,0.0024870953596608236,-0.019495576591290205,-0.22769063926118815,0.9735351609689692
1785259727.4163113,0.9348313212394714,-0.28607940673828125,0.7494528293609619,0.0024870953596608236,-0.019495576591290205,-0.22769063926118815,0.9735351609689692
1785259727.4212396,0.9348313212394714,-0.28607940673828125,0.7494528293609619,0.0024870953596608236,-0.019495576591290205,-0.22769063926118815,0.9735351609689692
1785259727.426283,0.9348313212394714,-0.28607940673828125,0.7494528293609619,0.0024870953596608236,-0.019495576591290205,-0.22769063926118815,0.9735351609689692
1785259727.4312906,0.9348313212394714,-0.28607940673828125,0.7494528293609619,0.0024870953596608236,-0.019495576591290205,-0.22769063926118815,0.9735351609689692
1785259727.4363136,0.9348313212394714,-0.28607940673828125,0.7494528293609619,0.0024870953596608236,-0.019495576591290205,-0.22769063926118815,0.9735351609689692
1785259727.4463656,0.9348313212394714,-0.28607940673828125,0.7494538426399231,0.002478712353724542,-0.01950263360050295,-0.22769067154180714,0.9735350334531127
1785259727.4662998,0.9348313212394714,-0.28607940673828125,0.7494538426399231,0.002478712353724542,-0.01950263360050295,-0.22769067154180714,0.9735350334531127
1785259727.486306,0.9348313212394714,-0.28607940673828125,0.7494538426399231,0.002478712353724542,-0.01950263360050295,-0.22769067154180714,0.9735350334531127
1785259727.491289,0.9348313212394714,-0.28607940673828125,0.7494538426399231,0.002478712353724542,-0.01950263360050295,-0.22769067154180714,0.9735350334531127
1785259727.5012386,0.9348313212394714,-0.28607940673828125,0.7494538426399231,0.002478712353724542,-0.01950263360050295,-0.22769067154180714,0.9735350334531127
1785259727.5062854,0.9348313212394714,-0.28607940673828125,0.7494538426399231,0.002478712353724542,-0.01950263360050295,-0.22769067154180714,0.9735350334531127
1785259727.511296,0.9348313212394714,-0.28607940673828125,0.7494538426399231,0.002478712353724542,-0.01950263360050295,-0.22769067154180714,0.9735350334531127
1785259727.5212483,0.9348313212394714,-0.28607940673828125,0.7494538426399231,0.002478712353724542,-0.01950263360050295,-0.22769067154180714,0.9735350334531127
1785259727.5362847,0.9348313212394714,-0.28607940673828125,0.7494538426399231,0.002478712353724542,-0.01950263360050295,-0.22769067154180714,0.9735350334531127
1785259727.5412517,0.9348313212394714,-0.28607940673828125,0.7494538426399231,0.002478712353724542,-0.01950263360050295,-0.22769067154180714,0.9735350334531127
1785259727.5562792,0.9348313212394714,-0.28607940673828125,0.7494612336158752,0.0024630996254523313,-0.019514003181723,-0.2276907585501612,0.9735348248988892
1785259727.5612342,0.9348313212394714,-0.28607940673828125,0.7494612336158752,0.0024630996254523313,-0.019514003181723,-0.2276907585501612,0.9735348248988892
1785259727.5712981,0.9348313212394714,-0.28607940673828125,0.7494612336158752,0.0024630996254523313,-0.019514003181723,-0.2276907585501612,0.9735348248988892
1785259727.5762868,0.9348313212394714,-0.28607940673828125,0.7494612336158752,0.0024630996254523313,-0.019514003181723,-0.2276907585501612,0.9735348248988892
1785259727.586289,0.9348313212394714,-0.28607940673828125,0.7494612336158752,0.0024630996254523313,-0.019514003181723,-0.2276907585501612,0.9735348248988892
1785259727.5912833,0.9348313212394714,-0.28607940673828125,0.7494612336158752,0.0024630996254523313,-0.019514003181723,-0.2276907585501612,0.9735348248988892
1785259727.6012418,0.9348313212394714,-0.28607940673828125,0.7494612336158752,0.0024630996254523313,-0.019514003181723,-0.2276907585501612,0.9735348248988892
1785259727.6063259,0.9348313212394714,-0.28607940673828125,0.7494612336158752,0.0024630996254523313,-0.019514003181723,-0.2276907585501612,0.9735348248988892
1785259727.6113482,0.9348313212394714,-0.28607940673828125,0.7494612336158752,0.0024630996254523313,-0.019514003181723,-0.2276907585501612,0.9735348248988892
1785259727.6163242,0.9348313212394714,-0.28607940673828125,0.7494612336158752,0.0024630996254523313,-0.019514003181723,-0.2276907585501612,0.9735348248988892
1785259727.6212573,0.9348313212394714,-0.28607940673828125,0.7494612336158752,0.0024630996254523313,-0.019514003181723,-0.2276907585501612,0.9735348248988892
1785259727.626286,0.9348313212394714,-0.28607940673828125,0.7494612336158752,0.0024630996254523313,-0.019514003181723,-0.2276907585501612,0.9735348248988892
1785259727.6412368,0.9348313212394714,-0.28607940673828125,0.7494612336158752,0.0024630996254523313,-0.019514003181723,-0.2276907585501612,0.9735348248988892
1785259727.711269,0.9348313212394714,-0.28607940673828125,0.7494528293609619,0.0024861425280798743,-0.01949942745435334,-0.22769059706700803,0.9735350961478234
1785259727.7212217,0.9348313212394714,-0.28607940673828125,0.7494528293609619,0.0024861425280798743,-0.01949942745435334,-0.22769059706700803,0.9735350961478234
1785259727.7262886,0.9348313212394714,-0.28607940673828125,0.7494528293609619,0.0024861425280798743,-0.01949942745435334,-0.22769059706700803,0.9735350961478234
1785259727.7312655,0.9348313212394714,-0.28607940673828125,0.7494528293609619,0.0024861425280798743,-0.01949942745435334,-0.22769059706700803,0.9735350961478234
1785259727.7362833,0.9348313212394714,-0.28607940673828125,0.7494528293609619,0.0024861425280798743,-0.01949942745435334,-0.22769059706700803,0.9735350961478234
1785259727.7412221,0.9348313212394714,-0.28607940673828125,0.7494528293609619,0.0024861425280798743,-0.01949942745435334,-0.22769059706700803,0.9735350961478234
1785259727.7463388,0.9348313212394714,-0.28607940673828125,0.7494538426399231,0.0024779467621138017,-0.01950583591521144,-0.22769063602662792,0.9735349795517789
1785259727.7862809,0.9348313212394714,-0.28607940673828125,0.7494538426399231,0.0024779467621138017,-0.01950583591521144,-0.22769063602662792,0.9735349795517789
1785259727.7912636,0.9348313212394714,-0.28607940673828125,0.7494538426399231,0.0024779467621138017,-0.01950583591521144,-0.22769063602662792,0.9735349795517789
1785259727.801221,0.9348313212394714,-0.28607940673828125,0.7494538426399231,0.0024779467621138017,-0.01950583591521144,-0.22769063602662792,0.9735349795517789
1785259727.8112946,0.9348313212394714,-0.28607940673828125,0.7494538426399231,0.0024779467621138017,-0.01950583591521144,-0.22769063602662792,0.9735349795517789
1785259727.8162756,0.9348313212394714,-0.28607940673828125,0.7494538426399231,0.0024779467621138017,-0.01950583591521144,-0.22769063602662792,0.9735349795517789
1785259727.821237,0.9348313212394714,-0.28607940673828125,0.7494538426399231,0.0024779467621138017,-0.01950583591521144,-0.22769063602662792,0.9735349795517789
1785259727.8262703,0.9348313212394714,-0.28607940673828125,0.7494538426399231,0.0024779467621138017,-0.01950583591521144,-0.22769063602662792,0.9735349795517789
1785259727.831265,0.9348313212394714,-0.28607940673828125,0.7494538426399231,0.0024779467621138017,-0.01950583591521144,-0.22769063602662792,0.9735349795517789
1785259727.836261,0.9348313212394714,-0.28607940673828125,0.7494538426399231,0.0024779467621138017,-0.01950583591521144,-0.22769063602662792,0.9735349795517789
1785259727.841217,0.9348313212394714,-0.28607940673828125,0.7494538426399231,0.0024779467621138017,-0.01950583591521144,-0.22769063602662792,0.9735349795517789
1785259727.8512673,0.9348313212394714,-0.28607940673828125,0.7494612336158752,0.0024624837325317676,-0.019516674395534027,-0.2276907285743413,0.9735347799209288
1785259727.856277,0.9348313212394714,-0.28607940673828125,0.7494612336158752,0.0024624837325317676,-0.019516674395534027,-0.2276907285743413,0.9735347799209288
1785259727.8762984,0.9348313212394714,-0.28607940673828125,0.7494612336158752,0.0024624837325317676,-0.019516674395534027,-0.2276907285743413,0.9735347799209288
1785259727.881233,0.9348313212394714,-0.28607940673828125,0.7494612336158752,0.0024624837325317676,-0.019516674395534027,-0.2276907285743413,0.9735347799209288
1785259727.886298,0.9348313212394714,-0.28607940673828125,0.7494612336158752,0.0024624837325317676,-0.019516674395534027,-0.2276907285743413,0.9735347799209288
1785259727.8912668,0.9348313212394714,-0.28607940673828125,0.7494612336158752,0.0024624837325317676,-0.019516674395534027,-0.2276907285743413,0.9735347799209288
1785259727.896272,0.9348313212394714,-0.28607940673828125,0.7494612336158752,0.0024624837325317676,-0.019516674395534027,-0.2276907285743413,0.9735347799209288
1785259727.9112995,0.9348313212394714,-0.28607940673828125,0.7494612336158752,0.0024624837325317676,-0.019516674395534027,-0.2276907285743413,0.9735347799209288
1785259727.916286,0.9348313212394714,-0.28607940673828125,0.7494612336158752,0.0024624837325317676,-0.019516674395534027,-0.2276907285743413,0.9735347799209288
1785259727.921225,0.9348313212394714,-0.28607940673828125,0.7494612336158752,0.0024624837325317676,-0.019516674395534027,-0.2276907285743413,0.9735347799209288
1785259727.9262764,0.9348313212394714,-0.28607940673828125,0.7494612336158752,0.0024624837325317676,-0.019516674395534027,-0.2276907285743413,0.9735347799209288
1785259727.9362738,0.9348313212394714,-0.28607940673828125,0.7494612336158752,0.0024624837325317676,-0.019516674395534027,-0.2276907285743413,0.9735347799209288
1785259727.9412453,0.9348313212394714,-0.28607940673828125,0.7494612336158752,0.0024624837325317676,-0.019516674395534027,-0.2276907285743413,0.9735347799209288
1785259727.95127,0.9348313212394714,-0.28607940673828125,0.7494528293609619,0.002485648757712052,-0.01950165674589755,-0.22769057168406429,0.9735350586910584
1785259727.9562798,0.9348313212394714,-0.28607940673828125,0.7494528293609619,0.002485648757712052,-0.01950165674589755,-0.22769057168406429,0.9735350586910584
1785259727.9612257,0.9348313212394714,-0.28607940673828125,0.7494528293609619,0.002485648757712052,-0.01950165674589755,-0.22769057168406429,0.9735350586910584
1785259727.9712667,0.9348313212394714,-0.28607940673828125,0.7494528293609619,0.002485648757712052,-0.01950165674589755,-0.22769057168406429,0.9735350586910584
1785259727.9812312,0.9348313212394714,-0.28607940673828125,0.7494528293609619,0.002485648757712052,-0.01950165674589755,-0.22769057168406429,0.9735350586910584
1785259728.0112684,0.9348313212394714,-0.28607940673828125,0.7494528293609619,0.002485648757712052,-0.01950165674589755,-0.22769057168406429,0.9735350586910584
1785259728.0212312,0.9348313212394714,-0.28607940673828125,0.7494528293609619,0.002485648757712052,-0.01950165674589755,-0.22769057168406429,0.9735350586910584
1785259728.0262694,0.9348313212394714,-0.28607940673828125,0.7494528293609619,0.002485648757712052,-0.01950165674589755,-0.22769057168406429,0.9735350586910584
1785259728.0312724,0.9348313212394714,-0.28607940673828125,0.7494528293609619,0.002485648757712052,-0.01950165674589755,-0.22769057168406429,0.9735350586910584
1785259728.0362616,0.9348313212394714,-0.28607940673828125,0.7494528293609619,0.002485648757712052,-0.01950165674589755,-0.22769057168406429,0.9735350586910584
1785259728.04121,0.9348313212394714,-0.28607940673828125,0.7494528293609619,0.002485648757712052,-0.01950165674589755,-0.22769057168406429,0.9735350586910584
1785259728.0512724,0.9348313212394714,-0.28607940673828125,0.7494528293609619,0.002485648757712052,-0.01950165674589755,-0.22769057168406429,0.9735350586910584
1785259728.086282,0.9348313212394714,-0.28607940673828125,0.7494538426399231,0.002477549605465936,-0.01950769955687432,-0.22769061455741557,0.9735349482419302
1785259728.2862983,0.9348313212394714,-0.28607940673828125,0.7494528293609619,0.002485391887153727,-0.019502964135373224,-0.22769055625726195,0.9735350367646561
1785259728.2912652,0.9348313212394714,-0.28607940673828125,0.7494528293609619,0.002485391887153727,-0.019502964135373224,-0.22769055625726195,0.9735350367646561
1785259728.3062768,0.9348313212394714,-0.28607940673828125,0.7494528293609619,0.002485391887153727,-0.019502964135373224,-0.22769055625726195,0.9735350367646561
1785259728.311279,0.9348313212394714,-0.28607940673828125,0.7494528293609619,0.002485391887153727,-0.019502964135373224,-0.22769055625726195,0.9735350367646561
1785259728.3162918,0.9348313212394714,-0.28607940673828125,0.7494528293609619,0.002485391887153727,-0.019502964135373224,-0.22769055625726195,0.9735350367646561
1785259728.326276,0.9348313212394714,-0.28607940673828125,0.7494528293609619,0.002485391887153727,-0.019502964135373224,-0.22769055625726195,0.9735350367646561
1785259728.331272,0.9348313212394714,-0.28607940673828125,0.7494528293609619,0.002485391887153727,-0.019502964135373224,-0.22769055625726195,0.9735350367646561
1785259728.3362718,0.9348313212394714,-0.28607940673828125,0.7494528293609619,0.002485391887153727,-0.019502964135373224,-0.22769055625726195,0.9735350367646561
1785259728.341218,0.9348313212394714,-0.28607940673828125,0.7494528293609619,0.002485391887153727,-0.019502964135373224,-0.22769055625726195,0.9735350367646561
1785259728.3462667,0.9348313212394714,-0.28607940673828125,0.7494528293609619,0.002485391887153727,-0.019502964135373224,-0.22769055625726195,0.9735350367646561
1785259728.351269,0.9348313212394714,-0.28607940673828125,0.7494528293609619,0.002485391887153727,-0.019502964135373224,-0.22769055625726195,0.9735350367646561
1785259728.3563411,0.9348313212394714,-0.28607940673828125,0.7494538426399231,0.0024773437691756744,-0.019508795114917366,-0.22769060147952233,0.9735349298709867
1785259728.36123,0.9348313212394714,-0.28607940673828125,0.7494538426399231,0.0024773437691756744,-0.019508795114917366,-0.22769060147952233,0.9735349298709867
1785259728.3662798,0.9348313212394714,-0.28607940673828125,0.7494538426399231,0.0024773437691756744,-0.019508795114917366,-0.22769060147952233,0.9735349298709867
1785259728.3712978,0.9348313212394714,-0.28607940673828125,0.7494538426399231,0.0024773437691756744,-0.019508795114917366,-0.22769060147952233,0.9735349298709867
1785259728.3762882,0.9348313212394714,-0.28607940673828125,0.7494538426399231,0.0024773437691756744,-0.019508795114917366,-0.22769060147952233,0.9735349298709867
1785259728.3812556,0.9348313212394714,-0.28607940673828125,0.7494538426399231,0.0024773437691756744,-0.019508795114917366,-0.22769060147952233,0.9735349298709867
1785259728.391305,0.9348313212394714,-0.28607940673828125,0.7494538426399231,0.0024773437691756744,-0.019508795114917366,-0.22769060147952233,0.9735349298709867
1785259728.3962777,0.9348313212394714,-0.28607940673828125,0.7494538426399231,0.0024773437691756744,-0.019508795114917366,-0.22769060147952233,0.9735349298709867
1785259728.4012477,0.9348313212394714,-0.28607940673828125,0.7494538426399231,0.0024773437691756744,-0.019508795114917366,-0.22769060147952233,0.9735349298709867
1785259728.4062865,0.9348313212394714,-0.28607940673828125,0.7494538426399231,0.0024773437691756744,-0.019508795114917366,-0.22769060147952233,0.9735349298709867
1785259728.4112914,0.9348313212394714,-0.28607940673828125,0.7494538426399231,0.0024773437691756744,-0.019508795114917366,-0.22769060147952233,0.9735349298709867
1785259728.4163167,0.9348313212394714,-0.28607940673828125,0.7494538426399231,0.0024773437691756744,-0.019508795114917366,-0.22769060147952233,0.9735349298709867
1785259728.4262717,0.9348313212394714,-0.28607940673828125,0.7494538426399231,0.0024773437691756744,-0.019508795114917366,-0.22769060147952233,0.9735349298709867
1785259728.4362717,0.9348313212394714,-0.28607940673828125,0.7494538426399231,0.0024773437691756744,-0.019508795114917366,-0.22769060147952233,0.9735349298709867
1785259728.4412155,0.9348313212394714,-0.28607940673828125,0.7494538426399231,0.0024773437691756744,-0.019508795114917366,-0.22769060147952233,0.9735349298709867
1785259728.4462907,0.9348313212394714,-0.28607940673828125,0.7494538426399231,0.0024773437691756744,-0.019508795114917366,-0.22769060147952233,0.9735349298709867
1785259728.451274,0.9348313212394714,-0.28607940673828125,0.7494538426399231,0.0024773437691756744,-0.019508795114917366,-0.22769060147952233,0.9735349298709867
1785259728.476278,0.9348313212394714,-0.28607940673828125,0.7494612336158752,0.0024619982077624886,-0.019519152332577772,-0.2276906993472073,0.9735347383056356
1785259728.4912977,0.9348313212394714,-0.28607940673828125,0.7494612336158752,0.0024619982077624886,-0.019519152332577772,-0.2276906993472073,0.9735347383056356
1785259728.496274,0.9348313212394714,-0.28607940673828125,0.7494612336158752,0.0024619982077624886,-0.019519152332577772,-0.2276906993472073,0.9735347383056356
1785259728.5162733,0.9348313212394714,-0.28607940673828125,0.7494612336158752,0.0024619982077624886,-0.019519152332577772,-0.2276906993472073,0.9735347383056356
1785259728.5212197,0.9348313212394714,-0.28607940673828125,0.7494612336158752,0.0024619982077624886,-0.019519152332577772,-0.2276906993472073,0.9735347383056356
1785259728.5262833,0.9348313212394714,-0.28607940673828125,0.7494612336158752,0.0024619982077624886,-0.019519152332577772,-0.2276906993472073,0.9735347383056356
1785259728.5362656,0.9348313212394714,-0.28607940673828125,0.7494612336158752,0.0024619982077624886,-0.019519152332577772,-0.2276906993472073,0.9735347383056356
1785259728.5412157,0.9348313212394714,-0.28607940673828125,0.7494612336158752,0.0024619982077624886,-0.019519152332577772,-0.2276906993472073,0.9735347383056356
1785259728.5512776,0.9348313212394714,-0.28607940673828125,0.7494612336158752,0.0024619982077624886,-0.019519152332577772,-0.2276906993472073,0.9735347383056356
1785259728.5712802,0.9348313212394714,-0.28607940673828125,0.7494528293609619,0.002489003683810053,-0.01948811264171521,-0.2276907200203741,0.9735352866449831
1785259728.5762753,0.9348313212394714,-0.28607940673828125,0.7494528293609619,0.002489003683810053,-0.01948811264171521,-0.2276907200203741,0.9735352866449831
1785259728.5962863,0.9348313212394714,-0.28607940673828125,0.7494528293609619,0.002489003683810053,-0.01948811264171521,-0.2276907200203741,0.9735352866449831
1785259728.60123,0.9348313212394714,-0.28607940673828125,0.7494528293609619,0.002489003683810053,-0.01948811264171521,-0.2276907200203741,0.9735352866449831
1785259728.606284,0.9348313212394714,-0.28607940673828125,0.7494528293609619,0.002489003683810053,-0.01948811264171521,-0.2276907200203741,0.9735352866449831
1785259728.611258,0.9348313212394714,-0.28607940673828125,0.7494528293609619,0.002489003683810053,-0.01948811264171521,-0.2276907200203741,0.9735352866449831
1785259728.6162744,0.9348313212394714,-0.28607940673828125,0.7494528293609619,0.002489003683810053,-0.01948811264171521,-0.2276907200203741,0.9735352866449831
1785259728.621225,0.9348313212394714,-0.28607940673828125,0.7494528293609619,0.002489003683810053,-0.01948811264171521,-0.2276907200203741,0.9735352866449831
1785259728.62627,0.9348313212394714,-0.28607940673828125,0.7494528293609619,0.002489003683810053,-0.01948811264171521,-0.2276907200203741,0.9735352866449831
1785259728.6312664,0.9348313212394714,-0.28607940673828125,0.7494528293609619,0.002489003683810053,-0.01948811264171521,-0.2276907200203741,0.9735352866449831
1785259728.6412249,0.9348313212394714,-0.28607940673828125,0.7494528293609619,0.002489003683810053,-0.01948811264171521,-0.2276907200203741,0.9735352866449831
1785259728.6462636,0.9348313212394714,-0.28607940673828125,0.7494528293609619,0.002489003683810053,-0.01948811264171521,-0.2276907200203741,0.9735352866449831
1785259728.6612232,0.9348313212394714,-0.28607940673828125,0.7494538426399231,0.0024802346547141228,-0.01949666103984244,-0.22769073621518834,0.9735351340789611
1785259728.671273,0.9348313212394714,-0.28607940673828125,0.7494538426399231,0.0024802346547141228,-0.01949666103984244,-0.22769073621518834,0.9735351340789611
1785259728.6762786,0.9348313212394714,-0.28607940673828125,0.7494538426399231,0.0024802346547141228,-0.01949666103984244,-0.22769073621518834,0.9735351340789611
1785259728.6812334,0.9348313212394714,-0.28607940673828125,0.7494538426399231,0.0024802346547141228,-0.01949666103984244,-0.22769073621518834,0.9735351340789611
1785259728.6862798,0.9348313212394714,-0.28607940673828125,0.7494538426399231,0.0024802346547141228,-0.01949666103984244,-0.22769073621518834,0.9735351340789611
1785259728.691275,0.9348313212394714,-0.28607940673828125,0.7494538426399231,0.0024802346547141228,-0.01949666103984244,-0.22769073621518834,0.9735351340789611
1785259728.6962771,0.9348313212394714,-0.28607940673828125,0.7494538426399231,0.0024802346547141228,-0.01949666103984244,-0.22769073621518834,0.9735351340789611
1785259728.7012515,0.9348313212394714,-0.28607940673828125,0.7494538426399231,0.0024802346547141228,-0.01949666103984244,-0.22769073621518834,0.9735351340789611
1785259728.7062833,0.9348313212394714,-0.28607940673828125,0.7494538426399231,0.0024802346547141228,-0.01949666103984244,-0.22769073621518834,0.9735351340789611
1785259728.7112634,0.9348313212394714,-0.28607940673828125,0.7494538426399231,0.0024802346547141228,-0.01949666103984244,-0.22769073621518834,0.9735351340789611
1785259728.7163162,0.9348313212394714,-0.28607940673828125,0.7494538426399231,0.0024802346547141228,-0.01949666103984244,-0.22769073621518834,0.9735351340789611
1785259728.721231,0.9348313212394714,-0.28607940673828125,0.7494538426399231,0.0024802346547141228,-0.01949666103984244,-0.22769073621518834,0.9735351340789611
1785259728.72627,0.9348313212394714,-0.28607940673828125,0.7494538426399231,0.0024802346547141228,-0.01949666103984244,-0.22769073621518834,0.9735351340789611
1785259728.7312899,0.9348313212394714,-0.28607940673828125,0.7494538426399231,0.0024802346547141228,-0.01949666103984244,-0.22769073621518834,0.9735351340789611
1785259728.7362726,0.9348313212394714,-0.28607940673828125,0.7494538426399231,0.0024802346547141228,-0.01949666103984244,-0.22769073621518834,0.9735351340789611
1785259728.7412186,0.9348313212394714,-0.28607940673828125,0.7494538426399231,0.0024802346547141228,-0.01949666103984244,-0.22769073621518834,0.9735351340789611
1785259728.7462602,0.9348313212394714,-0.28607940673828125,0.7494538426399231,0.0024802346547141228,-0.01949666103984244,-0.22769073621518834,0.9735351340789611
1785259728.7512827,0.9348313212394714,-0.28607940673828125,0.7494538426399231,0.0024802346547141228,-0.01949666103984244,-0.22769073621518834,0.9735351340789611
1785259728.7564688,0.9348313212394714,-0.28607940673828125,0.7494612336158752,0.002464318427343181,-0.019509120551760333,-0.22769081180023942,0.9735349072178837
1785259728.7712626,0.9348313212394714,-0.28607940673828125,0.7494612336158752,0.002464318427343181,-0.019509120551760333,-0.22769081180023942,0.9735349072178837
1785259728.776262,0.9348313212394714,-0.28607940673828125,0.7494612336158752,0.002464318427343181,-0.019509120551760333,-0.22769081180023942,0.9735349072178837
1785259728.7912776,0.9348313212394714,-0.28607940673828125,0.7494612336158752,0.002464318427343181,-0.019509120551760333,-0.22769081180023942,0.9735349072178837
1785259728.796276,0.9348313212394714,-0.28607940673828125,0.7494612336158752,0.002464318427343181,-0.019509120551760333,-0.22769081180023942,0.9735349072178837
1785259728.8062606,0.9348313212394714,-0.28607940673828125,0.7494612336158752,0.002464318427343181,-0.019509120551760333,-0.22769081180023942,0.9735349072178837
1785259728.831265,0.9348313212394714,-0.28607940673828125,0.7494612336158752,0.002464318427343181,-0.019509120551760333,-0.22769081180023942,0.9735349072178837
1785259728.8362675,0.9348313212394714,-0.28607940673828125,0.7494612336158752,0.002464318427343181,-0.019509120551760333,-0.22769081180023942,0.9735349072178837
1785259728.8412142,0.9348313212394714,-0.28607940673828125,0.7494612336158752,0.002464318427343181,-0.019509120551760333,-0.22769081180023942,0.9735349072178837
1785259728.8462605,0.9348313212394714,-0.28607940673828125,0.7494612336158752,0.002464318427343181,-0.019509120551760333,-0.22769081180023942,0.9735349072178837
1785259728.8512764,0.9348313212394714,-0.28607940673828125,0.7494612336158752,0.002464318427343181,-0.019509120551760333,-0.22769081180023942,0.9735349072178837
1785259728.8612282,0.9348313212394714,-0.28607940673828125,0.7494528293609619,0.0024871192581361716,-0.019495392839141736,-0.22769064163052666,0.9735351640334942
1785259728.891259,0.9348313212394714,-0.28607940673828125,0.7494528293609619,0.0024871192581361716,-0.019495392839141736,-0.22769064163052666,0.9735351640334942
1785259728.8962812,0.9348313212394714,-0.28607940673828125,0.7494528293609619,0.0024871192581361716,-0.019495392839141736,-0.22769064163052666,0.9735351640334942
1785259728.9062765,0.9348313212394714,-0.28607940673828125,0.7494528293609619,0.0024871192581361716,-0.019495392839141736,-0.22769064163052666,0.9735351640334942
1785259728.9112759,0.9348313212394714,-0.28607940673828125,0.7494528293609619,0.0024871192581361716,-0.019495392839141736,-0.22769064163052666,0.9735351640334942
1785259728.9162743,0.9348313212394714,-0.28607940673828125,0.7494528293609619,0.0024871192581361716,-0.019495392839141736,-0.22769064163052666,0.9735351640334942
1785259728.9212182,0.9348313212394714,-0.28607940673828125,0.7494528293609619,0.0024871192581361716,-0.019495392839141736,-0.22769064163052666,0.9735351640334942
1785259728.9262702,0.9348313212394714,-0.28607940673828125,0.7494528293609619,0.0024871192581361716,-0.019495392839141736,-0.22769064163052666,0.9735351640334942
1785259728.9313,0.9348313212394714,-0.28607940673828125,0.7494528293609619,0.0024871192581361716,-0.019495392839141736,-0.22769064163052666,0.9735351640334942
1785259728.936265,0.9348313212394714,-0.28607940673828125,0.7494528293609619,0.0024871192581361716,-0.019495392839141736,-0.22769064163052666,0.9735351640334942
1785259728.941213,0.9348313212394714,-0.28607940673828125,0.7494528293609619,0.0024871192581361716,-0.019495392839141736,-0.22769064163052666,0.9735351640334942
1785259728.9462595,0.9348313212394714,-0.28607940673828125,0.7494528293609619,0.0024871192581361716,-0.019495392839141736,-0.22769064163052666,0.9735351640334942
1785259728.9612103,0.9348313212394714,-0.28607940673828125,0.7494538426399231,0.0024787317546018147,-0.0195024813096645,-0.22769067351161928,0.9735350359938159
1785259728.976276,0.9348313212394714,-0.28607940673828125,0.7494538426399231,0.0024787317546018147,-0.0195024813096645,-0.22769067351161928,0.9735350359938159
1785259728.9962623,0.9348313212394714,-0.28607940673828125,0.7494538426399231,0.0024787317546018147,-0.0195024813096645,-0.22769067351161928,0.9735350359938159
1785259729.0012388,0.9348313212394714,-0.28607940673828125,0.7494538426399231,0.0024787317546018147,-0.0195024813096645,-0.22769067351161928,0.9735350359938159
1785259729.0062792,0.9348313212394714,-0.28607940673828125,0.7494538426399231,0.0024787317546018147,-0.0195024813096645,-0.22769067351161928,0.9735350359938159
1785259729.011281,0.9348313212394714,-0.28607940673828125,0.7494538426399231,0.0024787317546018147,-0.0195024813096645,-0.22769067351161928,0.9735350359938159
1785259729.0162694,0.9348313212394714,-0.28607940673828125,0.7494538426399231,0.0024787317546018147,-0.0195024813096645,-0.22769067351161928,0.9735350359938159
1785259729.0212128,0.9348313212394714,-0.28607940673828125,0.7494538426399231,0.0024787317546018147,-0.0195024813096645,-0.22769067351161928,0.9735350359938159
1785259729.0262825,0.9348313212394714,-0.28607940673828125,0.7494538426399231,0.0024787317546018147,-0.0195024813096645,-0.22769067351161928,0.9735350359938159
1785259729.031281,0.9348313212394714,-0.28607940673828125,0.7494538426399231,0.0024787317546018147,-0.0195024813096645,-0.22769067351161928,0.9735350359938159
1785259729.0362666,0.9348313212394714,-0.28607940673828125,0.7494538426399231,0.0024787317546018147,-0.0195024813096645,-0.22769067351161928,0.9735350359938159
1785259729.0412233,0.9348313212394714,-0.28607940673828125,0.7494538426399231,0.0024787317546018147,-0.0195024813096645,-0.22769067351161928,0.9735350359938159
1785259729.046263,0.9348313212394714,-0.28607940673828125,0.7494538426399231,0.0024787317546018147,-0.0195024813096645,-0.22769067351161928,0.9735350359938159
1785259729.056333,0.9348313212394714,-0.28607940673828125,0.7494612336158752,0.0024631148957469876,-0.019513876700411693,-0.22769076019908147,0.9735348270098487
1785259729.0762768,0.9348313212394714,-0.28607940673828125,0.7494612336158752,0.0024631148957469876,-0.019513876700411693,-0.22769076019908147,0.9735348270098487
1785259729.1162758,0.9348313212394714,-0.28607940673828125,0.7494612336158752,0.0024631148957469876,-0.019513876700411693,-0.22769076019908147,0.9735348270098487
1785259729.1212463,0.9348313212394714,-0.28607940673828125,0.7494612336158752,0.0024631148957469876,-0.019513876700411693,-0.22769076019908147,0.9735348270098487
1785259729.126287,0.9348313212394714,-0.28607940673828125,0.7494612336158752,0.0024631148957469876,-0.019513876700411693,-0.22769076019908147,0.9735348270098487
1785259729.1312797,0.9348313212394714,-0.28607940673828125,0.7494612336158752,0.0024631148957469876,-0.019513876700411693,-0.22769076019908147,0.9735348270098487
1785259729.146271,0.9348313212394714,-0.28607940673828125,0.7494612336158752,0.0024631148957469876,-0.019513876700411693,-0.22769076019908147,0.9735348270098487
1785259729.1612167,0.9348313212394714,-0.28607940673828125,0.7494528293609619,0.0024861549127623414,-0.019499319423533553,-0.2276905984876179,0.9735350979477418
1785259729.17128,0.9348313212394714,-0.28607940673828125,0.7494528293609619,0.0024861549127623414,-0.019499319423533553,-0.2276905984876179,0.9735350979477418
1785259729.17626,0.9348313212394714,-0.28607940673828125,0.7494528293609619,0.0024861549127623414,-0.019499319423533553,-0.2276905984876179,0.9735350979477418
1785259729.1812332,0.9348313212394714,-0.28607940673828125,0.7494528293609619,0.0024861549127623414,-0.019499319423533553,-0.2276905984876179,0.9735350979477418
1785259729.186266,0.9348313212394714,-0.28607940673828125,0.7494528293609619,0.0024861549127623414,-0.019499319423533553,-0.2276905984876179,0.9735350979477418
1785259729.1912613,0.9348313212394714,-0.28607940673828125,0.7494528293609619,0.0024861549127623414,-0.019499319423533553,-0.2276905984876179,0.9735350979477418
1785259729.1962698,0.9348313212394714,-0.28607940673828125,0.7494528293609619,0.0024861549127623414,-0.019499319423533553,-0.2276905984876179,0.9735350979477418
1785259729.2062826,0.9348313212394714,-0.28607940673828125,0.7494528293609619,0.0024861549127623414,-0.019499319423533553,-0.2276905984876179,0.9735350979477418
1785259729.2212384,0.9348313212394714,-0.28607940673828125,0.7494528293609619,0.0024861549127623414,-0.019499319423533553,-0.2276905984876179,0.9735350979477418
1785259729.2262816,0.9348313212394714,-0.28607940673828125,0.7494528293609619,0.0024861549127623414,-0.019499319423533553,-0.2276905984876179,0.9735350979477418
1785259729.2312696,0.9348313212394714,-0.28607940673828125,0.7494528293609619,0.0024861549127623414,-0.019499319423533553,-0.2276905984876179,0.9735350979477418
1785259729.2362852,0.9348313212394714,-0.28607940673828125,0.7494528293609619,0.0024861549127623414,-0.019499319423533553,-0.2276905984876179,0.9735350979477418
1785259729.2412305,0.9348313212394714,-0.28607940673828125,0.7494528293609619,0.0024861549127623414,-0.019499319423533553,-0.2276905984876179,0.9735350979477418
1785259729.2462656,0.9348313212394714,-0.28607940673828125,0.7494528293609619,0.0024861549127623414,-0.019499319423533553,-0.2276905984876179,0.9735350979477418
1785259729.2563593,0.9348313212394714,-0.28607940673828125,0.7494538426399231,0.0024779571390507182,-0.019505744627693767,-0.22769063722817864,0.9735349810733882
1785259729.266263,0.9348313212394714,-0.28607940673828125,0.7494538426399231,0.0024779571390507182,-0.019505744627693767,-0.22769063722817864,0.9735349810733882
1785259729.2712784,0.9348313212394714,-0.28607940673828125,0.7494538426399231,0.0024779571390507182,-0.019505744627693767,-0.22769063722817864,0.9735349810733882
1785259729.2762656,0.9348313212394714,-0.28607940673828125,0.7494538426399231,0.0024779571390507182,-0.019505744627693767,-0.22769063722817864,0.9735349810733882
1785259729.2812233,0.9348313212394714,-0.28607940673828125,0.7494538426399231,0.0024779571390507182,-0.019505744627693767,-0.22769063722817864,0.9735349810733882
1785259729.2862802,0.9348313212394714,-0.28607940673828125,0.7494538426399231,0.0024779571390507182,-0.019505744627693767,-0.22769063722817864,0.9735349810733882
1785259729.2962754,0.9348313212394714,-0.28607940673828125,0.7494538426399231,0.0024779571390507182,-0.019505744627693767,-0.22769063722817864,0.9735349810733882
1785259729.3012261,0.9348313212394714,-0.28607940673828125,0.7494538426399231,0.0024779571390507182,-0.019505744627693767,-0.22769063722817864,0.9735349810733882
1785259729.3062856,0.9348313212394714,-0.28607940673828125,0.7494538426399231,0.0024779571390507182,-0.019505744627693767,-0.22769063722817864,0.9735349810733882
1785259729.31126,0.9348313212394714,-0.28607940673828125,0.7494538426399231,0.0024779571390507182,-0.019505744627693767,-0.22769063722817864,0.9735349810733882
1785259729.3162682,0.9348313212394714,-0.28607940673828125,0.7494538426399231,0.0024779571390507182,-0.019505744627693767,-0.22769063722817864,0.9735349810733882
1785259729.3212411,0.9348313212394714,-0.28607940673828125,0.7494538426399231,0.0024779571390507182,-0.019505744627693767,-0.22769063722817864,0.9735349810733882
1785259729.326271,0.9348313212394714,-0.28607940673828125,0.7494538426399231,0.0024779571390507182,-0.019505744627693767,-0.22769063722817864,0.9735349810733882
1785259729.3312848,0.9348313212394714,-0.28607940673828125,0.7494538426399231,0.0024779571390507182,-0.019505744627693767,-0.22769063722817864,0.9735349810733882
1785259729.3362648,0.9348313212394714,-0.28607940673828125,0.7494538426399231,0.0024779571390507182,-0.019505744627693767,-0.22769063722817864,0.9735349810733882
1785259729.3412168,0.9348313212394714,-0.28607940673828125,0.7494538426399231,0.0024779571390507182,-0.019505744627693767,-0.22769063722817864,0.9735349810733882
1785259729.346263,0.9348313212394714,-0.28607940673828125,0.7494538426399231,0.0024779571390507182,-0.019505744627693767,-0.22769063722817864,0.9735349810733882
1785259729.3512673,0.9348313212394714,-0.28607940673828125,0.7494538426399231,0.0024779571390507182,-0.019505744627693767,-0.22769063722817864,0.9735349810733882
1785259729.366282,0.9348313212394714,-0.28607940673828125,0.7494612336158752,0.0024624921017200154,-0.01951659985131898,-0.22769072955666006,0.9735347811644165
1785259729.3962636,0.9348313212394714,-0.28607940673828125,0.7494612336158752,0.0024624921017200154,-0.01951659985131898,-0.22769072955666006,0.9735347811644165
1785259729.4012213,0.9348313212394714,-0.28607940673828125,0.7494612336158752,0.0024624921017200154,-0.01951659985131898,-0.22769072955666006,0.9735347811644165
1785259729.4062662,0.9348313212394714,-0.28607940673828125,0.7494612336158752,0.0024624921017200154,-0.01951659985131898,-0.22769072955666006,0.9735347811644165
1785259729.4112766,0.9348313212394714,-0.28607940673828125,0.7494612336158752,0.0024624921017200154,-0.01951659985131898,-0.22769072955666006,0.9735347811644165
1785259729.4162583,0.9348313212394714,-0.28607940673828125,0.7494612336158752,0.0024624921017200154,-0.01951659985131898,-0.22769072955666006,0.9735347811644165
1785259729.4212186,0.9348313212394714,-0.28607940673828125,0.7494612336158752,0.0024624921017200154,-0.01951659985131898,-0.22769072955666006,0.9735347811644165
1785259729.4312644,0.9348313212394714,-0.28607940673828125,0.7494612336158752,0.0024624921017200154,-0.01951659985131898,-0.22769072955666006,0.9735347811644165
1785259729.436267,0.9348313212394714,-0.28607940673828125,0.7494612336158752,0.0024624921017200154,-0.01951659985131898,-0.22769072955666006,0.9735347811644165
1785259729.4412189,0.9348313212394714,-0.28607940673828125,0.7494612336158752,0.0024624921017200154,-0.01951659985131898,-0.22769072955666006,0.9735347811644165
1785259729.4612164,0.9348313212394714,-0.28607940673828125,0.7494612336158752,0.0024624921017200154,-0.01951659985131898,-0.22769072955666006,0.9735347811644165
1785259729.5112646,0.9348313212394714,-0.28607940673828125,0.7494528293609619,0.002485655514971854,-0.019501595212451546,-0.22769057249818567,0.9735350597160224
1785259729.5262709,0.9348313212394714,-0.28607940673828125,0.7494528293609619,0.002485655514971854,-0.019501595212451546,-0.22769057249818567,0.9735350597160224
1785259729.5312634,0.9348313212394714,-0.28607940673828125,0.7494528293609619,0.002485655514971854,-0.019501595212451546,-0.22769057249818567,0.9735350597160224
1785259729.536264,0.9348313212394714,-0.28607940673828125,0.7494528293609619,0.002485655514971854,-0.019501595212451546,-0.22769057249818567,0.9735350597160224
1785259729.5412126,0.9348313212394714,-0.28607940673828125,0.7494528293609619,0.002485655514971854,-0.019501595212451546,-0.22769057249818567,0.9735350597160224
1785259729.546261,0.9348313212394714,-0.28607940673828125,0.7494528293609619,0.002485655514971854,-0.019501595212451546,-0.22769057249818567,0.9735350597160224
1785259729.5512652,0.9348313212394714,-0.28607940673828125,0.7494528293609619,0.002485655514971854,-0.019501595212451546,-0.22769057249818567,0.9735350597160224
1785259729.561234,0.9348313212394714,-0.28607940673828125,0.7494528293609619,0.002485655514971854,-0.019501595212451546,-0.22769057249818567,0.9735350597160224
1785259729.5663257,0.9348313212394714,-0.28607940673828125,0.7494538426399231,0.0024775560820169042,-0.019507649433023553,-0.22769061520432793,0.9735349490785287
1785259729.5812683,0.9348313212394714,-0.28607940673828125,0.7494538426399231,0.0024775560820169042,-0.019507649433023553,-0.22769061520432793,0.9735349490785287
1785259729.5863063,0.9348313212394714,-0.28607940673828125,0.7494538426399231,0.0024775560820169042,-0.019507649433023553,-0.22769061520432793,0.9735349490785287
1785259729.6012642,0.9348313212394714,-0.28607940673828125,0.7494538426399231,0.0024775560820169042,-0.019507649433023553,-0.22769061520432793,0.9735349490785287
1785259729.6112692,0.9348313212394714,-0.28607940673828125,0.7494538426399231,0.0024775560820169042,-0.019507649433023553,-0.22769061520432793,0.9735349490785287
1785259729.6212485,0.9348313212394714,-0.28607940673828125,0.7494538426399231,0.0024775560820169042,-0.019507649433023553,-0.22769061520432793,0.9735349490785287
1785259729.65126,0.9348313212394714,-0.28607940673828125,0.7494538426399231,0.0024775560820169042,-0.019507649433023553,-0.22769061520432793,0.9735349490785287
1785259729.656273,0.9348313212394714,-0.28607940673828125,0.7494538426399231,0.0024775560820169042,-0.019507649433023553,-0.22769061520432793,0.9735349490785287
1785259729.6663423,0.9348313212394714,-0.28607940673828125,0.7494612336158752,0.0024621690569045732,-0.01951819394495059,-0.22769071093156693,0.9735347543791851
1785259729.6712844,0.9348313212394714,-0.28607940673828125,0.7494612336158752,0.0024621690569045732,-0.01951819394495059,-0.22769071093156693,0.9735347543791851
1785259729.6762607,0.9348313212394714,-0.28607940673828125,0.7494612336158752,0.0024621690569045732,-0.01951819394495059,-0.22769071093156693,0.9735347543791851
1785259729.6812642,0.9348313212394714,-0.28607940673828125,0.7494612336158752,0.0024621690569045732,-0.01951819394495059,-0.22769071093156693,0.9735347543791851
1785259729.691261,0.9348313212394714,-0.28607940673828125,0.7494612336158752,0.0024621690569045732,-0.01951819394495059,-0.22769071093156693,0.9735347543791851
1785259729.6962755,0.9348313212394714,-0.28607940673828125,0.7494612336158752,0.0024621690569045732,-0.01951819394495059,-0.22769071093156693,0.9735347543791851
1785259729.701222,0.9348313212394714,-0.28607940673828125,0.7494612336158752,0.0024621690569045732,-0.01951819394495059,-0.22769071093156693,0.9735347543791851
1785259729.7112617,0.9348313212394714,-0.28607940673828125,0.7494612336158752,0.0024621690569045732,-0.01951819394495059,-0.22769071093156693,0.9735347543791851
1785259729.721238,0.9348313212394714,-0.28607940673828125,0.7494612336158752,0.0024621690569045732,-0.01951819394495059,-0.22769071093156693,0.9735347543791851
1785259729.9263031,0.9348313212394714,-0.28607940673828125,0.7494538426399231,0.0024773478709680637,-0.01950876738614172,-0.2276906018288359,0.9735349303345114
1785259729.9462767,0.9348313212394714,-0.28607940673828125,0.7494538426399231,0.0024773478709680637,-0.01950876738614172,-0.2276906018288359,0.9735349303345114
1785259729.9612617,0.9348313212394714,-0.28607940673828125,0.7494538426399231,0.0024773478709680637,-0.01950876738614172,-0.2276906018288359,0.9735349303345114
1785259729.9664507,0.9348313212394714,-0.28607940673828125,0.7494612336158752,0.0024620010358554567,-0.019519130043533197,-0.22769069963556213,0.973534738677933
1785259729.9712856,0.9348313212394714,-0.28607940673828125,0.7494612336158752,0.0024620010358554567,-0.019519130043533197,-0.22769069963556213,0.973534738677933
1785259730.0312786,0.9348313212394714,-0.28607940673828125,0.7494612336158752,0.0024620010358554567,-0.019519130043533197,-0.22769069963556213,0.973534738677933
1785259730.0363047,0.9348313212394714,-0.28607940673828125,0.7494612336158752,0.0024620010358554567,-0.019519130043533197,-0.22769069963556213,0.973534738677933
1785259730.1262784,0.9348313212394714,-0.28607940673828125,0.7494528293609619,0.0024890069940167268,-0.019488092377956408,-0.2276907202704783,0.9735352869836629
1785259730.1312766,0.9348313212394714,-0.28607940673828125,0.7494528293609619,0.0024890069940167268,-0.019488092377956408,-0.2276907202704783,0.9735352869836629
1785259730.1362953,0.9348313212394714,-0.28607940673828125,0.7494528293609619,0.0024890069940167268,-0.019488092377956408,-0.2276907202704783,0.9735352869836629
1785259730.1462936,0.9348313212394714,-0.28607940673828125,0.7494528293609619,0.0024890069940167268,-0.019488092377956408,-0.2276907202704783,0.9735352869836629
1785259730.1512663,0.9348313212394714,-0.28607940673828125,0.7494528293609619,0.0024890069940167268,-0.019488092377956408,-0.2276907202704783,0.9735352869836629
1785259730.156278,0.9348313212394714,-0.28607940673828125,0.7494528293609619,0.0024890069940167268,-0.019488092377956408,-0.2276907202704783,0.9735352869836629
1785259730.1664762,0.9348313212394714,-0.28607940673828125,0.7494538426399231,0.0024802366912234884,-0.019496646215816055,-0.22769073640445853,0.9735351343263817
1785259730.1762633,0.9348313212394714,-0.28607940673828125,0.7494538426399231,0.0024802366912234884,-0.019496646215816055,-0.22769073640445853,0.9735351343263817
1785259730.1812303,0.9348313212394714,-0.28607940673828125,0.7494538426399231,0.0024802366912234884,-0.019496646215816055,-0.22769073640445853,0.9735351343263817
1785259730.186283,0.9348313212394714,-0.28607940673828125,0.7494538426399231,0.0024802366912234884,-0.019496646215816055,-0.22769073640445853,0.9735351343263817
1785259730.1912787,0.9348313212394714,-0.28607940673828125,0.7494538426399231,0.0024802366912234884,-0.019496646215816055,-0.22769073640445853,0.9735351343263817
1785259730.2012286,0.9348313212394714,-0.28607940673828125,0.7494538426399231,0.0024802366912234884,-0.019496646215816055,-0.22769073640445853,0.9735351343263817
1785259730.206272,0.9348313212394714,-0.28607940673828125,0.7494538426399231,0.0024802366912234884,-0.019496646215816055,-0.22769073640445853,0.9735351343263817
1785259730.2162747,0.9348313212394714,-0.28607940673828125,0.7494538426399231,0.0024802366912234884,-0.019496646215816055,-0.22769073640445853,0.9735351343263817
1785259730.2312708,0.9348313212394714,-0.28607940673828125,0.7494538426399231,0.0024802366912234884,-0.019496646215816055,-0.22769073640445853,0.9735351343263817
1785259730.2362888,0.9348313212394714,-0.28607940673828125,0.7494538426399231,0.0024802366912234884,-0.019496646215816055,-0.22769073640445853,0.9735351343263817
1785259730.2412314,0.9348313212394714,-0.28607940673828125,0.7494538426399231,0.0024802366912234884,-0.019496646215816055,-0.22769073640445853,0.9735351343263817
1785259730.456277,0.9348313212394714,-0.28607940673828125,0.7494528293609619,0.0024871208988536692,-0.019495381747628895,-0.2276906417702711,0.9735351642187307
1785259730.4663455,0.9348313212394714,-0.28607940673828125,0.7494538426399231,0.002478732488643322,-0.019502470006099296,-0.22769067366948456,0.9735350361814655
1785259730.4712682,0.9348313212394714,-0.28607940673828125,0.7494538426399231,0.002478732488643322,-0.019502470006099296,-0.22769067366948456,0.9735350361814655
1785259730.4762683,0.9348313212394714,-0.28607940673828125,0.7494538426399231,0.002478732488643322,-0.019502470006099296,-0.22769067366948456,0.9735350361814655
1785259730.5163112,0.9348313212394714,-0.28607940673828125,0.7494538426399231,0.002478732488643322,-0.019502470006099296,-0.22769067366948456,0.9735350361814655
1785259730.5262735,0.9348313212394714,-0.28607940673828125,0.7494538426399231,0.002478732488643322,-0.019502470006099296,-0.22769067366948456,0.9735350361814655
1785259730.5312784,0.9348313212394714,-0.28607940673828125,0.7494538426399231,0.002478732488643322,-0.019502470006099296,-0.22769067366948456,0.9735350361814655
1785259730.5362818,0.9348313212394714,-0.28607940673828125,0.7494538426399231,0.002478732488643322,-0.019502470006099296,-0.22769067366948456,0.9735350361814655
1785259730.5412235,0.9348313212394714,-0.28607940673828125,0.7494538426399231,0.002478732488643322,-0.019502470006099296,-0.22769067366948456,0.9735350361814655
1785259730.5462852,0.9348313212394714,-0.28607940673828125,0.7494538426399231,0.002478732488643322,-0.019502470006099296,-0.22769067366948456,0.9735350361814655
1785259730.551279,0.9348313212394714,-0.28607940673828125,0.7494538426399231,0.002478732488643322,-0.019502470006099296,-0.22769067366948456,0.9735350361814655
1785259730.561235,0.9348313212394714,-0.28607940673828125,0.7494538426399231,0.002478732488643322,-0.019502470006099296,-0.22769067366948456,0.9735350361814655
1785259730.601238,0.9348313212394714,-0.28607940673828125,0.7494612336158752,0.002463116083124459,-0.019513865502874754,-0.22769076034778118,0.9735348271965139
1785259730.6062827,0.9348313212394714,-0.28607940673828125,0.7494612336158752,0.002463116083124459,-0.019513865502874754,-0.22769076034778118,0.9735348271965139
1785259730.6112697,0.9348313212394714,-0.28607940673828125,0.7494612336158752,0.002463116083124459,-0.019513865502874754,-0.22769076034778118,0.9735348271965139
1785259730.6162763,0.9348313212394714,-0.28607940673828125,0.7494612336158752,0.002463116083124459,-0.019513865502874754,-0.22769076034778118,0.9735348271965139
1785259730.6212468,0.9348313212394714,-0.28607940673828125,0.7494612336158752,0.002463116083124459,-0.019513865502874754,-0.22769076034778118,0.9735348271965139
1785259730.6312888,0.9348313212394714,-0.28607940673828125,0.7494612336158752,0.002463116083124459,-0.019513865502874754,-0.22769076034778118,0.9735348271965139
1785259730.6362853,0.9348313212394714,-0.28607940673828125,0.7494612336158752,0.002463116083124459,-0.019513865502874754,-0.22769076034778118,0.9735348271965139
1785259730.6562684,0.9348313212394714,-0.28607940673828125,0.7494612336158752,0.002463116083124459,-0.019513865502874754,-0.22769076034778118,0.9735348271965139
1785259730.6664464,0.9348313212394714,-0.28607940673828125,0.7494528293609619,0.0024861557043490447,-0.019499311958507803,-0.22769059858684323,0.9735350980720333
1785259730.681223,0.9348313212394714,-0.28607940673828125,0.7494528293609619,0.0024861557043490447,-0.019499311958507803,-0.22769059858684323,0.9735350980720333
1785259730.6962981,0.9348313212394714,-0.28607940673828125,0.7494528293609619,0.0024861557043490447,-0.019499311958507803,-0.22769059858684323,0.9735350980720333
1785259730.731302,0.9348313212394714,-0.28607940673828125,0.7494528293609619,0.0024861557043490447,-0.019499311958507803,-0.22769059858684323,0.9735350980720333
1785259730.7362828,0.9348313212394714,-0.28607940673828125,0.7494528293609619,0.0024861557043490447,-0.019499311958507803,-0.22769059858684323,0.9735350980720333
1785259730.746272,0.9348313212394714,-0.28607940673828125,0.7494528293609619,0.0024861557043490447,-0.019499311958507803,-0.22769059858684323,0.9735350980720333
1785259730.7512684,0.9348313212394714,-0.28607940673828125,0.7494528293609619,0.0024861557043490447,-0.019499311958507803,-0.22769059858684323,0.9735350980720333
1785259730.7612472,0.9348313212394714,-0.28607940673828125,0.7494528293609619,0.0024861557043490447,-0.019499311958507803,-0.22769059858684323,0.9735350980720333
1785259730.7663527,0.9348313212394714,-0.28607940673828125,0.7494538426399231,0.0024779575060715686,-0.01950573897591156,-0.2276906373071185,0.9735349811672307
1785259730.7712908,0.9348313212394714,-0.28607940673828125,0.7494538426399231,0.0024779575060715686,-0.01950573897591156,-0.2276906373071185,0.9735349811672307
1785259730.7762794,0.9348313212394714,-0.28607940673828125,0.7494538426399231,0.0024779575060715686,-0.01950573897591156,-0.2276906373071185,0.9735349811672307
1785259730.7812238,0.9348313212394714,-0.28607940673828125,0.7494538426399231,0.0024779575060715686,-0.01950573897591156,-0.2276906373071185,0.9735349811672307
1785259730.7862911,0.9348313212394714,-0.28607940673828125,0.7494538426399231,0.0024779575060715686,-0.01950573897591156,-0.2276906373071185,0.9735349811672307
1785259730.8212435,0.9348313212394714,-0.28607940673828125,0.7494538426399231,0.0024779575060715686,-0.01950573897591156,-0.2276906373071185,0.9735349811672307
1785259730.8262622,0.9348313212394714,-0.28607940673828125,0.7494538426399231,0.0024779575060715686,-0.01950573897591156,-0.2276906373071185,0.9735349811672307
1785259730.8312829,0.9348313212394714,-0.28607940673828125,0.7494538426399231,0.0024779575060715686,-0.01950573897591156,-0.2276906373071185,0.9735349811672307
1785259730.8412251,0.9348313212394714,-0.28607940673828125,0.7494538426399231,0.0024779575060715686,-0.01950573897591156,-0.2276906373071185,0.9735349811672307
1785259730.8462663,0.9348313212394714,-0.28607940673828125,0.7494538426399231,0.0024779575060715686,-0.01950573897591156,-0.2276906373071185,0.9735349811672307
1785259730.8512616,0.9348313212394714,-0.28607940673828125,0.7494538426399231,0.0024779575060715686,-0.01950573897591156,-0.2276906373071185,0.9735349811672307
1785259730.8612118,0.9348313212394714,-0.28607940673828125,0.7494538426399231,0.0024779575060715686,-0.01950573897591156,-0.2276906373071185,0.9735349811672307
1785259730.8663435,0.9348313212394714,-0.28607940673828125,0.7494612336158752,0.0024624929220775525,-0.01951659430556422,-0.2276907296264714,0.9735347812571905
1785259730.8762827,0.9348313212394714,-0.28607940673828125,0.7494612336158752,0.0024624929220775525,-0.01951659430556422,-0.2276907296264714,0.9735347812571905
1785259730.9062774,0.9348313212394714,-0.28607940673828125,0.7494612336158752,0.0024624929220775525,-0.01951659430556422,-0.2276907296264714,0.9735347812571905
1785259730.9112978,0.9348313212394714,-0.28607940673828125,0.7494612336158752,0.0024624929220775525,-0.01951659430556422,-0.2276907296264714,0.9735347812571905
1785259730.9162853,0.9348313212394714,-0.28607940673828125,0.7494612336158752,0.0024624929220775525,-0.01951659430556422,-0.2276907296264714,0.9735347812571905
1785259730.921222,0.9348313212394714,-0.28607940673828125,0.7494612336158752,0.0024624929220775525,-0.01951659430556422,-0.2276907296264714,0.9735347812571905
1785259730.9262822,0.9348313212394714,-0.28607940673828125,0.7494612336158752,0.0024624929220775525,-0.01951659430556422,-0.2276907296264714,0.9735347812571905
1785259730.9312906,0.9348313212394714,-0.28607940673828125,0.7494612336158752,0.0024624929220775525,-0.01951659430556422,-0.2276907296264714,0.9735347812571905
1785259730.9362876,0.9348313212394714,-0.28607940673828125,0.7494612336158752,0.0024624929220775525,-0.01951659430556422,-0.2276907296264714,0.9735347812571905
1785259730.941226,0.9348313212394714,-0.28607940673828125,0.7494612336158752,0.0024624929220775525,-0.01951659430556422,-0.2276907296264714,0.9735347812571905
1785259730.956262,0.9348313212394714,-0.28607940673828125,0.7494612336158752,0.0024624929220775525,-0.01951659430556422,-0.2276907296264714,0.9735347812571905
1785259730.9612317,0.9348313212394714,-0.28607940673828125,0.7494612336158752,0.0024624929220775525,-0.01951659430556422,-0.2276907296264714,0.9735347812571905
1785259730.9712684,0.9348313212394714,-0.28607940673828125,0.7494612336158752,0.0024624929220775525,-0.01951659430556422,-0.2276907296264714,0.9735347812571905
1785259730.9962611,0.9348313212394714,-0.28607940673828125,0.7494528293609619,0.0024856559107652478,-0.019501591479938855,-0.22769057254780148,0.9735350597781762
1785259731.0062625,0.9348313212394714,-0.28607940673828125,0.7494528293609619,0.0024856559107652478,-0.019501591479938855,-0.22769057254780148,0.9735350597781762
1785259731.0112622,0.9348313212394714,-0.28607940673828125,0.7494528293609619,0.0024856559107652478,-0.019501591479938855,-0.22769057254780148,0.9735350597781762
1785259731.2062688,0.9348313212394714,-0.28607940673828125,0.7494612336158752,0.002462168970587257,-0.01951818818714252,-0.22769071101955907,0.9735347544742609
1785259731.211275,0.9348313212394714,-0.28607940673828125,0.7494612336158752,0.002462168970587257,-0.01951818818714252,-0.22769071101955907,0.9735347544742609
1785259731.2212312,0.9348313212394714,-0.28607940673828125,0.7494612336158752,0.002462168970587257,-0.01951818818714252,-0.22769071101955907,0.9735347544742609
1785259731.2412205,0.9348313212394714,-0.28607940673828125,0.7494612336158752,0.002462168970587257,-0.01951818818714252,-0.22769071101955907,0.9735347544742609
1785259731.2462878,0.9348313212394714,-0.28607940673828125,0.7494612336158752,0.002462168970587257,-0.01951818818714252,-0.22769071101955907,0.9735347544742609
1785259731.261237,0.9348313212394714,-0.28607940673828125,0.7494612336158752,0.002462168970587257,-0.01951818818714252,-0.22769071101955907,0.9735347544742609
1785259731.2662756,0.9348313212394714,-0.28607940673828125,0.7494612336158752,0.002462168970587257,-0.01951818818714252,-0.22769071101955907,0.9735347544742609
1785259731.3012197,0.9348313212394714,-0.28607940673828125,0.7494528293609619,0.0024853953917503505,-0.019502926704220734,-0.2276905567625218,0.9735350373874017
1785259731.316284,0.9348313212394714,-0.28607940673828125,0.7494528293609619,0.0024853953917503505,-0.019502926704220734,-0.2276905567625218,0.9735350373874017
1785259731.3262768,0.9348313212394714,-0.28607940673828125,0.7494528293609619,0.0024853953917503505,-0.019502926704220734,-0.2276905567625218,0.9735350373874017
1785259731.3313055,0.9348313212394714,-0.28607940673828125,0.7494528293609619,0.0024853953917503505,-0.019502926704220734,-0.2276905567625218,0.9735350373874017
1785259731.3362763,0.9348313212394714,-0.28607940673828125,0.7494528293609619,0.0024853953917503505,-0.019502926704220734,-0.2276905567625218,0.9735350373874017
1785259731.3412192,0.9348313212394714,-0.28607940673828125,0.7494528293609619,0.0024853953917503505,-0.019502926704220734,-0.2276905567625218,0.9735350373874017
1785259731.3462653,0.9348313212394714,-0.28607940673828125,0.7494528293609619,0.0024853953917503505,-0.019502926704220734,-0.2276905567625218,0.9735350373874017
1785259731.3612266,0.9348313212394714,-0.28607940673828125,0.7494528293609619,0.0024853953917503505,-0.019502926704220734,-0.2276905567625218,0.9735350373874017
1785259731.3712647,0.9348313212394714,-0.28607940673828125,0.7494528293609619,0.0024853953917503505,-0.019502926704220734,-0.2276905567625218,0.9735350373874017
1785259731.3763916,0.9348313212394714,-0.28607940673828125,0.7494538426399231,0.00247734690674862,-0.0195087633355493,-0.22769060190569265,0.9735349304001601
1785259731.38627,0.9348313212394714,-0.28607940673828125,0.7494538426399231,0.00247734690674862,-0.0195087633355493,-0.22769060190569265,0.9735349304001601
1785259731.4062767,0.9348313212394714,-0.28607940673828125,0.7494538426399231,0.00247734690674862,-0.0195087633355493,-0.22769060190569265,0.9735349304001601
1785259731.4112768,0.9348313212394714,-0.28607940673828125,0.7494538426399231,0.00247734690674862,-0.0195087633355493,-0.22769060190569265,0.9735349304001601
1785259731.4212308,0.9348313212394714,-0.28607940673828125,0.7494538426399231,0.00247734690674862,-0.0195087633355493,-0.22769060190569265,0.9735349304001601
1785259731.4313025,0.9348313212394714,-0.28607940673828125,0.7494538426399231,0.00247734690674862,-0.0195087633355493,-0.22769060190569265,0.9735349304001601
1785259731.4812796,0.9348313212394714,-0.28607940673828125,0.7494612336158752,0.0024620000716357266,-0.019519125992941068,-0.22769069971240402,0.973534738743613
1785259731.526299,0.9348313212394714,-0.28607940673828125,0.7494612336158752,0.0024620000716357266,-0.019519125992941068,-0.22769069971240402,0.973534738743613
1785259731.5362806,0.9348313212394714,-0.28607940673828125,0.7494612336158752,0.0024620000716357266,-0.019519125992941068,-0.22769069971240402,0.973534738743613
1785259731.57127,0.9348313212394714,-0.28607940673828125,0.7494612336158752,0.0024620000716357266,-0.019519125992941068,-0.22769069971240402,0.973534738743613
1785259731.5812154,0.9348313212394714,-0.28607940673828125,0.7494528293609619,0.0024890056052313796,-0.01948809014060589,-0.22769072032703944,0.9735352870187721
1785259731.6062794,0.9348313212394714,-0.28607940673828125,0.7494528293609619,0.0024890056052313796,-0.01948809014060589,-0.22769072032703944,0.9735352870187721
1785259731.6112652,0.9348313212394714,-0.28607940673828125,0.7494528293609619,0.0024890056052313796,-0.01948809014060589,-0.22769072032703944,0.9735352870187721
1785259731.6262908,0.9348313212394714,-0.28607940673828125,0.7494528293609619,0.0024890056052313796,-0.01948809014060589,-0.22769072032703944,0.9735352870187721
1785259731.6312747,0.9348313212394714,-0.28607940673828125,0.7494528293609619,0.0024890056052313796,-0.01948809014060589,-0.22769072032703944,0.9735352870187721
1785259731.6412241,0.9348313212394714,-0.28607940673828125,0.7494528293609619,0.0024890056052313796,-0.01948809014060589,-0.22769072032703944,0.9735352870187721
1785259731.6462724,0.9348313212394714,-0.28607940673828125,0.7494528293609619,0.0024890056052313796,-0.01948809014060589,-0.22769072032703944,0.9735352870187721
1785259731.651288,0.9348313212394714,-0.28607940673828125,0.7494528293609619,0.0024890056052313796,-0.01948809014060589,-0.22769072032703944,0.9735352870187721
1785259731.6612153,0.9348313212394714,-0.28607940673828125,0.7494528293609619,0.0024890056052313796,-0.01948809014060589,-0.22769072032703944,0.9735352870187721
1785259731.6712832,0.9348313212394714,-0.28607940673828125,0.7494528293609619,0.0024890056052313796,-0.01948809014060589,-0.22769072032703944,0.9735352870187721
1785259731.67646,0.9348313212394714,-0.28607940673828125,0.7494538426399231,0.002480235727003552,-0.019496642165222483,-0.22769073648128227,0.9735351343919907
1785259731.6812134,0.9348313212394714,-0.28607940673828125,0.7494538426399231,0.002480235727003552,-0.019496642165222483,-0.22769073648128227,0.9735351343919907
1785259731.6862712,0.9348313212394714,-0.28607940673828125,0.7494538426399231,0.002480235727003552,-0.019496642165222483,-0.22769073648128227,0.9735351343919907
1785259731.6912858,0.9348313212394714,-0.28607940673828125,0.7494538426399231,0.002480235727003552,-0.019496642165222483,-0.22769073648128227,0.9735351343919907
1785259731.7012448,0.9348313212394714,-0.28607940673828125,0.7494538426399231,0.002480235727003552,-0.019496642165222483,-0.22769073648128227,0.9735351343919907
1785259731.7112849,0.9348313212394714,-0.28607940673828125,0.7494538426399231,0.002480235727003552,-0.019496642165222483,-0.22769073648128227,0.9735351343919907
1785259731.7212396,0.9348313212394714,-0.28607940673828125,0.7494538426399231,0.002480235727003552,-0.019496642165222483,-0.22769073648128227,0.9735351343919907
1785259731.7262611,0.9348313212394714,-0.28607940673828125,0.7494538426399231,0.002480235727003552,-0.019496642165222483,-0.22769073648128227,0.9735351343919907
1785259731.7362838,0.9348313212394714,-0.28607940673828125,0.7494538426399231,0.002480235727003552,-0.019496642165222483,-0.22769073648128227,0.9735351343919907
1785259731.741301,0.9348313212394714,-0.28607940673828125,0.7494538426399231,0.002480235727003552,-0.019496642165222483,-0.22769073648128227,0.9735351343919907
1785259731.7462933,0.9348313212394714,-0.28607940673828125,0.7494538426399231,0.002480235727003552,-0.019496642165222483,-0.22769073648128227,0.9735351343919907
1785259731.7663004,0.9348313212394714,-0.28607940673828125,0.7494538426399231,0.002480235727003552,-0.019496642165222483,-0.22769073648128227,0.9735351343919907
1785259731.7764523,0.9348313212394714,-0.28607940673828125,0.7494612336158752,0.0024643199529677286,-0.019509101783170092,-0.22769081205712663,0.9735349075300535
1785259731.8112571,0.9348313212394714,-0.28607940673828125,0.7494612336158752,0.0024643199529677286,-0.019509101783170092,-0.22769081205712663,0.9735349075300535
1785259731.8162816,0.9348313212394714,-0.28607940673828125,0.7494612336158752,0.0024643199529677286,-0.019509101783170092,-0.22769081205712663,0.9735349075300535
1785259731.831283,0.9348313212394714,-0.28607940673828125,0.7494612336158752,0.0024643199529677286,-0.019509101783170092,-0.22769081205712663,0.9735349075300535
1785259731.8363028,0.9348313212394714,-0.28607940673828125,0.7494612336158752,0.0024643199529677286,-0.019509101783170092,-0.22769081205712663,0.9735349075300535
1785259731.8412547,0.9348313212394714,-0.28607940673828125,0.7494612336158752,0.0024643199529677286,-0.019509101783170092,-0.22769081205712663,0.9735349075300535
1785259731.8462994,0.9348313212394714,-0.28607940673828125,0.7494612336158752,0.0024643199529677286,-0.019509101783170092,-0.22769081205712663,0.9735349075300535
1785259731.8513007,0.9348313212394714,-0.28607940673828125,0.7494612336158752,0.0024643199529677286,-0.019509101783170092,-0.22769081205712663,0.9735349075300535
1785259731.8562968,0.9348313212394714,-0.28607940673828125,0.7494612336158752,0.0024643199529677286,-0.019509101783170092,-0.22769081205712663,0.9735349075300535
1785259731.8612366,0.9348313212394714,-0.28607940673828125,0.7494612336158752,0.0024643199529677286,-0.019509101783170092,-0.22769081205712663,0.9735349075300535
1785259731.8663433,0.9348313212394714,-0.28607940673828125,0.7494612336158752,0.0024643199529677286,-0.019509101783170092,-0.22769081205712663,0.9735349075300535
1785259731.8712933,0.9348313212394714,-0.28607940673828125,0.7494612336158752,0.0024643199529677286,-0.019509101783170092,-0.22769081205712663,0.9735349075300535
1785259731.8812153,0.9348313212394714,-0.28607940673828125,0.7494528293609619,0.0024871199346340423,-0.019495377697035552,-0.22769064184711335,0.9735351642843366
1785259731.8862655,0.9348313212394714,-0.28607940673828125,0.7494528293609619,0.0024871199346340423,-0.019495377697035552,-0.22769064184711335,0.9735351642843366
1785259731.896263,0.9348313212394714,-0.28607940673828125,0.7494528293609619,0.0024871199346340423,-0.019495377697035552,-0.22769064184711335,0.9735351642843366
1785259731.9012117,0.9348313212394714,-0.28607940673828125,0.7494528293609619,0.0024871199346340423,-0.019495377697035552,-0.22769064184711335,0.9735351642843366
1785259731.9062614,0.9348313212394714,-0.28607940673828125,0.7494528293609619,0.0024871199346340423,-0.019495377697035552,-0.22769064184711335,0.9735351642843366
1785259731.9112606,0.9348313212394714,-0.28607940673828125,0.7494528293609619,0.0024871199346340423,-0.019495377697035552,-0.22769064184711335,0.9735351642843366
1785259731.9262636,0.9348313212394714,-0.28607940673828125,0.7494528293609619,0.0024871199346340423,-0.019495377697035552,-0.22769064184711335,0.9735351642843366
1785259731.9562647,0.9348313212394714,-0.28607940673828125,0.7494528293609619,0.0024871199346340423,-0.019495377697035552,-0.22769064184711335,0.9735351642843366
1785259731.9612546,0.9348313212394714,-0.28607940673828125,0.7494528293609619,0.0024871199346340423,-0.019495377697035552,-0.22769064184711335,0.9735351642843366
1785259731.966286,0.9348313212394714,-0.28607940673828125,0.7494528293609619,0.0024871199346340423,-0.019495377697035552,-0.22769064184711335,0.9735351642843366
1785259731.9712925,0.9348313212394714,-0.28607940673828125,0.7494528293609619,0.0024871199346340423,-0.019495377697035552,-0.22769064184711335,0.9735351642843366
1785259731.9764662,0.9348313212394714,-0.28607940673828125,0.7494538426399231,0.0024787315531958898,-0.019502467874776046,-0.2276906737169857,0.9735350362154337
1785259731.9812684,0.9348313212394714,-0.28607940673828125,0.7494538426399231,0.0024787315531958898,-0.019502467874776046,-0.2276906737169857,0.9735350362154337
1785259732.0112565,0.9348313212394714,-0.28607940673828125,0.7494538426399231,0.0024787315531958898,-0.019502467874776046,-0.2276906737169857,0.9735350362154337
1785259732.0212338,0.9348313212394714,-0.28607940673828125,0.7494538426399231,0.0024787315531958898,-0.019502467874776046,-0.2276906737169857,0.9735350362154337
1785259732.036286,0.9348313212394714,-0.28607940673828125,0.7494538426399231,0.0024787315531958898,-0.019502467874776046,-0.2276906737169857,0.9735350362154337
1785259732.0412815,0.9348313212394714,-0.28607940673828125,0.7494538426399231,0.0024787315531958898,-0.019502467874776046,-0.2276906737169857,0.9735350362154337
1785259732.0712776,0.9348313212394714,-0.28607940673828125,0.7494538426399231,0.0024787315531958898,-0.019502467874776046,-0.2276906737169857,0.9735350362154337
1785259732.086278,0.9348313212394714,-0.28607940673828125,0.7494612336158752,0.0024631155722419865,-0.0195138615583089,-0.22769076041552141,0.9735348272610295
1785259732.0962603,0.9348313212394714,-0.28607940673828125,0.7494612336158752,0.0024631155722419865,-0.0195138615583089,-0.22769076041552141,0.9735348272610295
1785259732.1012077,0.9348313212394714,-0.28607940673828125,0.7494612336158752,0.0024631155722419865,-0.0195138615583089,-0.22769076041552141,0.9735348272610295
1785259732.1062772,0.9348313212394714,-0.28607940673828125,0.7494612336158752,0.0024631155722419865,-0.0195138615583089,-0.22769076041552141,0.9735348272610295
1785259732.1162672,0.9348313212394714,-0.28607940673828125,0.7494612336158752,0.0024631155722419865,-0.0195138615583089,-0.22769076041552141,0.9735348272610295
1785259732.1212113,0.9348313212394714,-0.28607940673828125,0.7494612336158752,0.0024631155722419865,-0.0195138615583089,-0.22769076041552141,0.9735348272610295
1785259732.1363266,0.9348313212394714,-0.28607940673828125,0.7494612336158752,0.0024631155722419865,-0.0195138615583089,-0.22769076041552141,0.9735348272610295
1785259732.141267,0.9348313212394714,-0.28607940673828125,0.7494612336158752,0.0024631155722419865,-0.0195138615583089,-0.22769076041552141,0.9735348272610295
1785259732.1462822,0.9348313212394714,-0.28607940673828125,0.7494612336158752,0.0024631155722419865,-0.0195138615583089,-0.22769076041552141,0.9735348272610295
1785259732.1512735,0.9348313212394714,-0.28607940673828125,0.7494612336158752,0.0024631155722419865,-0.0195138615583089,-0.22769076041552141,0.9735348272610295
1785259732.1562645,0.9348313212394714,-0.28607940673828125,0.7494612336158752,0.0024631155722419865,-0.0195138615583089,-0.22769076041552141,0.9735348272610295
1785259732.1612337,0.9348313212394714,-0.28607940673828125,0.7494612336158752,0.0024631155722419865,-0.0195138615583089,-0.22769076041552141,0.9735348272610295
1785259732.166261,0.9348313212394714,-0.28607940673828125,0.7494612336158752,0.0024631155722419865,-0.0195138615583089,-0.22769076041552141,0.9735348272610295
1785259732.1712754,0.9348313212394714,-0.28607940673828125,0.7494612336158752,0.0024631155722419865,-0.0195138615583089,-0.22769076041552141,0.9735348272610295
1785259732.181228,0.9348313212394714,-0.28607940673828125,0.7494528293609619,0.0024861556755769185,-0.019499310039238014,-0.2276905986161896,0.9735350981036852
1785259732.196279,0.9348313212394714,-0.28607940673828125,0.7494528293609619,0.0024861556755769185,-0.019499310039238014,-0.2276905986161896,0.9735350981036852
1785259732.2112916,0.9348313212394714,-0.28607940673828125,0.7494528293609619,0.0024861556755769185,-0.019499310039238014,-0.2276905986161896,0.9735350981036852
1785259732.2362733,0.9348313212394714,-0.28607940673828125,0.7494528293609619,0.0024861556755769185,-0.019499310039238014,-0.2276905986161896,0.9735350981036852
1785259732.2412558,0.9348313212394714,-0.28607940673828125,0.7494528293609619,0.0024861556755769185,-0.019499310039238014,-0.2276905986161896,0.9735350981036852
1785259732.2463002,0.9348313212394714,-0.28607940673828125,0.7494528293609619,0.0024861556755769185,-0.019499310039238014,-0.2276905986161896,0.9735350981036852
1785259732.2512841,0.9348313212394714,-0.28607940673828125,0.7494528293609619,0.0024861556755769185,-0.019499310039238014,-0.2276905986161896,0.9735350981036852
1785259732.2662632,0.9348313212394714,-0.28607940673828125,0.7494528293609619,0.0024861556755769185,-0.019499310039238014,-0.2276905986161896,0.9735350981036852
1785259732.2712893,0.9348313212394714,-0.28607940673828125,0.7494528293609619,0.0024861556755769185,-0.019499310039238014,-0.2276905986161896,0.9735350981036852
1785259732.3262687,0.9348313212394714,-0.28607940673828125,0.7494538426399231,0.0024779579306368855,-0.019505737162668638,-0.22769063732737643,0.9735349811977423
1785259732.3312633,0.9348313212394714,-0.28607940673828125,0.7494538426399231,0.0024779579306368855,-0.019505737162668638,-0.22769063732737643,0.9735349811977423
1785259732.3662887,0.9348313212394714,-0.28607940673828125,0.7494538426399231,0.0024779579306368855,-0.019505737162668638,-0.22769063732737643,0.9735349811977423
1785259732.3713164,0.9348313212394714,-0.28607940673828125,0.7494538426399231,0.0024779579306368855,-0.019505737162668638,-0.22769063732737643,0.9735349811977423
1785259732.3764837,0.9348313212394714,-0.28607940673828125,0.7494612336158752,0.002462492439967632,-0.01951659228026804,-0.2276907296648888,0.9735347812900265
1785259732.3812306,0.9348313212394714,-0.28607940673828125,0.7494612336158752,0.002462492439967632,-0.01951659228026804,-0.2276907296648888,0.9735347812900265
1785259732.396275,0.9348313212394714,-0.28607940673828125,0.7494612336158752,0.002462492439967632,-0.01951659228026804,-0.2276907296648888,0.9735347812900265
1785259732.401238,0.9348313212394714,-0.28607940673828125,0.7494612336158752,0.002462492439967632,-0.01951659228026804,-0.2276907296648888,0.9735347812900265
1785259732.4062715,0.9348313212394714,-0.28607940673828125,0.7494612336158752,0.002462492439967632,-0.01951659228026804,-0.2276907296648888,0.9735347812900265
1785259732.4312608,0.9348313212394714,-0.28607940673828125,0.7494612336158752,0.002462492439967632,-0.01951659228026804,-0.2276907296648888,0.9735347812900265
1785259732.4363132,0.9348313212394714,-0.28607940673828125,0.7494612336158752,0.002462492439967632,-0.01951659228026804,-0.2276907296648888,0.9735347812900265
1785259732.4412596,0.9348313212394714,-0.28607940673828125,0.7494612336158752,0.002462492439967632,-0.01951659228026804,-0.2276907296648888,0.9735347812900265
1785259732.6862826,0.9348313212394714,-0.28607940673828125,0.7494612336158752,0.002462168063912364,-0.01951818797508902,-0.2276907110377368,0.9735347544765539
1785259732.7462878,0.9348313212394714,-0.28607940673828125,0.7494612336158752,0.002462168063912364,-0.01951818797508902,-0.2276907110377368,0.9735347544765539
1785259732.7512674,0.9348313212394714,-0.28607940673828125,0.7494612336158752,0.002462168063912364,-0.01951818797508902,-0.2276907110377368,0.9735347544765539
1785259732.7562933,0.9348313212394714,-0.28607940673828125,0.7494612336158752,0.002462168063912364,-0.01951818797508902,-0.2276907110377368,0.9735347544765539
1785259732.7612324,0.9348313212394714,-0.28607940673828125,0.7494612336158752,0.002462168063912364,-0.01951818797508902,-0.2276907110377368,0.9735347544765539
1785259732.766264,0.9348313212394714,-0.28607940673828125,0.7494612336158752,0.002462168063912364,-0.01951818797508902,-0.2276907110377368,0.9735347544765539
1785259732.7712812,0.9348313212394714,-0.28607940673828125,0.7494612336158752,0.002462168063912364,-0.01951818797508902,-0.2276907110377368,0.9735347544765539
1785259732.7912834,0.9348313212394714,-0.28607940673828125,0.7494528293609619,0.0024853958163158487,-0.019502924890977782,-0.22769055678278982,0.9735350374179023
1785259732.7962775,0.9348313212394714,-0.28607940673828125,0.7494528293609619,0.0024853958163158487,-0.019502924890977782,-0.22769055678278982,0.9735350374179023
1785259732.801208,0.9348313212394714,-0.28607940673828125,0.7494528293609619,0.0024853958163158487,-0.019502924890977782,-0.22769055678278982,0.9735350374179023
1785259732.8162987,0.9348313212394714,-0.28607940673828125,0.7494528293609619,0.0024853958163158487,-0.019502924890977782,-0.22769055678278982,0.9735350374179023
1785259732.8212252,0.9348313212394714,-0.28607940673828125,0.7494528293609619,0.0024853958163158487,-0.019502924890977782,-0.22769055678278982,0.9735350374179023
1785259732.8262708,0.9348313212394714,-0.28607940673828125,0.7494528293609619,0.0024853958163158487,-0.019502924890977782,-0.22769055678278982,0.9735350374179023
1785259732.831263,0.9348313212394714,-0.28607940673828125,0.7494528293609619,0.0024853958163158487,-0.019502924890977782,-0.22769055678278982,0.9735350374179023
1785259732.8412373,0.9348313212394714,-0.28607940673828125,0.7494528293609619,0.0024853958163158487,-0.019502924890977782,-0.22769055678278982,0.9735350374179023
1785259732.846279,0.9348313212394714,-0.28607940673828125,0.7494528293609619,0.0024853958163158487,-0.019502924890977782,-0.22769055678278982,0.9735350374179023
1785259732.8512945,0.9348313212394714,-0.28607940673828125,0.7494528293609619,0.0024853958163158487,-0.019502924890977782,-0.22769055678278982,0.9735350374179023
1785259732.8662632,0.9348313212394714,-0.28607940673828125,0.7494528293609619,0.0024853958163158487,-0.019502924890977782,-0.22769055678278982,0.9735350374179023
1785259732.87126,0.9348313212394714,-0.28607940673828125,0.7494528293609619,0.0024853958163158487,-0.019502924890977782,-0.22769055678278982,0.9735350374179023
1785259732.87628,0.9348313212394714,-0.28607940673828125,0.7494528293609619,0.0024853958163158487,-0.019502924890977782,-0.22769055678278982,0.9735350374179023
1785259732.9262693,0.9348313212394714,-0.28607940673828125,0.7494538426399231,0.002477346424638898,-0.019508761310253087,-0.22769060194412097,0.9735349304329843
1785259732.966264,0.9348313212394714,-0.28607940673828125,0.7494538426399231,0.002477346424638898,-0.019508761310253087,-0.22769060194412097,0.9735349304329843
1785259732.9912827,0.9348313212394714,-0.28607940673828125,0.7494612336158752,0.002462000496200741,-0.0195191241796985,-0.22769069973264638,0.9735347387741602
1785259733.0212452,0.9348313212394714,-0.28607940673828125,0.7494612336158752,0.002462000496200741,-0.0195191241796985,-0.22769069973264638,0.9735347387741602
1785259733.056263,0.9348313212394714,-0.28607940673828125,0.7494612336158752,0.002462000496200741,-0.0195191241796985,-0.22769069973264638,0.9735347387741602
1785259733.0912828,0.9348313212394714,-0.28607940673828125,0.7494528293609619,0.002489005123121421,-0.01948808811530888,-0.2276907203654509,0.973535287051563
1785259733.1162663,0.9348313212394714,-0.28607940673828125,0.7494528293609619,0.002489005123121421,-0.01948808811530888,-0.2276907203654509,0.973535287051563
1785259733.1612217,0.9348313212394714,-0.28607940673828125,0.7494528293609619,0.002489005123121421,-0.01948808811530888,-0.2276907203654509,0.973535287051563
1785259733.191265,0.9348313212394714,-0.28607940673828125,0.7494538426399231,0.0024802361515688298,-0.019496640351979223,-0.22769073650153648,0.9735351344224851
1785259733.216299,0.9348313212394714,-0.28607940673828125,0.7494538426399231,0.0024802361515688298,-0.019496640351979223,-0.22769073650153648,0.9735351344224851
1785259733.2612355,0.9348313212394714,-0.28607940673828125,0.7494538426399231,0.0024802361515688298,-0.019496640351979223,-0.22769073650153648,0.9735351344224851
1785259733.351269,0.9348313212394714,-0.28607940673828125,0.7494612336158752,0.0024643199529677286,-0.019509101783170092,-0.22769081205712663,0.9735349075300535
1785259733.3762772,0.9348313212394714,-0.28607940673828125,0.7494612336158752,0.0024643199529677286,-0.019509101783170092,-0.22769081205712663,0.9735349075300535
1785259733.4212258,0.9348313212394714,-0.28607940673828125,0.7494528293609619,0.0024871199346340423,-0.019495377697035552,-0.22769064184711335,0.9735351642843366
1785259733.4262757,0.9348313212394714,-0.28607940673828125,0.7494528293609619,0.0024871199346340423,-0.019495377697035552,-0.22769064184711335,0.9735351642843366
1785259733.4312835,0.9348313212394714,-0.28607940673828125,0.7494528293609619,0.0024871199346340423,-0.019495377697035552,-0.22769064184711335,0.9735351642843366
1785259733.4962626,0.9348313212394714,-0.28607940673828125,0.7494538426399231,0.0024787315531958898,-0.019502467874776046,-0.2276906737169857,0.9735350362154337
1785259733.5462759,0.9348313212394714,-0.28607940673828125,0.7494538426399231,0.0024787315531958898,-0.019502467874776046,-0.2276906737169857,0.9735350362154337
1785259733.5762715,0.9348313212394714,-0.28607940673828125,0.7494538426399231,0.0024787315531958898,-0.019502467874776046,-0.2276906737169857,0.9735350362154337
1785259733.5812356,0.9348313212394714,-0.28607940673828125,0.7494538426399231,0.0024787315531958898,-0.019502467874776046,-0.2276906737169857,0.9735350362154337
1785259733.5962896,0.9348313212394714,-0.28607940673828125,0.7494612336158752,0.0024631155722419865,-0.0195138615583089,-0.22769076041552141,0.9735348272610295
1785259733.6112611,0.9348313212394714,-0.28607940673828125,0.7494612336158752,0.0024631155722419865,-0.0195138615583089,-0.22769076041552141,0.9735348272610295
1785259733.621282,0.9348313212394714,-0.28607940673828125,0.7494612336158752,0.0024631155722419865,-0.0195138615583089,-0.22769076041552141,0.9735348272610295
1785259733.6512747,0.9348313212394714,-0.28607940673828125,0.7494612336158752,0.0024631155722419865,-0.0195138615583089,-0.22769076041552141,0.9735348272610295
1785259733.656294,0.9348313212394714,-0.28607940673828125,0.7494612336158752,0.0024631155722419865,-0.0195138615583089,-0.22769076041552141,0.9735348272610295
1785259733.6612382,0.9348313212394714,-0.28607940673828125,0.7494612336158752,0.0024631155722419865,-0.0195138615583089,-0.22769076041552141,0.9735348272610295
1785259733.6662693,0.9348313212394714,-0.28607940673828125,0.7494612336158752,0.0024631155722419865,-0.0195138615583089,-0.22769076041552141,0.9735348272610295
1785259733.671263,0.9348313212394714,-0.28607940673828125,0.7494612336158752,0.0024631155722419865,-0.0195138615583089,-0.22769076041552141,0.9735348272610295
1785259733.6762636,0.9348313212394714,-0.28607940673828125,0.7494612336158752,0.0024631155722419865,-0.0195138615583089,-0.22769076041552141,0.9735348272610295
1785259733.6812255,0.9348313212394714,-0.28607940673828125,0.7494612336158752,0.0024631155722419865,-0.0195138615583089,-0.22769076041552141,0.9735348272610295
1785259733.6912851,0.9348313212394714,-0.28607940673828125,0.7494612336158752,0.0024631155722419865,-0.0195138615583089,-0.22769076041552141,0.9735348272610295
1785259733.6964412,0.9348313212394714,-0.28607940673828125,0.7494528293609619,0.0024861556755769185,-0.019499310039238014,-0.2276905986161896,0.9735350981036852
1785259733.7212412,0.9348313212394714,-0.28607940673828125,0.7494528293609619,0.0024861556755769185,-0.019499310039238014,-0.2276905986161896,0.9735350981036852
1785259733.726273,0.9348313212394714,-0.28607940673828125,0.7494528293609619,0.0024861556755769185,-0.019499310039238014,-0.2276905986161896,0.9735350981036852
1785259733.7362652,0.9348313212394714,-0.28607940673828125,0.7494528293609619,0.0024861556755769185,-0.019499310039238014,-0.2276905986161896,0.9735350981036852
1785259733.7412307,0.9348313212394714,-0.28607940673828125,0.7494528293609619,0.0024861556755769185,-0.019499310039238014,-0.2276905986161896,0.9735350981036852
1785259733.7462676,0.9348313212394714,-0.28607940673828125,0.7494528293609619,0.0024861556755769185,-0.019499310039238014,-0.2276905986161896,0.9735350981036852
1785259733.7513347,0.9348313212394714,-0.28607940673828125,0.7494528293609619,0.0024861556755769185,-0.019499310039238014,-0.2276905986161896,0.9735350981036852
1785259733.7612412,0.9348313212394714,-0.28607940673828125,0.7494528293609619,0.0024861556755769185,-0.019499310039238014,-0.2276905986161896,0.9735350981036852
1785259733.7662914,0.9348313212394714,-0.28607940673828125,0.7494528293609619,0.0024861556755769185,-0.019499310039238014,-0.2276905986161896,0.9735350981036852
1785259733.7762685,0.9348313212394714,-0.28607940673828125,0.7494528293609619,0.0024861556755769185,-0.019499310039238014,-0.2276905986161896,0.9735350981036852
1785259733.7812464,0.9348313212394714,-0.28607940673828125,0.7494528293609619,0.0024861556755769185,-0.019499310039238014,-0.2276905986161896,0.9735350981036852
1785259733.791285,0.9348313212394714,-0.28607940673828125,0.7494538426399231,0.0024779579306368855,-0.019505737162668638,-0.22769063732737643,0.9735349811977423
1785259733.8462753,0.9348313212394714,-0.28607940673828125,0.7494538426399231,0.0024779579306368855,-0.019505737162668638,-0.22769063732737643,0.9735349811977423
1785259733.85129,0.9348313212394714,-0.28607940673828125,0.7494538426399231,0.0024779579306368855,-0.019505737162668638,-0.22769063732737643,0.9735349811977423
1785259733.8612509,0.9348313212394714,-0.28607940673828125,0.7494538426399231,0.0024779579306368855,-0.019505737162668638,-0.22769063732737643,0.9735349811977423
1785259733.8712602,0.9348313212394714,-0.28607940673828125,0.7494538426399231,0.0024779579306368855,-0.019505737162668638,-0.22769063732737643,0.9735349811977423
1785259733.876261,0.9348313212394714,-0.28607940673828125,0.7494538426399231,0.0024779579306368855,-0.019505737162668638,-0.22769063732737643,0.9735349811977423
1785259733.8912926,0.9348313212394714,-0.28607940673828125,0.7494612336158752,0.002462492439967632,-0.01951659228026804,-0.2276907296648888,0.9735347812900265
1785259733.9062843,0.9348313212394714,-0.28607940673828125,0.7494612336158752,0.002462492439967632,-0.01951659228026804,-0.2276907296648888,0.9735347812900265
1785259733.9263346,0.9348313212394714,-0.28607940673828125,0.7494612336158752,0.002462492439967632,-0.01951659228026804,-0.2276907296648888,0.9735347812900265
1785259733.931288,0.9348313212394714,-0.28607940673828125,0.7494612336158752,0.002462492439967632,-0.01951659228026804,-0.2276907296648888,0.9735347812900265
1785259733.9363005,0.9348313212394714,-0.28607940673828125,0.7494612336158752,0.002462492439967632,-0.01951659228026804,-0.2276907296648888,0.9735347812900265
1785259733.9462821,0.9348313212394714,-0.28607940673828125,0.7494612336158752,0.002462492439967632,-0.01951659228026804,-0.2276907296648888,0.9735347812900265
1785259733.9513001,0.9348313212394714,-0.28607940673828125,0.7494612336158752,0.002462492439967632,-0.01951659228026804,-0.2276907296648888,0.9735347812900265
1785259733.9562738,0.9348313212394714,-0.28607940673828125,0.7494612336158752,0.002462492439967632,-0.01951659228026804,-0.2276907296648888,0.9735347812900265
1785259733.9612257,0.9348313212394714,-0.28607940673828125,0.7494612336158752,0.002462492439967632,-0.01951659228026804,-0.2276907296648888,0.9735347812900265
1785259733.966264,0.9348313212394714,-0.28607940673828125,0.7494612336158752,0.002462492439967632,-0.01951659228026804,-0.2276907296648888,0.9735347812900265
1785259733.9762604,0.9348313212394714,-0.28607940673828125,0.7494612336158752,0.002462492439967632,-0.01951659228026804,-0.2276907296648888,0.9735347812900265
1785259733.9812512,0.9348313212394714,-0.28607940673828125,0.7494612336158752,0.002462492439967632,-0.01951659228026804,-0.2276907296648888,0.9735347812900265
1785259733.9863517,0.9348313212394714,-0.28607940673828125,0.7494528293609619,0.002485656335330739,-0.01950158966669585,-0.22769057256806882,0.9735350598086745
1785259733.9912674,0.9348313212394714,-0.28607940673828125,0.7494528293609619,0.002485656335330739,-0.01950158966669585,-0.22769057256806882,0.9735350598086745
1785259734.0062764,0.9348313212394714,-0.28607940673828125,0.7494528293609619,0.002485656335330739,-0.01950158966669585,-0.22769057256806882,0.9735350598086745
1785259734.0112996,0.9348313212394714,-0.28607940673828125,0.7494528293609619,0.002485656335330739,-0.01950158966669585,-0.22769057256806882,0.9735350598086745
1785259734.0163004,0.9348313212394714,-0.28607940673828125,0.7494528293609619,0.002485656335330739,-0.01950158966669585,-0.22769057256806882,0.9735350598086745
1785259734.0262685,0.9348313212394714,-0.28607940673828125,0.7494528293609619,0.002485656335330739,-0.01950158966669585,-0.22769057256806882,0.9735350598086745
1785259734.0312707,0.9348313212394714,-0.28607940673828125,0.7494528293609619,0.002485656335330739,-0.01950158966669585,-0.22769057256806882,0.9735350598086745
1785259734.0362933,0.9348313212394714,-0.28607940673828125,0.7494528293609619,0.002485656335330739,-0.01950158966669585,-0.22769057256806882,0.9735350598086745
1785259734.0462775,0.9348313212394714,-0.28607940673828125,0.7494528293609619,0.002485656335330739,-0.01950158966669585,-0.22769057256806882,0.9735350598086745
1785259734.0512674,0.9348313212394714,-0.28607940673828125,0.7494528293609619,0.002485656335330739,-0.01950158966669585,-0.22769057256806882,0.9735350598086745
1785259734.0562887,0.9348313212394714,-0.28607940673828125,0.7494528293609619,0.002485656335330739,-0.01950158966669585,-0.22769057256806882,0.9735350598086745
1785259734.0612175,0.9348313212394714,-0.28607940673828125,0.7494528293609619,0.002485656335330739,-0.01950158966669585,-0.22769057256806882,0.9735350598086745
1785259734.0662653,0.9348313212394714,-0.28607940673828125,0.7494528293609619,0.002485656335330739,-0.01950158966669585,-0.22769057256806882,0.9735350598086745
1785259734.081243,0.9348313212394714,-0.28607940673828125,0.7494528293609619,0.002485656335330739,-0.01950158966669585,-0.22769057256806882,0.9735350598086745
1785259734.091271,0.9348313212394714,-0.28607940673828125,0.7494538426399231,0.0024775555423627383,-0.019507643569188174,-0.22769061530144025,0.9735349491746886
1785259734.1012275,0.9348313212394714,-0.28607940673828125,0.7494538426399231,0.0024775555423627383,-0.019507643569188174,-0.22769061530144025,0.9735349491746886
1785259734.1062686,0.9348313212394714,-0.28607940673828125,0.7494538426399231,0.0024775555423627383,-0.019507643569188174,-0.22769061530144025,0.9735349491746886
1785259734.1112795,0.9348313212394714,-0.28607940673828125,0.7494538426399231,0.0024775555423627383,-0.019507643569188174,-0.22769061530144025,0.9735349491746886
1785259734.1162686,0.9348313212394714,-0.28607940673828125,0.7494538426399231,0.0024775555423627383,-0.019507643569188174,-0.22769061530144025,0.9735349491746886
1785259734.12628,0.9348313212394714,-0.28607940673828125,0.7494538426399231,0.0024775555423627383,-0.019507643569188174,-0.22769061530144025,0.9735349491746886
1785259734.1362648,0.9348313212394714,-0.28607940673828125,0.7494538426399231,0.0024775555423627383,-0.019507643569188174,-0.22769061530144025,0.9735349491746886
1785259734.1412315,0.9348313212394714,-0.28607940673828125,0.7494538426399231,0.0024775555423627383,-0.019507643569188174,-0.22769061530144025,0.9735349491746886
1785259734.1462839,0.9348313212394714,-0.28607940673828125,0.7494538426399231,0.0024775555423627383,-0.019507643569188174,-0.22769061530144025,0.9735349491746886
1785259734.1512883,0.9348313212394714,-0.28607940673828125,0.7494538426399231,0.0024775555423627383,-0.019507643569188174,-0.22769061530144025,0.9735349491746886
1785259734.1562738,0.9348313212394714,-0.28607940673828125,0.7494538426399231,0.0024775555423627383,-0.019507643569188174,-0.22769061530144025,0.9735349491746886
1785259734.161223,0.9348313212394714,-0.28607940673828125,0.7494538426399231,0.0024775555423627383,-0.019507643569188174,-0.22769061530144025,0.9735349491746886
1785259734.1662724,0.9348313212394714,-0.28607940673828125,0.7494538426399231,0.0024775555423627383,-0.019507643569188174,-0.22769061530144025,0.9735349491746886
1785259734.171266,0.9348313212394714,-0.28607940673828125,0.7494538426399231,0.0024775555423627383,-0.019507643569188174,-0.22769061530144025,0.9735349491746886
1785259734.1762671,0.9348313212394714,-0.28607940673828125,0.7494538426399231,0.0024775555423627383,-0.019507643569188174,-0.22769061530144025,0.9735349491746886
1785259734.1812146,0.9348313212394714,-0.28607940673828125,0.7494538426399231,0.0024775555423627383,-0.019507643569188174,-0.22769061530144025,0.9735349491746886
1785259734.3762655,0.9348313212394714,-0.28607940673828125,0.7494528293609619,0.0024853958163158487,-0.019502924890977782,-0.22769055678278982,0.9735350374179023
1785259734.3812132,0.9348313212394714,-0.28607940673828125,0.7494528293609619,0.0024853958163158487,-0.019502924890977782,-0.22769055678278982,0.9735350374179023
1785259734.3862758,0.9348313212394714,-0.28607940673828125,0.7494528293609619,0.0024853958163158487,-0.019502924890977782,-0.22769055678278982,0.9735350374179023
1785259734.391265,0.9348313212394714,-0.28607940673828125,0.7494528293609619,0.0024853958163158487,-0.019502924890977782,-0.22769055678278982,0.9735350374179023
1785259734.3963306,0.9348313212394714,-0.28607940673828125,0.7494538426399231,0.002477346424638898,-0.019508761310253087,-0.22769060194412097,0.9735349304329843
1785259734.4012241,0.9348313212394714,-0.28607940673828125,0.7494538426399231,0.002477346424638898,-0.019508761310253087,-0.22769060194412097,0.9735349304329843
1785259734.4162738,0.9348313212394714,-0.28607940673828125,0.7494538426399231,0.002477346424638898,-0.019508761310253087,-0.22769060194412097,0.9735349304329843
1785259734.4263008,0.9348313212394714,-0.28607940673828125,0.7494538426399231,0.002477346424638898,-0.019508761310253087,-0.22769060194412097,0.9735349304329843
1785259734.4362733,0.9348313212394714,-0.28607940673828125,0.7494538426399231,0.002477346424638898,-0.019508761310253087,-0.22769060194412097,0.9735349304329843
1785259734.4412339,0.9348313212394714,-0.28607940673828125,0.7494538426399231,0.002477346424638898,-0.019508761310253087,-0.22769060194412097,0.9735349304329843
1785259734.4512773,0.9348313212394714,-0.28607940673828125,0.7494538426399231,0.002477346424638898,-0.019508761310253087,-0.22769060194412097,0.9735349304329843
1785259734.4562829,0.9348313212394714,-0.28607940673828125,0.7494538426399231,0.002477346424638898,-0.019508761310253087,-0.22769060194412097,0.9735349304329843
1785259734.4612248,0.9348313212394714,-0.28607940673828125,0.7494538426399231,0.002477346424638898,-0.019508761310253087,-0.22769060194412097,0.9735349304329843
1785259734.4812138,0.9348313212394714,-0.28607940673828125,0.7494538426399231,0.002477346424638898,-0.019508761310253087,-0.22769060194412097,0.9735349304329843
1785259734.4912653,0.9348313212394714,-0.28607940673828125,0.7494538426399231,0.002477346424638898,-0.019508761310253087,-0.22769060194412097,0.9735349304329843
1785259734.496338,0.9348313212394714,-0.28607940673828125,0.7494612336158752,0.002462000496200741,-0.0195191241796985,-0.22769069973264638,0.9735347387741602
1785259734.501228,0.9348313212394714,-0.28607940673828125,0.7494612336158752,0.002462000496200741,-0.0195191241796985,-0.22769069973264638,0.9735347387741602
1785259734.5112767,0.9348313212394714,-0.28607940673828125,0.7494612336158752,0.002462000496200741,-0.0195191241796985,-0.22769069973264638,0.9735347387741602
1785259734.5212102,0.9348313212394714,-0.28607940673828125,0.7494612336158752,0.002462000496200741,-0.0195191241796985,-0.22769069973264638,0.9735347387741602
1785259734.5462809,0.9348313212394714,-0.28607940673828125,0.7494612336158752,0.002462000496200741,-0.0195191241796985,-0.22769069973264638,0.9735347387741602
1785259734.5512981,0.9348313212394714,-0.28607940673828125,0.7494612336158752,0.002462000496200741,-0.0195191241796985,-0.22769069973264638,0.9735347387741602
1785259734.561265,0.9348313212394714,-0.28607940673828125,0.7494612336158752,0.002462000496200741,-0.0195191241796985,-0.22769069973264638,0.9735347387741602
1785259734.5662904,0.9348313212394714,-0.28607940673828125,0.7494612336158752,0.002462000496200741,-0.0195191241796985,-0.22769069973264638,0.9735347387741602
1785259734.5762627,0.9348313212394714,-0.28607940673828125,0.7494612336158752,0.002462000496200741,-0.0195191241796985,-0.22769069973264638,0.9735347387741602
1785259734.5812323,0.9348313212394714,-0.28607940673828125,0.7494612336158752,0.002462000496200741,-0.0195191241796985,-0.22769069973264638,0.9735347387741602
1785259734.5913284,0.9348313212394714,-0.28607940673828125,0.7494612336158752,0.002462000496200741,-0.0195191241796985,-0.22769069973264638,0.9735347387741602
1785259734.5962863,0.9348313212394714,-0.28607940673828125,0.7494612336158752,0.002462000496200741,-0.0195191241796985,-0.22769069973264638,0.9735347387741602
1785259734.6012406,0.9348313212394714,-0.28607940673828125,0.7494612336158752,0.002462000496200741,-0.0195191241796985,-0.22769069973264638,0.9735347387741602
1785259734.6164474,0.9348313212394714,-0.28607940673828125,0.7494528293609619,0.002489005123121421,-0.01948808811530888,-0.2276907203654509,0.973535287051563
1785259734.6312838,0.9348313212394714,-0.28607940673828125,0.7494528293609619,0.002489005123121421,-0.01948808811530888,-0.2276907203654509,0.973535287051563
1785259734.6462996,0.9348313212394714,-0.28607940673828125,0.7494528293609619,0.002489005123121421,-0.01948808811530888,-0.2276907203654509,0.973535287051563
1785259734.6512852,0.9348313212394714,-0.28607940673828125,0.7494528293609619,0.002489005123121421,-0.01948808811530888,-0.2276907203654509,0.973535287051563
1785259734.6562896,0.9348313212394714,-0.28607940673828125,0.7494528293609619,0.002489005123121421,-0.01948808811530888,-0.2276907203654509,0.973535287051563
1785259734.661242,0.9348313212394714,-0.28607940673828125,0.7494528293609619,0.002489005123121421,-0.01948808811530888,-0.2276907203654509,0.973535287051563
1785259734.6663036,0.9348313212394714,-0.28607940673828125,0.7494528293609619,0.002489005123121421,-0.01948808811530888,-0.2276907203654509,0.973535287051563
1785259734.6712878,0.9348313212394714,-0.28607940673828125,0.7494528293609619,0.002489005123121421,-0.01948808811530888,-0.2276907203654509,0.973535287051563
1785259734.6812234,0.9348313212394714,-0.28607940673828125,0.7494528293609619,0.002489005123121421,-0.01948808811530888,-0.2276907203654509,0.973535287051563
1785259734.7312655,0.9348313212394714,-0.28607940673828125,0.7494538426399231,0.0024802361515688298,-0.019496640351979223,-0.22769073650153648,0.9735351344224851
1785259734.7362735,0.9348313212394714,-0.28607940673828125,0.7494538426399231,0.0024802361515688298,-0.019496640351979223,-0.22769073650153648,0.9735351344224851
1785259734.7412162,0.9348313212394714,-0.28607940673828125,0.7494538426399231,0.0024802361515688298,-0.019496640351979223,-0.22769073650153648,0.9735351344224851
1785259734.7463415,0.9348313212394714,-0.28607940673828125,0.7494538426399231,0.0024802361515688298,-0.019496640351979223,-0.22769073650153648,0.9735351344224851
1785259734.7513053,0.9348313212394714,-0.28607940673828125,0.7494538426399231,0.0024802361515688298,-0.019496640351979223,-0.22769073650153648,0.9735351344224851
1785259734.7562938,0.9348313212394714,-0.28607940673828125,0.7494538426399231,0.0024802361515688298,-0.019496640351979223,-0.22769073650153648,0.9735351344224851
1785259734.7612662,0.9348313212394714,-0.28607940673828125,0.7494538426399231,0.0024802361515688298,-0.019496640351979223,-0.22769073650153648,0.9735351344224851
1785259734.7712777,0.9348313212394714,-0.28607940673828125,0.7494538426399231,0.0024802361515688298,-0.019496640351979223,-0.22769073650153648,0.9735351344224851
1785259734.7762685,0.9348313212394714,-0.28607940673828125,0.7494538426399231,0.0024802361515688298,-0.019496640351979223,-0.22769073650153648,0.9735351344224851
1785259734.7812316,0.9348313212394714,-0.28607940673828125,0.7494538426399231,0.0024802361515688298,-0.019496640351979223,-0.22769073650153648,0.9735351344224851
1785259734.7862916,0.9348313212394714,-0.28607940673828125,0.7494538426399231,0.0024802361515688298,-0.019496640351979223,-0.22769073650153648,0.9735351344224851
1785259734.7912838,0.9348313212394714,-0.28607940673828125,0.7494538426399231,0.0024802361515688298,-0.019496640351979223,-0.22769073650153648,0.9735351344224851
1785259734.80627,0.9348313212394714,-0.28607940673828125,0.7494612336158752,0.0024643199529677286,-0.019509101783170092,-0.22769081205712663,0.9735349075300535
1785259734.8112664,0.9348313212394714,-0.28607940673828125,0.7494612336158752,0.0024643199529677286,-0.019509101783170092,-0.22769081205712663,0.9735349075300535
1785259734.8312798,0.9348313212394714,-0.28607940673828125,0.7494612336158752,0.0024643199529677286,-0.019509101783170092,-0.22769081205712663,0.9735349075300535
1785259734.8412158,0.9348313212394714,-0.28607940673828125,0.7494612336158752,0.0024643199529677286,-0.019509101783170092,-0.22769081205712663,0.9735349075300535
1785259734.8462603,0.9348313212394714,-0.28607940673828125,0.7494612336158752,0.0024643199529677286,-0.019509101783170092,-0.22769081205712663,0.9735349075300535
1785259734.8562973,0.9348313212394714,-0.28607940673828125,0.7494612336158752,0.0024643199529677286,-0.019509101783170092,-0.22769081205712663,0.9735349075300535
1785259734.8612864,0.9348313212394714,-0.28607940673828125,0.7494612336158752,0.0024643199529677286,-0.019509101783170092,-0.22769081205712663,0.9735349075300535
1785259734.8662972,0.9348313212394714,-0.28607940673828125,0.7494612336158752,0.0024643199529677286,-0.019509101783170092,-0.22769081205712663,0.9735349075300535
1785259734.8712964,0.9348313212394714,-0.28607940673828125,0.7494612336158752,0.0024643199529677286,-0.019509101783170092,-0.22769081205712663,0.9735349075300535
1785259734.8762712,0.9348313212394714,-0.28607940673828125,0.7494612336158752,0.0024643199529677286,-0.019509101783170092,-0.22769081205712663,0.9735349075300535
1785259734.8862953,0.9348313212394714,-0.28607940673828125,0.7494612336158752,0.0024643199529677286,-0.019509101783170092,-0.22769081205712663,0.9735349075300535
1785259734.8912752,0.9348313212394714,-0.28607940673828125,0.7494612336158752,0.0024643199529677286,-0.019509101783170092,-0.22769081205712663,0.9735349075300535
1785259735.3462737,0.9348313212394714,-0.28607940673828125,0.7494528293609619,0.0024861556755769185,-0.019499310039238014,-0.2276905986161896,0.9735350981036852
1785259735.3564484,0.9348313212394714,-0.28607940673828125,0.7494538426399231,0.0024779579306368855,-0.019505737162668638,-0.22769063732737643,0.9735349811977423
1785259735.361242,0.9348313212394714,-0.28607940673828125,0.7494538426399231,0.0024779579306368855,-0.019505737162668638,-0.22769063732737643,0.9735349811977423
1785259735.3762794,0.9348313212394714,-0.28607940673828125,0.7494538426399231,0.0024779579306368855,-0.019505737162668638,-0.22769063732737643,0.9735349811977423
1785259735.3862903,0.9348313212394714,-0.28607940673828125,0.7494538426399231,0.0024779579306368855,-0.019505737162668638,-0.22769063732737643,0.9735349811977423
1785259735.411263,0.9348313212394714,-0.28607940673828125,0.7494612336158752,0.002462492439967632,-0.01951659228026804,-0.2276907296648888,0.9735347812900265
1785259735.4563303,0.9348313212394714,-0.28607940673828125,0.7494612336158752,0.002462492439967632,-0.01951659228026804,-0.2276907296648888,0.9735347812900265
1785259735.4612558,0.9348313212394714,-0.28607940673828125,0.7494612336158752,0.002462492439967632,-0.01951659228026804,-0.2276907296648888,0.9735347812900265
1785259735.4712746,0.9348313212394714,-0.28607940673828125,0.7494612336158752,0.002462492439967632,-0.01951659228026804,-0.2276907296648888,0.9735347812900265
1785259735.476267,0.9348313212394714,-0.28607940673828125,0.7494612336158752,0.002462492439967632,-0.01951659228026804,-0.2276907296648888,0.9735347812900265
1785259735.4812202,0.9348313212394714,-0.28607940673828125,0.7494612336158752,0.002462492439967632,-0.01951659228026804,-0.2276907296648888,0.9735347812900265
1785259735.486269,0.9348313212394714,-0.28607940673828125,0.7494612336158752,0.002462492439967632,-0.01951659228026804,-0.2276907296648888,0.9735347812900265
1785259735.6862614,0.9348313212394714,-0.28607940673828125,0.7494538426399231,0.0024775555423627383,-0.019507643569188174,-0.22769061530144025,0.9735349491746886
1785259735.6912706,0.9348313212394714,-0.28607940673828125,0.7494538426399231,0.0024775555423627383,-0.019507643569188174,-0.22769061530144025,0.9735349491746886
1785259735.7012126,0.9348313212394714,-0.28607940673828125,0.7494612336158752,0.002462168063912364,-0.01951818797508902,-0.2276907110377368,0.9735347544765539
1785259735.7112815,0.9348313212394714,-0.28607940673828125,0.7494612336158752,0.002462168063912364,-0.01951818797508902,-0.2276907110377368,0.9735347544765539
1785259735.7212284,0.9348313212394714,-0.28607940673828125,0.7494612336158752,0.002462168063912364,-0.01951818797508902,-0.2276907110377368,0.9735347544765539
1785259735.731277,0.9348313212394714,-0.28607940673828125,0.7494612336158752,0.002462168063912364,-0.01951818797508902,-0.2276907110377368,0.9735347544765539
1785259735.7363453,0.9348313212394714,-0.28607940673828125,0.7494612336158752,0.002462168063912364,-0.01951818797508902,-0.2276907110377368,0.9735347544765539
1785259735.751279,0.9348313212394714,-0.28607940673828125,0.7494612336158752,0.002462168063912364,-0.01951818797508902,-0.2276907110377368,0.9735347544765539
1785259735.7612202,0.9348313212394714,-0.28607940673828125,0.7494612336158752,0.002462168063912364,-0.01951818797508902,-0.2276907110377368,0.9735347544765539
1785259735.7662723,0.9348313212394714,-0.28607940673828125,0.7494612336158752,0.002462168063912364,-0.01951818797508902,-0.2276907110377368,0.9735347544765539
1785259735.7712803,0.9348313212394714,-0.28607940673828125,0.7494612336158752,0.002462168063912364,-0.01951818797508902,-0.2276907110377368,0.9735347544765539
1785259735.776288,0.9348313212394714,-0.28607940673828125,0.7494612336158752,0.002462168063912364,-0.01951818797508902,-0.2276907110377368,0.9735347544765539
1785259735.7862618,0.9348313212394714,-0.28607940673828125,0.7494612336158752,0.002462168063912364,-0.01951818797508902,-0.2276907110377368,0.9735347544765539
1785259735.7912729,0.9348313212394714,-0.28607940673828125,0.7494612336158752,0.002462168063912364,-0.01951818797508902,-0.2276907110377368,0.9735347544765539
1785259735.7962823,0.9348313212394714,-0.28607940673828125,0.7494612336158752,0.002462168063912364,-0.01951818797508902,-0.2276907110377368,0.9735347544765539
1785259735.801221,0.9348313212394714,-0.28607940673828125,0.7494612336158752,0.002462168063912364,-0.01951818797508902,-0.2276907110377368,0.9735347544765539
1785259735.816438,0.9348313212394714,-0.28607940673828125,0.7494528293609619,0.0024853958163158487,-0.019502924890977782,-0.22769055678278982,0.9735350374179023
1785259735.8412225,0.9348313212394714,-0.28607940673828125,0.7494528293609619,0.0024853958163158487,-0.019502924890977782,-0.22769055678278982,0.9735350374179023
1785259735.8462842,0.9348313212394714,-0.28607940673828125,0.7494528293609619,0.0024853958163158487,-0.019502924890977782,-0.22769055678278982,0.9735350374179023
1785259735.8512776,0.9348313212394714,-0.28607940673828125,0.7494528293609619,0.0024853958163158487,-0.019502924890977782,-0.22769055678278982,0.9735350374179023
1785259735.8612149,0.9348313212394714,-0.28607940673828125,0.7494528293609619,0.0024853958163158487,-0.019502924890977782,-0.22769055678278982,0.9735350374179023
1785259735.8662915,0.9348313212394714,-0.28607940673828125,0.7494528293609619,0.0024853958163158487,-0.019502924890977782,-0.22769055678278982,0.9735350374179023
1785259735.8712878,0.9348313212394714,-0.28607940673828125,0.7494528293609619,0.0024853958163158487,-0.019502924890977782,-0.22769055678278982,0.9735350374179023
1785259735.8762755,0.9348313212394714,-0.28607940673828125,0.7494528293609619,0.0024853958163158487,-0.019502924890977782,-0.22769055678278982,0.9735350374179023
1785259735.881222,0.9348313212394714,-0.28607940673828125,0.7494528293609619,0.0024853958163158487,-0.019502924890977782,-0.22769055678278982,0.9735350374179023
1785259735.8862624,0.9348313212394714,-0.28607940673828125,0.7494528293609619,0.0024853958163158487,-0.019502924890977782,-0.22769055678278982,0.9735350374179023
1785259735.8912919,0.9348313212394714,-0.28607940673828125,0.7494528293609619,0.0024853958163158487,-0.019502924890977782,-0.22769055678278982,0.9735350374179023
1785259735.8965282,0.9348313212394714,-0.28607940673828125,0.7494538426399231,0.002477346424638898,-0.019508761310253087,-0.22769060194412097,0.9735349304329843
1785259735.901236,0.9348313212394714,-0.28607940673828125,0.7494538426399231,0.002477346424638898,-0.019508761310253087,-0.22769060194412097,0.9735349304329843
1785259735.9112706,0.9348313212394714,-0.28607940673828125,0.7494538426399231,0.002477346424638898,-0.019508761310253087,-0.22769060194412097,0.9735349304329843
1785259735.91627,0.9348313212394714,-0.28607940673828125,0.7494538426399231,0.002477346424638898,-0.019508761310253087,-0.22769060194412097,0.9735349304329843
1785259735.921216,0.9348313212394714,-0.28607940673828125,0.7494538426399231,0.002477346424638898,-0.019508761310253087,-0.22769060194412097,0.9735349304329843
1785259735.926269,0.9348313212394714,-0.28607940673828125,0.7494538426399231,0.002477346424638898,-0.019508761310253087,-0.22769060194412097,0.9735349304329843
1785259735.931268,0.9348313212394714,-0.28607940673828125,0.7494538426399231,0.002477346424638898,-0.019508761310253087,-0.22769060194412097,0.9735349304329843
1785259735.9362679,0.9348313212394714,-0.28607940673828125,0.7494538426399231,0.002477346424638898,-0.019508761310253087,-0.22769060194412097,0.9735349304329843
1785259735.9612257,0.9348313212394714,-0.28607940673828125,0.7494538426399231,0.002477346424638898,-0.019508761310253087,-0.22769060194412097,0.9735349304329843
1785259736.0212226,0.9348313212394714,-0.28607940673828125,0.7494612336158752,0.002462000496200741,-0.0195191241796985,-0.22769069973264638,0.9735347387741602
1785259736.0262723,0.9348313212394714,-0.28607940673828125,0.7494612336158752,0.002462000496200741,-0.0195191241796985,-0.22769069973264638,0.9735347387741602
1785259736.0462682,0.9348313212394714,-0.28607940673828125,0.7494612336158752,0.002462000496200741,-0.0195191241796985,-0.22769069973264638,0.9735347387741602
1785259736.0712922,0.9348313212394714,-0.28607940673828125,0.7494612336158752,0.002462000496200741,-0.0195191241796985,-0.22769069973264638,0.9735347387741602
1785259736.0763056,0.9348313212394714,-0.28607940673828125,0.7494612336158752,0.002462000496200741,-0.0195191241796985,-0.22769069973264638,0.9735347387741602
1785259736.081254,0.9348313212394714,-0.28607940673828125,0.7494612336158752,0.002462000496200741,-0.0195191241796985,-0.22769069973264638,0.9735347387741602
1785259736.0912905,0.9348313212394714,-0.28607940673828125,0.7494612336158752,0.002462000496200741,-0.0195191241796985,-0.22769069973264638,0.9735347387741602
1785259736.1012387,0.9348313212394714,-0.28607940673828125,0.7494612336158752,0.002462000496200741,-0.0195191241796985,-0.22769069973264638,0.9735347387741602
1785259736.1262753,0.9348313212394714,-0.28607940673828125,0.7494528293609619,0.002489005123121421,-0.01948808811530888,-0.2276907203654509,0.973535287051563
1785259736.1412294,0.9348313212394714,-0.28607940673828125,0.7494528293609619,0.002489005123121421,-0.01948808811530888,-0.2276907203654509,0.973535287051563
1785259736.1512818,0.9348313212394714,-0.28607940673828125,0.7494528293609619,0.002489005123121421,-0.01948808811530888,-0.2276907203654509,0.973535287051563
1785259736.1662965,0.9348313212394714,-0.28607940673828125,0.7494528293609619,0.002489005123121421,-0.01948808811530888,-0.2276907203654509,0.973535287051563
1785259736.1762793,0.9348313212394714,-0.28607940673828125,0.7494528293609619,0.002489005123121421,-0.01948808811530888,-0.2276907203654509,0.973535287051563
1785259736.201232,0.9348313212394714,-0.28607940673828125,0.7494528293609619,0.002489005123121421,-0.01948808811530888,-0.2276907203654509,0.973535287051563
1785259736.2063725,0.9348313212394714,-0.28607940673828125,0.7494538426399231,0.0024802361515688298,-0.019496640351979223,-0.22769073650153648,0.9735351344224851
1785259736.2162697,0.9348313212394714,-0.28607940673828125,0.7494538426399231,0.0024802361515688298,-0.019496640351979223,-0.22769073650153648,0.9735351344224851
1785259736.2212162,0.9348313212394714,-0.28607940673828125,0.7494538426399231,0.0024802361515688298,-0.019496640351979223,-0.22769073650153648,0.9735351344224851
1785259736.231269,0.9348313212394714,-0.28607940673828125,0.7494538426399231,0.0024802361515688298,-0.019496640351979223,-0.22769073650153648,0.9735351344224851
1785259736.241245,0.9348313212394714,-0.28607940673828125,0.7494538426399231,0.0024802361515688298,-0.019496640351979223,-0.22769073650153648,0.9735351344224851
1785259736.246287,0.9348313212394714,-0.28607940673828125,0.7494538426399231,0.0024802361515688298,-0.019496640351979223,-0.22769073650153648,0.9735351344224851
1785259736.2512715,0.9348313212394714,-0.28607940673828125,0.7494538426399231,0.0024802361515688298,-0.019496640351979223,-0.22769073650153648,0.9735351344224851
1785259736.2562675,0.9348313212394714,-0.28607940673828125,0.7494538426399231,0.0024802361515688298,-0.019496640351979223,-0.22769073650153648,0.9735351344224851
1785259736.2663312,0.9348313212394714,-0.28607940673828125,0.7494538426399231,0.0024802361515688298,-0.019496640351979223,-0.22769073650153648,0.9735351344224851
1785259736.271295,0.9348313212394714,-0.28607940673828125,0.7494538426399231,0.0024802361515688298,-0.019496640351979223,-0.22769073650153648,0.9735351344224851
1785259736.276297,0.9348313212394714,-0.28607940673828125,0.7494538426399231,0.0024802361515688298,-0.019496640351979223,-0.22769073650153648,0.9735351344224851
1785259736.281248,0.9348313212394714,-0.28607940673828125,0.7494538426399231,0.0024802361515688298,-0.019496640351979223,-0.22769073650153648,0.9735351344224851
1785259736.2862678,0.9348313212394714,-0.28607940673828125,0.7494538426399231,0.0024802361515688298,-0.019496640351979223,-0.22769073650153648,0.9735351344224851
1785259736.2912776,0.9348313212394714,-0.28607940673828125,0.7494538426399231,0.0024802361515688298,-0.019496640351979223,-0.22769073650153648,0.9735351344224851
1785259736.306523,0.9348313212394714,-0.28607940673828125,0.7494612336158752,0.0024643199529677286,-0.019509101783170092,-0.22769081205712663,0.9735349075300535
1785259736.3162823,0.9348313212394714,-0.28607940673828125,0.7494612336158752,0.0024643199529677286,-0.019509101783170092,-0.22769081205712663,0.9735349075300535
1785259736.3363125,0.9348313212394714,-0.28607940673828125,0.7494612336158752,0.0024643199529677286,-0.019509101783170092,-0.22769081205712663,0.9735349075300535
1785259736.3412752,0.9348313212394714,-0.28607940673828125,0.7494612336158752,0.0024643199529677286,-0.019509101783170092,-0.22769081205712663,0.9735349075300535
1785259736.3562756,0.9348313212394714,-0.28607940673828125,0.7494612336158752,0.0024643199529677286,-0.019509101783170092,-0.22769081205712663,0.9735349075300535
1785259736.3612251,0.9348313212394714,-0.28607940673828125,0.7494612336158752,0.0024643199529677286,-0.019509101783170092,-0.22769081205712663,0.9735349075300535
1785259736.3663173,0.9348313212394714,-0.28607940673828125,0.7494612336158752,0.0024643199529677286,-0.019509101783170092,-0.22769081205712663,0.9735349075300535
1785259736.3712885,0.9348313212394714,-0.28607940673828125,0.7494612336158752,0.0024643199529677286,-0.019509101783170092,-0.22769081205712663,0.9735349075300535
1785259736.3763027,0.9348313212394714,-0.28607940673828125,0.7494612336158752,0.0024643199529677286,-0.019509101783170092,-0.22769081205712663,0.9735349075300535
1785259736.3812432,0.9348313212394714,-0.28607940673828125,0.7494612336158752,0.0024643199529677286,-0.019509101783170092,-0.22769081205712663,0.9735349075300535
1785259736.3862648,0.9348313212394714,-0.28607940673828125,0.7494612336158752,0.0024643199529677286,-0.019509101783170092,-0.22769081205712663,0.9735349075300535
1785259736.3912692,0.9348313212394714,-0.28607940673828125,0.7494612336158752,0.0024643199529677286,-0.019509101783170092,-0.22769081205712663,0.9735349075300535
1785259736.4412348,0.9348313212394714,-0.28607940673828125,0.7494528293609619,0.0024871199346340423,-0.019495377697035552,-0.22769064184711335,0.9735351642843366
1785259736.451264,0.9348313212394714,-0.28607940673828125,0.7494528293609619,0.0024871199346340423,-0.019495377697035552,-0.22769064184711335,0.9735351642843366
1785259736.466285,0.9348313212394714,-0.28607940673828125,0.7494528293609619,0.0024871199346340423,-0.019495377697035552,-0.22769064184711335,0.9735351642843366
1785259736.471334,0.9348313212394714,-0.28607940673828125,0.7494528293609619,0.0024871199346340423,-0.019495377697035552,-0.22769064184711335,0.9735351642843366
1785259736.4912856,0.9348313212394714,-0.28607940673828125,0.7494528293609619,0.0024871199346340423,-0.019495377697035552,-0.22769064184711335,0.9735351642843366
1785259736.5012405,0.9348313212394714,-0.28607940673828125,0.7494528293609619,0.0024871199346340423,-0.019495377697035552,-0.22769064184711335,0.9735351642843366
1785259736.5113008,0.9348313212394714,-0.28607940673828125,0.7494538426399231,0.0024787315531958898,-0.019502467874776046,-0.2276906737169857,0.9735350362154337
1785259736.5262613,0.9348313212394714,-0.28607940673828125,0.7494538426399231,0.0024787315531958898,-0.019502467874776046,-0.2276906737169857,0.9735350362154337
1785259736.5312588,0.9348313212394714,-0.28607940673828125,0.7494538426399231,0.0024787315531958898,-0.019502467874776046,-0.2276906737169857,0.9735350362154337
1785259736.5412505,0.9348313212394714,-0.28607940673828125,0.7494538426399231,0.0024787315531958898,-0.019502467874776046,-0.2276906737169857,0.9735350362154337
1785259736.5462813,0.9348313212394714,-0.28607940673828125,0.7494538426399231,0.0024787315531958898,-0.019502467874776046,-0.2276906737169857,0.9735350362154337
1785259736.551288,0.9348313212394714,-0.28607940673828125,0.7494538426399231,0.0024787315531958898,-0.019502467874776046,-0.2276906737169857,0.9735350362154337
1785259736.5612245,0.9348313212394714,-0.28607940673828125,0.7494538426399231,0.0024787315531958898,-0.019502467874776046,-0.2276906737169857,0.9735350362154337
1785259736.5663188,0.9348313212394714,-0.28607940673828125,0.7494538426399231,0.0024787315531958898,-0.019502467874776046,-0.2276906737169857,0.9735350362154337
1785259736.5812867,0.9348313212394714,-0.28607940673828125,0.7494538426399231,0.0024787315531958898,-0.019502467874776046,-0.2276906737169857,0.9735350362154337
1785259736.5912738,0.9348313212394714,-0.28607940673828125,0.7494538426399231,0.0024787315531958898,-0.019502467874776046,-0.2276906737169857,0.9735350362154337
1785259736.6112652,0.9348313212394714,-0.28607940673828125,0.7494612336158752,0.0024631155722419865,-0.0195138615583089,-0.22769076041552141,0.9735348272610295
1785259736.6212327,0.9348313212394714,-0.28607940673828125,0.7494612336158752,0.0024631155722419865,-0.0195138615583089,-0.22769076041552141,0.9735348272610295
1785259736.6262965,0.9348313212394714,-0.28607940673828125,0.7494612336158752,0.0024631155722419865,-0.0195138615583089,-0.22769076041552141,0.9735348272610295
1785259736.6312952,0.9348313212394714,-0.28607940673828125,0.7494612336158752,0.0024631155722419865,-0.0195138615583089,-0.22769076041552141,0.9735348272610295
1785259736.6412852,0.9348313212394714,-0.28607940673828125,0.7494612336158752,0.0024631155722419865,-0.0195138615583089,-0.22769076041552141,0.9735348272610295
1785259736.6462765,0.9348313212394714,-0.28607940673828125,0.7494612336158752,0.0024631155722419865,-0.0195138615583089,-0.22769076041552141,0.9735348272610295
1785259736.651265,0.9348313212394714,-0.28607940673828125,0.7494612336158752,0.0024631155722419865,-0.0195138615583089,-0.22769076041552141,0.9735348272610295
1785259736.6562924,0.9348313212394714,-0.28607940673828125,0.7494612336158752,0.0024631155722419865,-0.0195138615583089,-0.22769076041552141,0.9735348272610295
1785259736.6612208,0.9348313212394714,-0.28607940673828125,0.7494612336158752,0.0024631155722419865,-0.0195138615583089,-0.22769076041552141,0.9735348272610295
1785259736.6662962,0.9348313212394714,-0.28607940673828125,0.7494612336158752,0.0024631155722419865,-0.0195138615583089,-0.22769076041552141,0.9735348272610295
1785259736.671276,0.9348313212394714,-0.28607940673828125,0.7494612336158752,0.0024631155722419865,-0.0195138615583089,-0.22769076041552141,0.9735348272610295
1785259736.676279,0.9348313212394714,-0.28607940673828125,0.7494612336158752,0.0024631155722419865,-0.0195138615583089,-0.22769076041552141,0.9735348272610295
1785259736.6812418,0.9348313212394714,-0.28607940673828125,0.7494612336158752,0.0024631155722419865,-0.0195138615583089,-0.22769076041552141,0.9735348272610295
1785259736.6862764,0.9348313212394714,-0.28607940673828125,0.7494612336158752,0.0024631155722419865,-0.0195138615583089,-0.22769076041552141,0.9735348272610295
1785259736.6912723,0.9348313212394714,-0.28607940673828125,0.7494612336158752,0.0024631155722419865,-0.0195138615583089,-0.22769076041552141,0.9735348272610295
1785259736.6962998,0.9348313212394714,-0.28607940673828125,0.7494612336158752,0.0024631155722419865,-0.0195138615583089,-0.22769076041552141,0.9735348272610295
1785259736.706352,0.9348313212394714,-0.28607940673828125,0.7494528293609619,0.0024861556755769185,-0.019499310039238014,-0.2276905986161896,0.9735350981036852
1785259736.7112849,0.9348313212394714,-0.28607940673828125,0.7494528293609619,0.0024861556755769185,-0.019499310039238014,-0.2276905986161896,0.9735350981036852
1785259736.7162793,0.9348313212394714,-0.28607940673828125,0.7494528293609619,0.0024861556755769185,-0.019499310039238014,-0.2276905986161896,0.9735350981036852
1785259736.7262878,0.9348313212394714,-0.28607940673828125,0.7494528293609619,0.0024861556755769185,-0.019499310039238014,-0.2276905986161896,0.9735350981036852
1785259736.7362761,0.9348313212394714,-0.28607940673828125,0.7494528293609619,0.0024861556755769185,-0.019499310039238014,-0.2276905986161896,0.9735350981036852
1785259736.7412238,0.9348313212394714,-0.28607940673828125,0.7494528293609619,0.0024861556755769185,-0.019499310039238014,-0.2276905986161896,0.9735350981036852
1785259736.7462885,0.9348313212394714,-0.28607940673828125,0.7494528293609619,0.0024861556755769185,-0.019499310039238014,-0.2276905986161896,0.9735350981036852
1785259736.7512763,0.9348313212394714,-0.28607940673828125,0.7494528293609619,0.0024861556755769185,-0.019499310039238014,-0.2276905986161896,0.9735350981036852
1785259736.75628,0.9348313212394714,-0.28607940673828125,0.7494528293609619,0.0024861556755769185,-0.019499310039238014,-0.2276905986161896,0.9735350981036852
1785259736.761242,0.9348313212394714,-0.28607940673828125,0.7494528293609619,0.0024861556755769185,-0.019499310039238014,-0.2276905986161896,0.9735350981036852
1785259736.7662752,0.9348313212394714,-0.28607940673828125,0.7494528293609619,0.0024861556755769185,-0.019499310039238014,-0.2276905986161896,0.9735350981036852
1785259736.771296,0.9348313212394714,-0.28607940673828125,0.7494528293609619,0.0024861556755769185,-0.019499310039238014,-0.2276905986161896,0.9735350981036852
1785259736.7762904,0.9348313212394714,-0.28607940673828125,0.7494528293609619,0.0024861556755769185,-0.019499310039238014,-0.2276905986161896,0.9735350981036852
1785259736.7812383,0.9348313212394714,-0.28607940673828125,0.7494528293609619,0.0024861556755769185,-0.019499310039238014,-0.2276905986161896,0.9735350981036852
1785259736.786282,0.9348313212394714,-0.28607940673828125,0.7494528293609619,0.0024861556755769185,-0.019499310039238014,-0.2276905986161896,0.9735350981036852
1785259736.7912798,0.9348313212394714,-0.28607940673828125,0.7494528293609619,0.0024861556755769185,-0.019499310039238014,-0.2276905986161896,0.9735350981036852
1785259736.7963138,0.9348313212394714,-0.28607940673828125,0.7494528293609619,0.0024861556755769185,-0.019499310039238014,-0.2276905986161896,0.9735350981036852
1785259736.841241,0.9348313212394714,-0.28607940673828125,0.7494538426399231,0.0024779579306368855,-0.019505737162668638,-0.22769063732737643,0.9735349811977423
1785259736.8512633,0.9348313212394714,-0.28607940673828125,0.7494538426399231,0.0024779579306368855,-0.019505737162668638,-0.22769063732737643,0.9735349811977423
1785259736.8562624,0.9348313212394714,-0.28607940673828125,0.7494538426399231,0.0024779579306368855,-0.019505737162668638,-0.22769063732737643,0.9735349811977423
1785259736.861211,0.9348313212394714,-0.28607940673828125,0.7494538426399231,0.0024779579306368855,-0.019505737162668638,-0.22769063732737643,0.9735349811977423
1785259736.8663025,0.9348313212394714,-0.28607940673828125,0.7494538426399231,0.0024779579306368855,-0.019505737162668638,-0.22769063732737643,0.9735349811977423
1785259736.8712826,0.9348313212394714,-0.28607940673828125,0.7494538426399231,0.0024779579306368855,-0.019505737162668638,-0.22769063732737643,0.9735349811977423
1785259736.8812253,0.9348313212394714,-0.28607940673828125,0.7494538426399231,0.0024779579306368855,-0.019505737162668638,-0.22769063732737643,0.9735349811977423
1785259736.8962765,0.9348313212394714,-0.28607940673828125,0.7494538426399231,0.0024779579306368855,-0.019505737162668638,-0.22769063732737643,0.9735349811977423
1785259736.9012313,0.9348313212394714,-0.28607940673828125,0.7494538426399231,0.0024779579306368855,-0.019505737162668638,-0.22769063732737643,0.9735349811977423
1785259736.91627,0.9348313212394714,-0.28607940673828125,0.7494612336158752,0.002462492439967632,-0.01951659228026804,-0.2276907296648888,0.9735347812900265
1785259736.9312782,0.9348313212394714,-0.28607940673828125,0.7494612336158752,0.002462492439967632,-0.01951659228026804,-0.2276907296648888,0.9735347812900265
1785259736.936287,0.9348313212394714,-0.28607940673828125,0.7494612336158752,0.002462492439967632,-0.01951659228026804,-0.2276907296648888,0.9735347812900265
1785259737.1412408,0.9348313212394714,-0.28607940673828125,0.7494538426399231,0.0024775555423627383,-0.019507643569188174,-0.22769061530144025,0.9735349491746886
1785259737.1562788,0.9348313212394714,-0.28607940673828125,0.7494538426399231,0.0024775555423627383,-0.019507643569188174,-0.22769061530144025,0.9735349491746886
1785259737.1662986,0.9348313212394714,-0.28607940673828125,0.7494538426399231,0.0024775555423627383,-0.019507643569188174,-0.22769061530144025,0.9735349491746886
1785259737.1712708,0.9348313212394714,-0.28607940673828125,0.7494538426399231,0.0024775555423627383,-0.019507643569188174,-0.22769061530144025,0.9735349491746886
1785259737.176302,0.9348313212394714,-0.28607940673828125,0.7494538426399231,0.0024775555423627383,-0.019507643569188174,-0.22769061530144025,0.9735349491746886
1785259737.1812425,0.9348313212394714,-0.28607940673828125,0.7494538426399231,0.0024775555423627383,-0.019507643569188174,-0.22769061530144025,0.9735349491746886
1785259737.1862717,0.9348313212394714,-0.28607940673828125,0.7494538426399231,0.0024775555423627383,-0.019507643569188174,-0.22769061530144025,0.9735349491746886
1785259737.1912618,0.9348313212394714,-0.28607940673828125,0.7494538426399231,0.0024775555423627383,-0.019507643569188174,-0.22769061530144025,0.9735349491746886
1785259737.2012215,0.9348313212394714,-0.28607940673828125,0.7494538426399231,0.0024775555423627383,-0.019507643569188174,-0.22769061530144025,0.9735349491746886
1785259737.2063339,0.9348313212394714,-0.28607940673828125,0.7494612336158752,0.002462168063912364,-0.01951818797508902,-0.2276907110377368,0.9735347544765539
1785259737.211283,0.9348313212394714,-0.28607940673828125,0.7494612336158752,0.002462168063912364,-0.01951818797508902,-0.2276907110377368,0.9735347544765539
1785259737.2212214,0.9348313212394714,-0.28607940673828125,0.7494612336158752,0.002462168063912364,-0.01951818797508902,-0.2276907110377368,0.9735347544765539
1785259737.2562828,0.9348313212394714,-0.28607940673828125,0.7494612336158752,0.002462168063912364,-0.01951818797508902,-0.2276907110377368,0.9735347544765539
1785259737.2612274,0.9348313212394714,-0.28607940673828125,0.7494612336158752,0.002462168063912364,-0.01951818797508902,-0.2276907110377368,0.9735347544765539
1785259737.2662995,0.9348313212394714,-0.28607940673828125,0.7494612336158752,0.002462168063912364,-0.01951818797508902,-0.2276907110377368,0.9735347544765539
1785259737.2712693,0.9348313212394714,-0.28607940673828125,0.7494612336158752,0.002462168063912364,-0.01951818797508902,-0.2276907110377368,0.9735347544765539
1785259737.2762651,0.9348313212394714,-0.28607940673828125,0.7494612336158752,0.002462168063912364,-0.01951818797508902,-0.2276907110377368,0.9735347544765539
1785259737.2812138,0.9348313212394714,-0.28607940673828125,0.7494612336158752,0.002462168063912364,-0.01951818797508902,-0.2276907110377368,0.9735347544765539
1785259737.2912781,0.9348313212394714,-0.28607940673828125,0.7494612336158752,0.002462168063912364,-0.01951818797508902,-0.2276907110377368,0.9735347544765539
1785259737.296261,0.9348313212394714,-0.28607940673828125,0.7494612336158752,0.002462168063912364,-0.01951818797508902,-0.2276907110377368,0.9735347544765539
1785259737.301226,0.9348313212394714,-0.28607940673828125,0.7494612336158752,0.002462168063912364,-0.01951818797508902,-0.2276907110377368,0.9735347544765539
1785259737.3812182,0.9348313212394714,-0.28607940673828125,0.7494528293609619,0.0024853958163158487,-0.019502924890977782,-0.22769055678278982,0.9735350374179023
1785259737.39626,0.9348313212394714,-0.28607940673828125,0.7494528293609619,0.0024853958163158487,-0.019502924890977782,-0.22769055678278982,0.9735350374179023
1785259737.401232,0.9348313212394714,-0.28607940673828125,0.7494528293609619,0.0024853958163158487,-0.019502924890977782,-0.22769055678278982,0.9735350374179023
1785259737.4112816,0.9348313212394714,-0.28607940673828125,0.7494528293609619,0.0024853958163158487,-0.019502924890977782,-0.22769055678278982,0.9735350374179023
1785259737.4212492,0.9348313212394714,-0.28607940673828125,0.7494538426399231,0.002477346424638898,-0.019508761310253087,-0.22769060194412097,0.9735349304329843
1785259737.4312763,0.9348313212394714,-0.28607940673828125,0.7494538426399231,0.002477346424638898,-0.019508761310253087,-0.22769060194412097,0.9735349304329843
1785259737.4462605,0.9348313212394714,-0.28607940673828125,0.7494538426399231,0.002477346424638898,-0.019508761310253087,-0.22769060194412097,0.9735349304329843
1785259737.4562645,0.9348313212394714,-0.28607940673828125,0.7494538426399231,0.002477346424638898,-0.019508761310253087,-0.22769060194412097,0.9735349304329843
1785259737.4612558,0.9348313212394714,-0.28607940673828125,0.7494538426399231,0.002477346424638898,-0.019508761310253087,-0.22769060194412097,0.9735349304329843
1785259737.4713094,0.9348313212394714,-0.28607940673828125,0.7494538426399231,0.002477346424638898,-0.019508761310253087,-0.22769060194412097,0.9735349304329843
1785259737.4762802,0.9348313212394714,-0.28607940673828125,0.7494538426399231,0.002477346424638898,-0.019508761310253087,-0.22769060194412097,0.9735349304329843
1785259737.4812338,0.9348313212394714,-0.28607940673828125,0.7494538426399231,0.002477346424638898,-0.019508761310253087,-0.22769060194412097,0.9735349304329843
1785259737.5012088,0.9348313212394714,-0.28607940673828125,0.7494538426399231,0.002477346424638898,-0.019508761310253087,-0.22769060194412097,0.9735349304329843
1785259737.5062788,0.9348313212394714,-0.28607940673828125,0.7494538426399231,0.002477346424638898,-0.019508761310253087,-0.22769060194412097,0.9735349304329843
1785259737.5112627,0.9348313212394714,-0.28607940673828125,0.7494538426399231,0.002477346424638898,-0.019508761310253087,-0.22769060194412097,0.9735349304329843
1785259737.5212247,0.9348313212394714,-0.28607940673828125,0.7494612336158752,0.002462000496200741,-0.0195191241796985,-0.22769069973264638,0.9735347387741602
1785259737.5262785,0.9348313212394714,-0.28607940673828125,0.7494612336158752,0.002462000496200741,-0.0195191241796985,-0.22769069973264638,0.9735347387741602
1785259737.5362768,0.9348313212394714,-0.28607940673828125,0.7494612336158752,0.002462000496200741,-0.0195191241796985,-0.22769069973264638,0.9735347387741602
1785259737.541241,0.9348313212394714,-0.28607940673828125,0.7494612336158752,0.002462000496200741,-0.0195191241796985,-0.22769069973264638,0.9735347387741602
1785259737.5462987,0.9348313212394714,-0.28607940673828125,0.7494612336158752,0.002462000496200741,-0.0195191241796985,-0.22769069973264638,0.9735347387741602
1785259737.5512805,0.9348313212394714,-0.28607940673828125,0.7494612336158752,0.002462000496200741,-0.0195191241796985,-0.22769069973264638,0.9735347387741602
1785259737.556281,0.9348313212394714,-0.28607940673828125,0.7494612336158752,0.002462000496200741,-0.0195191241796985,-0.22769069973264638,0.9735347387741602
1785259737.5612261,0.9348313212394714,-0.28607940673828125,0.7494612336158752,0.002462000496200741,-0.0195191241796985,-0.22769069973264638,0.9735347387741602
1785259737.5712812,0.9348313212394714,-0.28607940673828125,0.7494612336158752,0.002462000496200741,-0.0195191241796985,-0.22769069973264638,0.9735347387741602
1785259737.5762732,0.9348313212394714,-0.28607940673828125,0.7494612336158752,0.002462000496200741,-0.0195191241796985,-0.22769069973264638,0.9735347387741602
1785259737.5812194,0.9348313212394714,-0.28607940673828125,0.7494612336158752,0.002462000496200741,-0.0195191241796985,-0.22769069973264638,0.9735347387741602
1785259737.5862691,0.9348313212394714,-0.28607940673828125,0.7494612336158752,0.002462000496200741,-0.0195191241796985,-0.22769069973264638,0.9735347387741602
1785259737.6462777,0.9348313212394714,-0.28607940673828125,0.7494528293609619,0.002489005123121421,-0.01948808811530888,-0.2276907203654509,0.973535287051563
1785259737.66124,0.9348313212394714,-0.28607940673828125,0.7494528293609619,0.002489005123121421,-0.01948808811530888,-0.2276907203654509,0.973535287051563
1785259737.6762655,0.9348313212394714,-0.28607940673828125,0.7494528293609619,0.002489005123121421,-0.01948808811530888,-0.2276907203654509,0.973535287051563
1785259737.681217,0.9348313212394714,-0.28607940673828125,0.7494528293609619,0.002489005123121421,-0.01948808811530888,-0.2276907203654509,0.973535287051563
1785259737.6862679,0.9348313212394714,-0.28607940673828125,0.7494528293609619,0.002489005123121421,-0.01948808811530888,-0.2276907203654509,0.973535287051563
1785259737.7612164,0.9348313212394714,-0.28607940673828125,0.7494538426399231,0.0024802361515688298,-0.019496640351979223,-0.22769073650153648,0.9735351344224851
1785259737.7712617,0.9348313212394714,-0.28607940673828125,0.7494538426399231,0.0024802361515688298,-0.019496640351979223,-0.22769073650153648,0.9735351344224851
1785259737.7762709,0.9348313212394714,-0.28607940673828125,0.7494538426399231,0.0024802361515688298,-0.019496640351979223,-0.22769073650153648,0.9735351344224851
1785259737.7812185,0.9348313212394714,-0.28607940673828125,0.7494538426399231,0.0024802361515688298,-0.019496640351979223,-0.22769073650153648,0.9735351344224851
1785259737.7912655,0.9348313212394714,-0.28607940673828125,0.7494538426399231,0.0024802361515688298,-0.019496640351979223,-0.22769073650153648,0.9735351344224851
1785259737.7962625,0.9348313212394714,-0.28607940673828125,0.7494538426399231,0.0024802361515688298,-0.019496640351979223,-0.22769073650153648,0.9735351344224851
1785259737.8012125,0.9348313212394714,-0.28607940673828125,0.7494538426399231,0.0024802361515688298,-0.019496640351979223,-0.22769073650153648,0.9735351344224851
1785259737.8062994,0.9348313212394714,-0.28607940673828125,0.7494538426399231,0.0024802361515688298,-0.019496640351979223,-0.22769073650153648,0.9735351344224851
1785259737.8163211,0.9348313212394714,-0.28607940673828125,0.7494612336158752,0.0024643199529677286,-0.019509101783170092,-0.22769081205712663,0.9735349075300535
1785259737.8212256,0.9348313212394714,-0.28607940673828125,0.7494612336158752,0.0024643199529677286,-0.019509101783170092,-0.22769081205712663,0.9735349075300535
1785259737.8312771,0.9348313212394714,-0.28607940673828125,0.7494612336158752,0.0024643199529677286,-0.019509101783170092,-0.22769081205712663,0.9735349075300535
1785259737.8362997,0.9348313212394714,-0.28607940673828125,0.7494612336158752,0.0024643199529677286,-0.019509101783170092,-0.22769081205712663,0.9735349075300535
1785259737.8462992,0.9348313212394714,-0.28607940673828125,0.7494612336158752,0.0024643199529677286,-0.019509101783170092,-0.22769081205712663,0.9735349075300535
1785259737.8712826,0.9348313212394714,-0.28607940673828125,0.7494612336158752,0.0024643199529677286,-0.019509101783170092,-0.22769081205712663,0.9735349075300535
1785259737.8812208,0.9348313212394714,-0.28607940673828125,0.7494612336158752,0.0024643199529677286,-0.019509101783170092,-0.22769081205712663,0.9735349075300535
1785259737.886349,0.9348313212394714,-0.28607940673828125,0.7494612336158752,0.0024643199529677286,-0.019509101783170092,-0.22769081205712663,0.9735349075300535
1785259737.896274,0.9348313212394714,-0.28607940673828125,0.7494612336158752,0.0024643199529677286,-0.019509101783170092,-0.22769081205712663,0.9735349075300535
1785259737.9012456,0.9348313212394714,-0.28607940673828125,0.7494612336158752,0.0024643199529677286,-0.019509101783170092,-0.22769081205712663,0.9735349075300535
1785259737.9163468,0.9348313212394714,-0.28607940673828125,0.7494528293609619,0.0024871199346340423,-0.019495377697035552,-0.22769064184711335,0.9735351642843366
1785259737.9262686,0.9348313212394714,-0.28607940673828125,0.7494528293609619,0.0024871199346340423,-0.019495377697035552,-0.22769064184711335,0.9735351642843366
1785259737.9362886,0.9348313212394714,-0.28607940673828125,0.7494528293609619,0.0024871199346340423,-0.019495377697035552,-0.22769064184711335,0.9735351642843366
1785259737.9412122,0.9348313212394714,-0.28607940673828125,0.7494528293609619,0.0024871199346340423,-0.019495377697035552,-0.22769064184711335,0.9735351642843366
1785259737.946267,0.9348313212394714,-0.28607940673828125,0.7494528293609619,0.0024871199346340423,-0.019495377697035552,-0.22769064184711335,0.9735351642843366
1785259737.951328,0.9348313212394714,-0.28607940673828125,0.7494528293609619,0.0024871199346340423,-0.019495377697035552,-0.22769064184711335,0.9735351642843366
1785259737.9612122,0.9348313212394714,-0.28607940673828125,0.7494528293609619,0.0024871199346340423,-0.019495377697035552,-0.22769064184711335,0.9735351642843366
1785259737.9712586,0.9348313212394714,-0.28607940673828125,0.7494528293609619,0.0024871199346340423,-0.019495377697035552,-0.22769064184711335,0.9735351642843366
1785259737.9762769,0.9348313212394714,-0.28607940673828125,0.7494528293609619,0.0024871199346340423,-0.019495377697035552,-0.22769064184711335,0.9735351642843366
1785259737.9812346,0.9348313212394714,-0.28607940673828125,0.7494528293609619,0.0024871199346340423,-0.019495377697035552,-0.22769064184711335,0.9735351642843366
1785259737.9862747,0.9348313212394714,-0.28607940673828125,0.7494528293609619,0.0024871199346340423,-0.019495377697035552,-0.22769064184711335,0.9735351642843366
1785259737.9912968,0.9348313212394714,-0.28607940673828125,0.7494528293609619,0.0024871199346340423,-0.019495377697035552,-0.22769064184711335,0.9735351642843366
1785259737.996273,0.9348313212394714,-0.28607940673828125,0.7494528293609619,0.0024871199346340423,-0.019495377697035552,-0.22769064184711335,0.9735351642843366
1785259738.0012145,0.9348313212394714,-0.28607940673828125,0.7494528293609619,0.0024871199346340423,-0.019495377697035552,-0.22769064184711335,0.9735351642843366
1785259738.0062625,0.9348313212394714,-0.28607940673828125,0.7494528293609619,0.0024871199346340423,-0.019495377697035552,-0.22769064184711335,0.9735351642843366
1785259738.0112603,0.9348313212394714,-0.28607940673828125,0.7494528293609619,0.0024871199346340423,-0.019495377697035552,-0.22769064184711335,0.9735351642843366
1785259738.031268,0.9348313212394714,-0.28607940673828125,0.7494538426399231,0.0024787315531958898,-0.019502467874776046,-0.2276906737169857,0.9735350362154337
1785259738.071277,0.9348313212394714,-0.28607940673828125,0.7494538426399231,0.0024787315531958898,-0.019502467874776046,-0.2276906737169857,0.9735350362154337
1785259738.076275,0.9348313212394714,-0.28607940673828125,0.7494538426399231,0.0024787315531958898,-0.019502467874776046,-0.2276906737169857,0.9735350362154337
1785259738.0812268,0.9348313212394714,-0.28607940673828125,0.7494538426399231,0.0024787315531958898,-0.019502467874776046,-0.2276906737169857,0.9735350362154337
1785259738.0862763,0.9348313212394714,-0.28607940673828125,0.7494538426399231,0.0024787315531958898,-0.019502467874776046,-0.2276906737169857,0.9735350362154337
1785259738.0962684,0.9348313212394714,-0.28607940673828125,0.7494538426399231,0.0024787315531958898,-0.019502467874776046,-0.2276906737169857,0.9735350362154337
1785259738.1012146,0.9348313212394714,-0.28607940673828125,0.7494538426399231,0.0024787315531958898,-0.019502467874776046,-0.2276906737169857,0.9735350362154337
1785259738.1062946,0.9348313212394714,-0.28607940673828125,0.7494538426399231,0.0024787315531958898,-0.019502467874776046,-0.2276906737169857,0.9735350362154337
1785259738.111276,0.9348313212394714,-0.28607940673828125,0.7494538426399231,0.0024787315531958898,-0.019502467874776046,-0.2276906737169857,0.9735350362154337
1785259738.3112729,0.9348313212394714,-0.28607940673828125,0.7494528293609619,0.0024861556755769185,-0.019499310039238014,-0.2276905986161896,0.9735350981036852
1785259738.3412259,0.9348313212394714,-0.28607940673828125,0.7494538426399231,0.0024779579306368855,-0.019505737162668638,-0.22769063732737643,0.9735349811977423
1785259738.3512993,0.9348313212394714,-0.28607940673828125,0.7494538426399231,0.0024779579306368855,-0.019505737162668638,-0.22769063732737643,0.9735349811977423
1785259738.3712769,0.9348313212394714,-0.28607940673828125,0.7494538426399231,0.0024779579306368855,-0.019505737162668638,-0.22769063732737643,0.9735349811977423
1785259738.3762932,0.9348313212394714,-0.28607940673828125,0.7494538426399231,0.0024779579306368855,-0.019505737162668638,-0.22769063732737643,0.9735349811977423
1785259738.406262,0.9348313212394714,-0.28607940673828125,0.7494538426399231,0.0024779579306368855,-0.019505737162668638,-0.22769063732737643,0.9735349811977423
1785259738.411275,0.9348313212394714,-0.28607940673828125,0.7494538426399231,0.0024779579306368855,-0.019505737162668638,-0.22769063732737643,0.9735349811977423
1785259738.4762588,0.9348313212394714,-0.28607940673828125,0.7494612336158752,0.002462492439967632,-0.01951659228026804,-0.2276907296648888,0.9735347812900265
1785259738.4812355,0.9348313212394714,-0.28607940673828125,0.7494612336158752,0.002462492439967632,-0.01951659228026804,-0.2276907296648888,0.9735347812900265
1785259738.486271,0.9348313212394714,-0.28607940673828125,0.7494612336158752,0.002462492439967632,-0.01951659228026804,-0.2276907296648888,0.9735347812900265
1785259738.4912646,0.9348313212394714,-0.28607940673828125,0.7494612336158752,0.002462492439967632,-0.01951659228026804,-0.2276907296648888,0.9735347812900265
1785259738.501211,0.9348313212394714,-0.28607940673828125,0.7494612336158752,0.002462492439967632,-0.01951659228026804,-0.2276907296648888,0.9735347812900265
1785259738.5062602,0.9348313212394714,-0.28607940673828125,0.7494612336158752,0.002462492439967632,-0.01951659228026804,-0.2276907296648888,0.9735347812900265
1785259738.511267,0.9348313212394714,-0.28607940673828125,0.7494612336158752,0.002462492439967632,-0.01951659228026804,-0.2276907296648888,0.9735347812900265
1785259738.5212107,0.9348313212394714,-0.28607940673828125,0.7494528293609619,0.002485656335330739,-0.01950158966669585,-0.22769057256806882,0.9735350598086745
1785259738.5362592,0.9348313212394714,-0.28607940673828125,0.7494528293609619,0.002485656335330739,-0.01950158966669585,-0.22769057256806882,0.9735350598086745
1785259738.5512593,0.9348313212394714,-0.28607940673828125,0.7494528293609619,0.002485656335330739,-0.01950158966669585,-0.22769057256806882,0.9735350598086745
1785259738.5612123,0.9348313212394714,-0.28607940673828125,0.7494528293609619,0.002485656335330739,-0.01950158966669585,-0.22769057256806882,0.9735350598086745
1785259738.5712588,0.9348313212394714,-0.28607940673828125,0.7494528293609619,0.002485656335330739,-0.01950158966669585,-0.22769057256806882,0.9735350598086745
1785259738.5762596,0.9348313212394714,-0.28607940673828125,0.7494528293609619,0.002485656335330739,-0.01950158966669585,-0.22769057256806882,0.9735350598086745
1785259738.5863082,0.9348313212394714,-0.28607940673828125,0.7494528293609619,0.002485656335330739,-0.01950158966669585,-0.22769057256806882,0.9735350598086745
1785259738.5912857,0.9348313212394714,-0.28607940673828125,0.7494528293609619,0.002485656335330739,-0.01950158966669585,-0.22769057256806882,0.9735350598086745
1785259738.6812472,0.9348313212394714,-0.28607940673828125,0.7494538426399231,0.0024775555423627383,-0.019507643569188174,-0.22769061530144025,0.9735349491746886
1785259738.6912832,0.9348313212394714,-0.28607940673828125,0.7494538426399231,0.0024775555423627383,-0.019507643569188174,-0.22769061530144025,0.9735349491746886
1785259738.706266,0.9348313212394714,-0.28607940673828125,0.7494538426399231,0.0024775555423627383,-0.019507643569188174,-0.22769061530144025,0.9735349491746886
1785259738.7462778,0.9348313212394714,-0.28607940673828125,0.7494612336158752,0.002462168063912364,-0.01951818797508902,-0.2276907110377368,0.9735347544765539
1785259738.7663229,0.9348313212394714,-0.28607940673828125,0.7494612336158752,0.002462168063912364,-0.01951818797508902,-0.2276907110377368,0.9735347544765539
1785259738.7712731,0.9348313212394714,-0.28607940673828125,0.7494612336158752,0.002462168063912364,-0.01951818797508902,-0.2276907110377368,0.9735347544765539
1785259738.8012161,0.9348313212394714,-0.28607940673828125,0.7494612336158752,0.002462168063912364,-0.01951818797508902,-0.2276907110377368,0.9735347544765539
1785259738.8062708,0.9348313212394714,-0.28607940673828125,0.7494612336158752,0.002462168063912364,-0.01951818797508902,-0.2276907110377368,0.9735347544765539
1785259738.8762589,0.9348313212394714,-0.28607940673828125,0.7494528293609619,0.0024853958163158487,-0.019502924890977782,-0.22769055678278982,0.9735350374179023
1785259738.8812342,0.9348313212394714,-0.28607940673828125,0.7494528293609619,0.0024853958163158487,-0.019502924890977782,-0.22769055678278982,0.9735350374179023
1785259738.8912768,0.9348313212394714,-0.28607940673828125,0.7494528293609619,0.0024853958163158487,-0.019502924890977782,-0.22769055678278982,0.9735350374179023
1785259738.8962672,0.9348313212394714,-0.28607940673828125,0.7494528293609619,0.0024853958163158487,-0.019502924890977782,-0.22769055678278982,0.9735350374179023
1785259738.9012127,0.9348313212394714,-0.28607940673828125,0.7494528293609619,0.0024853958163158487,-0.019502924890977782,-0.22769055678278982,0.9735350374179023
1785259738.9062605,0.9348313212394714,-0.28607940673828125,0.7494528293609619,0.0024853958163158487,-0.019502924890977782,-0.22769055678278982,0.9735350374179023
1785259738.9163508,0.9348313212394714,-0.28607940673828125,0.7494538426399231,0.002477346424638898,-0.019508761310253087,-0.22769060194412097,0.9735349304329843
1785259738.9262636,0.9348313212394714,-0.28607940673828125,0.7494538426399231,0.002477346424638898,-0.019508761310253087,-0.22769060194412097,0.9735349304329843
1785259738.9362767,0.9348313212394714,-0.28607940673828125,0.7494538426399231,0.002477346424638898,-0.019508761310253087,-0.22769060194412097,0.9735349304329843
1785259738.941241,0.9348313212394714,-0.28607940673828125,0.7494538426399231,0.002477346424638898,-0.019508761310253087,-0.22769060194412097,0.9735349304329843
1785259738.9512615,0.9348313212394714,-0.28607940673828125,0.7494538426399231,0.002477346424638898,-0.019508761310253087,-0.22769060194412097,0.9735349304329843
1785259738.9562604,0.9348313212394714,-0.28607940673828125,0.7494538426399231,0.002477346424638898,-0.019508761310253087,-0.22769060194412097,0.9735349304329843
1785259738.9662817,0.9348313212394714,-0.28607940673828125,0.7494538426399231,0.002477346424638898,-0.019508761310253087,-0.22769060194412097,0.9735349304329843
1785259738.9712608,0.9348313212394714,-0.28607940673828125,0.7494538426399231,0.002477346424638898,-0.019508761310253087,-0.22769060194412097,0.9735349304329843
1785259738.9762595,0.9348313212394714,-0.28607940673828125,0.7494538426399231,0.002477346424638898,-0.019508761310253087,-0.22769060194412097,0.9735349304329843
1785259738.9812376,0.9348313212394714,-0.28607940673828125,0.7494538426399231,0.002477346424638898,-0.019508761310253087,-0.22769060194412097,0.9735349304329843
1785259738.9862719,0.9348313212394714,-0.28607940673828125,0.7494538426399231,0.002477346424638898,-0.019508761310253087,-0.22769060194412097,0.9735349304329843
1785259738.9912732,0.9348313212394714,-0.28607940673828125,0.7494538426399231,0.002477346424638898,-0.019508761310253087,-0.22769060194412097,0.9735349304329843
1785259739.006262,0.9348313212394714,-0.28607940673828125,0.7494538426399231,0.002477346424638898,-0.019508761310253087,-0.22769060194412097,0.9735349304329843
1785259739.0112598,0.9348313212394714,-0.28607940673828125,0.7494538426399231,0.002477346424638898,-0.019508761310253087,-0.22769060194412097,0.9735349304329843
1785259739.0212145,0.9348313212394714,-0.28607940673828125,0.7494538426399231,0.002477346424638898,-0.019508761310253087,-0.22769060194412097,0.9735349304329843
1785259739.041227,0.9348313212394714,-0.28607940673828125,0.7494612336158752,0.002462000496200741,-0.0195191241796985,-0.22769069973264638,0.9735347387741602
1785259739.046299,0.9348313212394714,-0.28607940673828125,0.7494612336158752,0.002462000496200741,-0.0195191241796985,-0.22769069973264638,0.9735347387741602
1785259739.0562932,0.9348313212394714,-0.28607940673828125,0.7494612336158752,0.002462000496200741,-0.0195191241796985,-0.22769069973264638,0.9735347387741602
1785259739.0662627,0.9348313212394714,-0.28607940673828125,0.7494612336158752,0.002462000496200741,-0.0195191241796985,-0.22769069973264638,0.9735347387741602
1785259739.076261,0.9348313212394714,-0.28607940673828125,0.7494612336158752,0.002462000496200741,-0.0195191241796985,-0.22769069973264638,0.9735347387741602
1785259739.111261,0.9348313212394714,-0.28607940673828125,0.7494612336158752,0.002462000496200741,-0.0195191241796985,-0.22769069973264638,0.9735347387741602
1785259739.1162724,0.9348313212394714,-0.28607940673828125,0.7494612336158752,0.002462000496200741,-0.0195191241796985,-0.22769069973264638,0.9735347387741602
1785259739.1264198,0.9348313212394714,-0.28607940673828125,0.7494528293609619,0.002489005123121421,-0.01948808811530888,-0.2276907203654509,0.973535287051563
1785259739.1362987,0.9348313212394714,-0.28607940673828125,0.7494528293609619,0.002489005123121421,-0.01948808811530888,-0.2276907203654509,0.973535287051563
1785259739.1412401,0.9348313212394714,-0.28607940673828125,0.7494528293609619,0.002489005123121421,-0.01948808811530888,-0.2276907203654509,0.973535287051563
1785259739.1662655,0.9348313212394714,-0.28607940673828125,0.7494528293609619,0.002489005123121421,-0.01948808811530888,-0.2276907203654509,0.973535287051563
1785259739.1812437,0.9348313212394714,-0.28607940673828125,0.7494528293609619,0.002489005123121421,-0.01948808811530888,-0.2276907203654509,0.973535287051563
1785259739.1862886,0.9348313212394714,-0.28607940673828125,0.7494528293609619,0.002489005123121421,-0.01948808811530888,-0.2276907203654509,0.973535287051563
1785259739.1913173,0.9348313212394714,-0.28607940673828125,0.7494528293609619,0.002489005123121421,-0.01948808811530888,-0.2276907203654509,0.973535287051563
1785259739.1963086,0.9348313212394714,-0.28607940673828125,0.7494528293609619,0.002489005123121421,-0.01948808811530888,-0.2276907203654509,0.973535287051563
1785259739.2062857,0.9348313212394714,-0.28607940673828125,0.7494528293609619,0.002489005123121421,-0.01948808811530888,-0.2276907203654509,0.973535287051563
1785259739.2112951,0.9348313212394714,-0.28607940673828125,0.7494528293609619,0.002489005123121421,-0.01948808811530888,-0.2276907203654509,0.973535287051563
1785259739.221224,0.9348313212394714,-0.28607940673828125,0.7494528293609619,0.002489005123121421,-0.01948808811530888,-0.2276907203654509,0.973535287051563
1785259739.2362795,0.9348313212394714,-0.28607940673828125,0.7494538426399231,0.0024802361515688298,-0.019496640351979223,-0.22769073650153648,0.9735351344224851
1785259739.2412255,0.9348313212394714,-0.28607940673828125,0.7494538426399231,0.0024802361515688298,-0.019496640351979223,-0.22769073650153648,0.9735351344224851
1785259739.2462595,0.9348313212394714,-0.28607940673828125,0.7494538426399231,0.0024802361515688298,-0.019496640351979223,-0.22769073650153648,0.9735351344224851
1785259739.2512753,0.9348313212394714,-0.28607940673828125,0.7494538426399231,0.0024802361515688298,-0.019496640351979223,-0.22769073650153648,0.9735351344224851
1785259739.2562745,0.9348313212394714,-0.28607940673828125,0.7494538426399231,0.0024802361515688298,-0.019496640351979223,-0.22769073650153648,0.9735351344224851
1785259739.2612224,0.9348313212394714,-0.28607940673828125,0.7494538426399231,0.0024802361515688298,-0.019496640351979223,-0.22769073650153648,0.9735351344224851
1785259739.2663038,0.9348313212394714,-0.28607940673828125,0.7494538426399231,0.0024802361515688298,-0.019496640351979223,-0.22769073650153648,0.9735351344224851
1785259739.2712796,0.9348313212394714,-0.28607940673828125,0.7494538426399231,0.0024802361515688298,-0.019496640351979223,-0.22769073650153648,0.9735351344224851
1785259739.2762764,0.9348313212394714,-0.28607940673828125,0.7494538426399231,0.0024802361515688298,-0.019496640351979223,-0.22769073650153648,0.9735351344224851
1785259739.281241,0.9348313212394714,-0.28607940673828125,0.7494538426399231,0.0024802361515688298,-0.019496640351979223,-0.22769073650153648,0.9735351344224851
1785259739.2863095,0.9348313212394714,-0.28607940673828125,0.7494538426399231,0.0024802361515688298,-0.019496640351979223,-0.22769073650153648,0.9735351344224851
1785259739.2912843,0.9348313212394714,-0.28607940673828125,0.7494538426399231,0.0024802361515688298,-0.019496640351979223,-0.22769073650153648,0.9735351344224851
1785259739.2962897,0.9348313212394714,-0.28607940673828125,0.7494538426399231,0.0024802361515688298,-0.019496640351979223,-0.22769073650153648,0.9735351344224851
1785259739.306274,0.9348313212394714,-0.28607940673828125,0.7494538426399231,0.0024802361515688298,-0.019496640351979223,-0.22769073650153648,0.9735351344224851
1785259739.3112712,0.9348313212394714,-0.28607940673828125,0.7494538426399231,0.0024802361515688298,-0.019496640351979223,-0.22769073650153648,0.9735351344224851
1785259739.321228,0.9348313212394714,-0.28607940673828125,0.7494538426399231,0.0024802361515688298,-0.019496640351979223,-0.22769073650153648,0.9735351344224851
1785259739.3263872,0.9348313212394714,-0.28607940673828125,0.7494612336158752,0.0024643199529677286,-0.019509101783170092,-0.22769081205712663,0.9735349075300535
1785259739.341222,0.9348313212394714,-0.28607940673828125,0.7494612336158752,0.0024643199529677286,-0.019509101783170092,-0.22769081205712663,0.9735349075300535
1785259739.3462834,0.9348313212394714,-0.28607940673828125,0.7494612336158752,0.0024643199529677286,-0.019509101783170092,-0.22769081205712663,0.9735349075300535
1785259739.3512654,0.9348313212394714,-0.28607940673828125,0.7494612336158752,0.0024643199529677286,-0.019509101783170092,-0.22769081205712663,0.9735349075300535
1785259739.3562796,0.9348313212394714,-0.28607940673828125,0.7494612336158752,0.0024643199529677286,-0.019509101783170092,-0.22769081205712663,0.9735349075300535
1785259739.3612857,0.9348313212394714,-0.28607940673828125,0.7494612336158752,0.0024643199529677286,-0.019509101783170092,-0.22769081205712663,0.9735349075300535
1785259739.3662963,0.9348313212394714,-0.28607940673828125,0.7494612336158752,0.0024643199529677286,-0.019509101783170092,-0.22769081205712663,0.9735349075300535
1785259739.3762622,0.9348313212394714,-0.28607940673828125,0.7494612336158752,0.0024643199529677286,-0.019509101783170092,-0.22769081205712663,0.9735349075300535
1785259739.3812172,0.9348313212394714,-0.28607940673828125,0.7494612336158752,0.0024643199529677286,-0.019509101783170092,-0.22769081205712663,0.9735349075300535
1785259739.3863633,0.9348313212394714,-0.28607940673828125,0.7494612336158752,0.0024643199529677286,-0.019509101783170092,-0.22769081205712663,0.9735349075300535
1785259739.3963046,0.9348313212394714,-0.28607940673828125,0.7494612336158752,0.0024643199529677286,-0.019509101783170092,-0.22769081205712663,0.9735349075300535
1785259739.4012365,0.9348313212394714,-0.28607940673828125,0.7494612336158752,0.0024643199529677286,-0.019509101783170092,-0.22769081205712663,0.9735349075300535
1785259739.4062784,0.9348313212394714,-0.28607940673828125,0.7494612336158752,0.0024643199529677286,-0.019509101783170092,-0.22769081205712663,0.9735349075300535
1785259739.4112916,0.9348313212394714,-0.28607940673828125,0.7494612336158752,0.0024643199529677286,-0.019509101783170092,-0.22769081205712663,0.9735349075300535
1785259739.4212282,0.9348313212394714,-0.28607940673828125,0.7494612336158752,0.0024643199529677286,-0.019509101783170092,-0.22769081205712663,0.9735349075300535
1785259739.4313312,0.9348313212394714,-0.28607940673828125,0.7494528293609619,0.0024871199346340423,-0.019495377697035552,-0.22769064184711335,0.9735351642843366
1785259739.4412355,0.9348313212394714,-0.28607940673828125,0.7494528293609619,0.0024871199346340423,-0.019495377697035552,-0.22769064184711335,0.9735351642843366
1785259739.4462912,0.9348313212394714,-0.28607940673828125,0.7494528293609619,0.0024871199346340423,-0.019495377697035552,-0.22769064184711335,0.9735351642843366
1785259739.4512646,0.9348313212394714,-0.28607940673828125,0.7494528293609619,0.0024871199346340423,-0.019495377697035552,-0.22769064184711335,0.9735351642843366
1785259739.4562726,0.9348313212394714,-0.28607940673828125,0.7494528293609619,0.0024871199346340423,-0.019495377697035552,-0.22769064184711335,0.9735351642843366
1785259739.4612508,0.9348313212394714,-0.28607940673828125,0.7494528293609619,0.0024871199346340423,-0.019495377697035552,-0.22769064184711335,0.9735351642843366
1785259739.4712884,0.9348313212394714,-0.28607940673828125,0.7494528293609619,0.0024871199346340423,-0.019495377697035552,-0.22769064184711335,0.9735351642843366
1785259739.4762657,0.9348313212394714,-0.28607940673828125,0.7494528293609619,0.0024871199346340423,-0.019495377697035552,-0.22769064184711335,0.9735351642843366
1785259739.4812632,0.9348313212394714,-0.28607940673828125,0.7494528293609619,0.0024871199346340423,-0.019495377697035552,-0.22769064184711335,0.9735351642843366
1785259739.48628,0.9348313212394714,-0.28607940673828125,0.7494528293609619,0.0024871199346340423,-0.019495377697035552,-0.22769064184711335,0.9735351642843366
1785259739.4912732,0.9348313212394714,-0.28607940673828125,0.7494528293609619,0.0024871199346340423,-0.019495377697035552,-0.22769064184711335,0.9735351642843366
1785259739.4962769,0.9348313212394714,-0.28607940673828125,0.7494528293609619,0.0024871199346340423,-0.019495377697035552,-0.22769064184711335,0.9735351642843366
1785259739.5012345,0.9348313212394714,-0.28607940673828125,0.7494528293609619,0.0024871199346340423,-0.019495377697035552,-0.22769064184711335,0.9735351642843366
1785259739.506267,0.9348313212394714,-0.28607940673828125,0.7494528293609619,0.0024871199346340423,-0.019495377697035552,-0.22769064184711335,0.9735351642843366
1785259739.5112767,0.9348313212394714,-0.28607940673828125,0.7494528293609619,0.0024871199346340423,-0.019495377697035552,-0.22769064184711335,0.9735351642843366
1785259739.716277,0.9348313212394714,-0.28607940673828125,0.7494612336158752,0.0024631155722419865,-0.0195138615583089,-0.22769076041552141,0.9735348272610295
1785259739.7264287,0.9348313212394714,-0.28607940673828125,0.7494528293609619,0.0024861556755769185,-0.019499310039238014,-0.2276905986161896,0.9735350981036852
1785259739.7312899,0.9348313212394714,-0.28607940673828125,0.7494528293609619,0.0024861556755769185,-0.019499310039238014,-0.2276905986161896,0.9735350981036852
1785259739.7362828,0.9348313212394714,-0.28607940673828125,0.7494528293609619,0.0024861556755769185,-0.019499310039238014,-0.2276905986161896,0.9735350981036852
1785259739.7412493,0.9348313212394714,-0.28607940673828125,0.7494528293609619,0.0024861556755769185,-0.019499310039238014,-0.2276905986161896,0.9735350981036852
1785259739.7462838,0.9348313212394714,-0.28607940673828125,0.7494528293609619,0.0024861556755769185,-0.019499310039238014,-0.2276905986161896,0.9735350981036852
1785259739.776262,0.9348313212394714,-0.28607940673828125,0.7494528293609619,0.0024861556755769185,-0.019499310039238014,-0.2276905986161896,0.9735350981036852
1785259739.7812622,0.9348313212394714,-0.28607940673828125,0.7494528293609619,0.0024861556755769185,-0.019499310039238014,-0.2276905986161896,0.9735350981036852
1785259739.7863033,0.9348313212394714,-0.28607940673828125,0.7494528293609619,0.0024861556755769185,-0.019499310039238014,-0.2276905986161896,0.9735350981036852
1785259739.791302,0.9348313212394714,-0.28607940673828125,0.7494528293609619,0.0024861556755769185,-0.019499310039238014,-0.2276905986161896,0.9735350981036852
1785259739.7962894,0.9348313212394714,-0.28607940673828125,0.7494528293609619,0.0024861556755769185,-0.019499310039238014,-0.2276905986161896,0.9735350981036852
1785259739.8012416,0.9348313212394714,-0.28607940673828125,0.7494528293609619,0.0024861556755769185,-0.019499310039238014,-0.2276905986161896,0.9735350981036852
1785259739.8062806,0.9348313212394714,-0.28607940673828125,0.7494528293609619,0.0024861556755769185,-0.019499310039238014,-0.2276905986161896,0.9735350981036852
1785259739.8112695,0.9348313212394714,-0.28607940673828125,0.7494528293609619,0.0024861556755769185,-0.019499310039238014,-0.2276905986161896,0.9735350981036852
1785259739.8163157,0.9348313212394714,-0.28607940673828125,0.7494528293609619,0.0024861556755769185,-0.019499310039238014,-0.2276905986161896,0.9735350981036852
1785259739.826443,0.9348313212394714,-0.28607940673828125,0.7494538426399231,0.0024779579306368855,-0.019505737162668638,-0.22769063732737643,0.9735349811977423
1785259739.831269,0.9348313212394714,-0.28607940673828125,0.7494538426399231,0.0024779579306368855,-0.019505737162668638,-0.22769063732737643,0.9735349811977423
1785259739.8362768,0.9348313212394714,-0.28607940673828125,0.7494538426399231,0.0024779579306368855,-0.019505737162668638,-0.22769063732737643,0.9735349811977423
1785259739.8412235,0.9348313212394714,-0.28607940673828125,0.7494538426399231,0.0024779579306368855,-0.019505737162668638,-0.22769063732737643,0.9735349811977423
1785259739.84628,0.9348313212394714,-0.28607940673828125,0.7494538426399231,0.0024779579306368855,-0.019505737162668638,-0.22769063732737643,0.9735349811977423
1785259739.851277,0.9348313212394714,-0.28607940673828125,0.7494538426399231,0.0024779579306368855,-0.019505737162668638,-0.22769063732737643,0.9735349811977423
1785259739.8562746,0.9348313212394714,-0.28607940673828125,0.7494538426399231,0.0024779579306368855,-0.019505737162668638,-0.22769063732737643,0.9735349811977423
1785259739.8612409,0.9348313212394714,-0.28607940673828125,0.7494538426399231,0.0024779579306368855,-0.019505737162668638,-0.22769063732737643,0.9735349811977423
1785259739.8662949,0.9348313212394714,-0.28607940673828125,0.7494538426399231,0.0024779579306368855,-0.019505737162668638,-0.22769063732737643,0.9735349811977423
1785259739.8713024,0.9348313212394714,-0.28607940673828125,0.7494538426399231,0.0024779579306368855,-0.019505737162668638,-0.22769063732737643,0.9735349811977423
1785259739.876345,0.9348313212394714,-0.28607940673828125,0.7494538426399231,0.0024779579306368855,-0.019505737162668638,-0.22769063732737643,0.9735349811977423
1785259739.8812442,0.9348313212394714,-0.28607940673828125,0.7494538426399231,0.0024779579306368855,-0.019505737162668638,-0.22769063732737643,0.9735349811977423
1785259739.8863428,0.9348313212394714,-0.28607940673828125,0.7494538426399231,0.0024779579306368855,-0.019505737162668638,-0.22769063732737643,0.9735349811977423
1785259739.8962805,0.9348313212394714,-0.28607940673828125,0.7494538426399231,0.0024779579306368855,-0.019505737162668638,-0.22769063732737643,0.9735349811977423
1785259739.9012191,0.9348313212394714,-0.28607940673828125,0.7494538426399231,0.0024779579306368855,-0.019505737162668638,-0.22769063732737643,0.9735349811977423
1785259739.9062684,0.9348313212394714,-0.28607940673828125,0.7494538426399231,0.0024779579306368855,-0.019505737162668638,-0.22769063732737643,0.9735349811977423
1785259739.9112597,0.9348313212394714,-0.28607940673828125,0.7494538426399231,0.0024779579306368855,-0.019505737162668638,-0.22769063732737643,0.9735349811977423
1785259739.9162593,0.9348313212394714,-0.28607940673828125,0.7494538426399231,0.0024779579306368855,-0.019505737162668638,-0.22769063732737643,0.9735349811977423
1785259739.9212177,0.9348313212394714,-0.28607940673828125,0.7494538426399231,0.0024779579306368855,-0.019505737162668638,-0.22769063732737643,0.9735349811977423
1785259739.9312837,0.9348313212394714,-0.28607940673828125,0.7494612336158752,0.002462492439967632,-0.01951659228026804,-0.2276907296648888,0.9735347812900265
1785259739.9362676,0.9348313212394714,-0.28607940673828125,0.7494612336158752,0.002462492439967632,-0.01951659228026804,-0.2276907296648888,0.9735347812900265
1785259739.9412217,0.9348313212394714,-0.28607940673828125,0.7494612336158752,0.002462492439967632,-0.01951659228026804,-0.2276907296648888,0.9735347812900265
1785259739.9512985,0.9348313212394714,-0.28607940673828125,0.7494612336158752,0.002462492439967632,-0.01951659228026804,-0.2276907296648888,0.9735347812900265
1785259739.9562848,0.9348313212394714,-0.28607940673828125,0.7494612336158752,0.002462492439967632,-0.01951659228026804,-0.2276907296648888,0.9735347812900265
1785259739.9612405,0.9348313212394714,-0.28607940673828125,0.7494612336158752,0.002462492439967632,-0.01951659228026804,-0.2276907296648888,0.9735347812900265
1785259739.9662707,0.9348313212394714,-0.28607940673828125,0.7494612336158752,0.002462492439967632,-0.01951659228026804,-0.2276907296648888,0.9735347812900265
1785259739.9712622,0.9348313212394714,-0.28607940673828125,0.7494612336158752,0.002462492439967632,-0.01951659228026804,-0.2276907296648888,0.9735347812900265
1785259739.9762766,0.9348313212394714,-0.28607940673828125,0.7494612336158752,0.002462492439967632,-0.01951659228026804,-0.2276907296648888,0.9735347812900265
1785259739.981241,0.9348313212394714,-0.28607940673828125,0.7494612336158752,0.002462492439967632,-0.01951659228026804,-0.2276907296648888,0.9735347812900265
1785259739.9862766,0.9348313212394714,-0.28607940673828125,0.7494612336158752,0.002462492439967632,-0.01951659228026804,-0.2276907296648888,0.9735347812900265
1785259739.9912703,0.9348313212394714,-0.28607940673828125,0.7494612336158752,0.002462492439967632,-0.01951659228026804,-0.2276907296648888,0.9735347812900265
1785259739.9962773,0.9348313212394714,-0.28607940673828125,0.7494612336158752,0.002462492439967632,-0.01951659228026804,-0.2276907296648888,0.9735347812900265
1785259740.0012167,0.9348313212394714,-0.28607940673828125,0.7494612336158752,0.002462492439967632,-0.01951659228026804,-0.2276907296648888,0.9735347812900265
1785259740.0062628,0.9348313212394714,-0.28607940673828125,0.7494612336158752,0.002462492439967632,-0.01951659228026804,-0.2276907296648888,0.9735347812900265
1785259740.0162597,0.9348313212394714,-0.28607940673828125,0.7494612336158752,0.002462492439967632,-0.01951659228026804,-0.2276907296648888,0.9735347812900265
1785259740.0212123,0.9348313212394714,-0.28607940673828125,0.7494612336158752,0.002462492439967632,-0.01951659228026804,-0.2276907296648888,0.9735347812900265
1785259740.031283,0.9348313212394714,-0.28607940673828125,0.7494528293609619,0.002485656335330739,-0.01950158966669585,-0.22769057256806882,0.9735350598086745
1785259740.0362766,0.9348313212394714,-0.28607940673828125,0.7494528293609619,0.002485656335330739,-0.01950158966669585,-0.22769057256806882,0.9735350598086745
1785259740.041231,0.9348313212394714,-0.28607940673828125,0.7494528293609619,0.002485656335330739,-0.01950158966669585,-0.22769057256806882,0.9735350598086745
1785259740.051285,0.9348313212394714,-0.28607940673828125,0.7494528293609619,0.002485656335330739,-0.01950158966669585,-0.22769057256806882,0.9735350598086745
1785259740.0612304,0.9348313212394714,-0.28607940673828125,0.7494528293609619,0.002485656335330739,-0.01950158966669585,-0.22769057256806882,0.9735350598086745
1785259740.0662713,0.9348313212394714,-0.28607940673828125,0.7494528293609619,0.002485656335330739,-0.01950158966669585,-0.22769057256806882,0.9735350598086745
1785259740.0712607,0.9348313212394714,-0.28607940673828125,0.7494528293609619,0.002485656335330739,-0.01950158966669585,-0.22769057256806882,0.9735350598086745
1785259740.076259,0.9348313212394714,-0.28607940673828125,0.7494528293609619,0.002485656335330739,-0.01950158966669585,-0.22769057256806882,0.9735350598086745
1785259740.0812092,0.9348313212394714,-0.28607940673828125,0.7494528293609619,0.002485656335330739,-0.01950158966669585,-0.22769057256806882,0.9735350598086745
1785259740.0862677,0.9348313212394714,-0.28607940673828125,0.7494528293609619,0.002485656335330739,-0.01950158966669585,-0.22769057256806882,0.9735350598086745
1785259740.0912733,0.9348313212394714,-0.28607940673828125,0.7494528293609619,0.002485656335330739,-0.01950158966669585,-0.22769057256806882,0.9735350598086745
1785259740.0962641,0.9348313212394714,-0.28607940673828125,0.7494528293609619,0.002485656335330739,-0.01950158966669585,-0.22769057256806882,0.9735350598086745
1785259740.1012464,0.9348313212394714,-0.28607940673828125,0.7494528293609619,0.002485656335330739,-0.01950158966669585,-0.22769057256806882,0.9735350598086745
1785259740.1062694,0.9348313212394714,-0.28607940673828125,0.7494528293609619,0.002485656335330739,-0.01950158966669585,-0.22769057256806882,0.9735350598086745
1785259740.111265,0.9348313212394714,-0.28607940673828125,0.7494528293609619,0.002485656335330739,-0.01950158966669585,-0.22769057256806882,0.9735350598086745
1785259740.1162786,0.9348313212394714,-0.28607940673828125,0.7494528293609619,0.002485656335330739,-0.01950158966669585,-0.22769057256806882,0.9735350598086745
1785259740.126315,0.9348313212394714,-0.28607940673828125,0.7494538426399231,0.0024775555423627383,-0.019507643569188174,-0.22769061530144025,0.9735349491746886
1785259740.1312902,0.9348313212394714,-0.28607940673828125,0.7494538426399231,0.0024775555423627383,-0.019507643569188174,-0.22769061530144025,0.9735349491746886
1785259740.1462686,0.9348313212394714,-0.28607940673828125,0.7494538426399231,0.0024775555423627383,-0.019507643569188174,-0.22769061530144025,0.9735349491746886
1785259740.1562986,0.9348313212394714,-0.28607940673828125,0.7494538426399231,0.0024775555423627383,-0.019507643569188174,-0.22769061530144025,0.9735349491746886
1785259740.1612334,0.9348313212394714,-0.28607940673828125,0.7494538426399231,0.0024775555423627383,-0.019507643569188174,-0.22769061530144025,0.9735349491746886
1785259740.1662931,0.9348313212394714,-0.28607940673828125,0.7494538426399231,0.0024775555423627383,-0.019507643569188174,-0.22769061530144025,0.9735349491746886
1785259740.1712692,0.9348313212394714,-0.28607940673828125,0.7494538426399231,0.0024775555423627383,-0.019507643569188174,-0.22769061530144025,0.9735349491746886
1785259740.1762629,0.9348313212394714,-0.28607940673828125,0.7494538426399231,0.0024775555423627383,-0.019507643569188174,-0.22769061530144025,0.9735349491746886
1785259740.1862624,0.9348313212394714,-0.28607940673828125,0.7494538426399231,0.0024775555423627383,-0.019507643569188174,-0.22769061530144025,0.9735349491746886
1785259740.1912913,0.9348313212394714,-0.28607940673828125,0.7494538426399231,0.0024775555423627383,-0.019507643569188174,-0.22769061530144025,0.9735349491746886
1785259740.196271,0.9348313212394714,-0.28607940673828125,0.7494538426399231,0.0024775555423627383,-0.019507643569188174,-0.22769061530144025,0.9735349491746886
1785259740.2012174,0.9348313212394714,-0.28607940673828125,0.7494538426399231,0.0024775555423627383,-0.019507643569188174,-0.22769061530144025,0.9735349491746886
1785259740.2062695,0.9348313212394714,-0.28607940673828125,0.7494538426399231,0.0024775555423627383,-0.019507643569188174,-0.22769061530144025,0.9735349491746886
1785259740.216259,0.9348313212394714,-0.28607940673828125,0.7494538426399231,0.0024775555423627383,-0.019507643569188174,-0.22769061530144025,0.9735349491746886
1785259740.221216,0.9348313212394714,-0.28607940673828125,0.7494538426399231,0.0024775555423627383,-0.019507643569188174,-0.22769061530144025,0.9735349491746886
1785259740.2263212,0.9348313212394714,-0.28607940673828125,0.7494612336158752,0.002462168063912364,-0.01951818797508902,-0.2276907110377368,0.9735347544765539
1785259740.231264,0.9348313212394714,-0.28607940673828125,0.7494612336158752,0.002462168063912364,-0.01951818797508902,-0.2276907110377368,0.9735347544765539
1785259740.2362695,0.9348313212394714,-0.28607940673828125,0.7494612336158752,0.002462168063912364,-0.01951818797508902,-0.2276907110377368,0.9735347544765539
1785259740.2412233,0.9348313212394714,-0.28607940673828125,0.7494612336158752,0.002462168063912364,-0.01951818797508902,-0.2276907110377368,0.9735347544765539
1785259740.2462673,0.9348313212394714,-0.28607940673828125,0.7494612336158752,0.002462168063912364,-0.01951818797508902,-0.2276907110377368,0.9735347544765539
1785259740.2512984,0.9348313212394714,-0.28607940673828125,0.7494612336158752,0.002462168063912364,-0.01951818797508902,-0.2276907110377368,0.9735347544765539
1785259740.2612426,0.9348313212394714,-0.28607940673828125,0.7494612336158752,0.002462168063912364,-0.01951818797508902,-0.2276907110377368,0.9735347544765539
1785259740.2662926,0.9348313212394714,-0.28607940673828125,0.7494612336158752,0.002462168063912364,-0.01951818797508902,-0.2276907110377368,0.9735347544765539
1785259740.276269,0.9348313212394714,-0.28607940673828125,0.7494612336158752,0.002462168063912364,-0.01951818797508902,-0.2276907110377368,0.9735347544765539
1785259740.2862976,0.9348313212394714,-0.28607940673828125,0.7494612336158752,0.002462168063912364,-0.01951818797508902,-0.2276907110377368,0.9735347544765539
1785259740.291302,0.9348313212394714,-0.28607940673828125,0.7494612336158752,0.002462168063912364,-0.01951818797508902,-0.2276907110377368,0.9735347544765539
1785259740.296287,0.9348313212394714,-0.28607940673828125,0.7494612336158752,0.002462168063912364,-0.01951818797508902,-0.2276907110377368,0.9735347544765539
1785259740.301221,0.9348313212394714,-0.28607940673828125,0.7494612336158752,0.002462168063912364,-0.01951818797508902,-0.2276907110377368,0.9735347544765539
1785259740.3112605,0.9348313212394714,-0.28607940673828125,0.7494612336158752,0.002462168063912364,-0.01951818797508902,-0.2276907110377368,0.9735347544765539
1785259740.3162587,0.9348313212394714,-0.28607940673828125,0.7494612336158752,0.002462168063912364,-0.01951818797508902,-0.2276907110377368,0.9735347544765539
1785259740.326323,0.9348313212394714,-0.28607940673828125,0.7494528293609619,0.0024853958163158487,-0.019502924890977782,-0.22769055678278982,0.9735350374179023
1785259740.3312652,0.9348313212394714,-0.28607940673828125,0.7494528293609619,0.0024853958163158487,-0.019502924890977782,-0.22769055678278982,0.9735350374179023
1785259740.3462782,0.9348313212394714,-0.28607940673828125,0.7494528293609619,0.0024853958163158487,-0.019502924890977782,-0.22769055678278982,0.9735350374179023
1785259740.3612404,0.9348313212394714,-0.28607940673828125,0.7494528293609619,0.0024853958163158487,-0.019502924890977782,-0.22769055678278982,0.9735350374179023
1785259740.3712654,0.9348313212394714,-0.28607940673828125,0.7494528293609619,0.0024853958163158487,-0.019502924890977782,-0.22769055678278982,0.9735350374179023
1785259740.3762727,0.9348313212394714,-0.28607940673828125,0.7494528293609619,0.0024853958163158487,-0.019502924890977782,-0.22769055678278982,0.9735350374179023
1785259740.3862686,0.9348313212394714,-0.28607940673828125,0.7494528293609619,0.0024853958163158487,-0.019502924890977782,-0.22769055678278982,0.9735350374179023
1785259740.3912692,0.9348313212394714,-0.28607940673828125,0.7494528293609619,0.0024853958163158487,-0.019502924890977782,-0.22769055678278982,0.9735350374179023
1785259740.3962834,0.9348313212394714,-0.28607940673828125,0.7494528293609619,0.0024853958163158487,-0.019502924890977782,-0.22769055678278982,0.9735350374179023
1785259740.4012427,0.9348313212394714,-0.28607940673828125,0.7494528293609619,0.0024853958163158487,-0.019502924890977782,-0.22769055678278982,0.9735350374179023
1785259740.4062715,0.9348313212394714,-0.28607940673828125,0.7494528293609619,0.0024853958163158487,-0.019502924890977782,-0.22769055678278982,0.9735350374179023
1785259740.4162633,0.9348313212394714,-0.28607940673828125,0.7494528293609619,0.0024853958163158487,-0.019502924890977782,-0.22769055678278982,0.9735350374179023
1785259740.4212332,0.9348313212394714,-0.28607940673828125,0.7494528293609619,0.0024853958163158487,-0.019502924890977782,-0.22769055678278982,0.9735350374179023
1785259740.4663231,0.9348313212394714,-0.28607940673828125,0.7494538426399231,0.002477346424638898,-0.019508761310253087,-0.22769060194412097,0.9735349304329843
1785259740.4712806,0.9348313212394714,-0.28607940673828125,0.7494538426399231,0.002477346424638898,-0.019508761310253087,-0.22769060194412097,0.9735349304329843
1785259740.481227,0.9348313212394714,-0.28607940673828125,0.7494538426399231,0.002477346424638898,-0.019508761310253087,-0.22769060194412097,0.9735349304329843
1785259740.4862766,0.9348313212394714,-0.28607940673828125,0.7494538426399231,0.002477346424638898,-0.019508761310253087,-0.22769060194412097,0.9735349304329843
1785259740.4912882,0.9348313212394714,-0.28607940673828125,0.7494538426399231,0.002477346424638898,-0.019508761310253087,-0.22769060194412097,0.9735349304329843
1785259740.4962745,0.9348313212394714,-0.28607940673828125,0.7494538426399231,0.002477346424638898,-0.019508761310253087,-0.22769060194412097,0.9735349304329843
1785259740.5012226,0.9348313212394714,-0.28607940673828125,0.7494538426399231,0.002477346424638898,-0.019508761310253087,-0.22769060194412097,0.9735349304329843
1785259740.5062687,0.9348313212394714,-0.28607940673828125,0.7494538426399231,0.002477346424638898,-0.019508761310253087,-0.22769060194412097,0.9735349304329843
1785259740.5112612,0.9348313212394714,-0.28607940673828125,0.7494538426399231,0.002477346424638898,-0.019508761310253087,-0.22769060194412097,0.9735349304329843
1785259740.5162592,0.9348313212394714,-0.28607940673828125,0.7494538426399231,0.002477346424638898,-0.019508761310253087,-0.22769060194412097,0.9735349304329843
1785259740.5212271,0.9348313212394714,-0.28607940673828125,0.7494538426399231,0.002477346424638898,-0.019508761310253087,-0.22769060194412097,0.9735349304329843
1785259740.5312667,0.9348313212394714,-0.28607940673828125,0.7494612336158752,0.002462000496200741,-0.0195191241796985,-0.22769069973264638,0.9735347387741602
1785259740.5412145,0.9348313212394714,-0.28607940673828125,0.7494612336158752,0.002462000496200741,-0.0195191241796985,-0.22769069973264638,0.9735347387741602
1785259740.5462675,0.9348313212394714,-0.28607940673828125,0.7494612336158752,0.002462000496200741,-0.0195191241796985,-0.22769069973264638,0.9735347387741602
1785259740.5612094,0.9348313212394714,-0.28607940673828125,0.7494612336158752,0.002462000496200741,-0.0195191241796985,-0.22769069973264638,0.9735347387741602
1785259740.5712671,0.9348313212394714,-0.28607940673828125,0.7494612336158752,0.002462000496200741,-0.0195191241796985,-0.22769069973264638,0.9735347387741602
1785259740.576286,0.9348313212394714,-0.28607940673828125,0.7494612336158752,0.002462000496200741,-0.0195191241796985,-0.22769069973264638,0.9735347387741602
1785259740.586267,0.9348313212394714,-0.28607940673828125,0.7494612336158752,0.002462000496200741,-0.0195191241796985,-0.22769069973264638,0.9735347387741602
1785259740.601219,0.9348313212394714,-0.28607940673828125,0.7494612336158752,0.002462000496200741,-0.0195191241796985,-0.22769069973264638,0.9735347387741602
1785259740.6062698,0.9348313212394714,-0.28607940673828125,0.7494612336158752,0.002462000496200741,-0.0195191241796985,-0.22769069973264638,0.9735347387741602
1785259740.6112604,0.9348313212394714,-0.28607940673828125,0.7494612336158752,0.002462000496200741,-0.0195191241796985,-0.22769069973264638,0.9735347387741602
1785259740.616261,0.9348313212394714,-0.28607940673828125,0.7494612336158752,0.002462000496200741,-0.0195191241796985,-0.22769069973264638,0.9735347387741602
1785259740.6212826,0.9348313212394714,-0.28607940673828125,0.7494612336158752,0.002462000496200741,-0.0195191241796985,-0.22769069973264638,0.9735347387741602
1785259740.631268,0.9348313212394714,-0.28607940673828125,0.7494612336158752,0.002462000496200741,-0.0195191241796985,-0.22769069973264638,0.9735347387741602
1785259740.6663,0.9348313212394714,-0.28607940673828125,0.7494528293609619,0.002489005123121421,-0.01948808811530888,-0.2276907203654509,0.973535287051563
1785259740.671285,0.9348313212394714,-0.28607940673828125,0.7494528293609619,0.002489005123121421,-0.01948808811530888,-0.2276907203654509,0.973535287051563
1785259740.6762745,0.9348313212394714,-0.28607940673828125,0.7494528293609619,0.002489005123121421,-0.01948808811530888,-0.2276907203654509,0.973535287051563
1785259740.681218,0.9348313212394714,-0.28607940673828125,0.7494528293609619,0.002489005123121421,-0.01948808811530888,-0.2276907203654509,0.973535287051563
1785259740.6862712,0.9348313212394714,-0.28607940673828125,0.7494528293609619,0.002489005123121421,-0.01948808811530888,-0.2276907203654509,0.973535287051563
1785259740.691274,0.9348313212394714,-0.28607940673828125,0.7494528293609619,0.002489005123121421,-0.01948808811530888,-0.2276907203654509,0.973535287051563
1785259740.696318,0.9348313212394714,-0.28607940673828125,0.7494528293609619,0.002489005123121421,-0.01948808811530888,-0.2276907203654509,0.973535287051563
1785259740.701262,0.9348313212394714,-0.28607940673828125,0.7494528293609619,0.002489005123121421,-0.01948808811530888,-0.2276907203654509,0.973535287051563
1785259740.70628,0.9348313212394714,-0.28607940673828125,0.7494528293609619,0.002489005123121421,-0.01948808811530888,-0.2276907203654509,0.973535287051563
1785259740.7112718,0.9348313212394714,-0.28607940673828125,0.7494528293609619,0.002489005123121421,-0.01948808811530888,-0.2276907203654509,0.973535287051563
1785259740.7162628,0.9348313212394714,-0.28607940673828125,0.7494528293609619,0.002489005123121421,-0.01948808811530888,-0.2276907203654509,0.973535287051563
1785259740.7212443,0.9348313212394714,-0.28607940673828125,0.7494528293609619,0.002489005123121421,-0.01948808811530888,-0.2276907203654509,0.973535287051563
1785259740.7312884,0.9348313212394714,-0.28607940673828125,0.7494538426399231,0.0024802361515688298,-0.019496640351979223,-0.22769073650153648,0.9735351344224851
1785259740.7662618,0.9348313212394714,-0.28607940673828125,0.7494538426399231,0.0024802361515688298,-0.019496640351979223,-0.22769073650153648,0.9735351344224851
1785259740.7762647,0.9348313212394714,-0.28607940673828125,0.7494538426399231,0.0024802361515688298,-0.019496640351979223,-0.22769073650153648,0.9735351344224851
1785259740.7812364,0.9348313212394714,-0.28607940673828125,0.7494538426399231,0.0024802361515688298,-0.019496640351979223,-0.22769073650153648,0.9735351344224851
1785259740.786282,0.9348313212394714,-0.28607940673828125,0.7494538426399231,0.0024802361515688298,-0.019496640351979223,-0.22769073650153648,0.9735351344224851
1785259740.7912545,0.9348313212394714,-0.28607940673828125,0.7494538426399231,0.0024802361515688298,-0.019496640351979223,-0.22769073650153648,0.9735351344224851
1785259740.796291,0.9348313212394714,-0.28607940673828125,0.7494538426399231,0.0024802361515688298,-0.019496640351979223,-0.22769073650153648,0.9735351344224851
1785259740.8012283,0.9348313212394714,-0.28607940673828125,0.7494538426399231,0.0024802361515688298,-0.019496640351979223,-0.22769073650153648,0.9735351344224851
1785259740.806269,0.9348313212394714,-0.28607940673828125,0.7494538426399231,0.0024802361515688298,-0.019496640351979223,-0.22769073650153648,0.9735351344224851
1785259740.8212311,0.9348313212394714,-0.28607940673828125,0.7494538426399231,0.0024802361515688298,-0.019496640351979223,-0.22769073650153648,0.9735351344224851
1785259740.8612196,0.9348313212394714,-0.28607940673828125,0.7494612336158752,0.0024643199529677286,-0.019509101783170092,-0.22769081205712663,0.9735349075300535
1785259740.8712761,0.9348313212394714,-0.28607940673828125,0.7494612336158752,0.0024643199529677286,-0.019509101783170092,-0.22769081205712663,0.9735349075300535
1785259740.8762622,0.9348313212394714,-0.28607940673828125,0.7494612336158752,0.0024643199529677286,-0.019509101783170092,-0.22769081205712663,0.9735349075300535
1785259740.8862634,0.9348313212394714,-0.28607940673828125,0.7494612336158752,0.0024643199529677286,-0.019509101783170092,-0.22769081205712663,0.9735349075300535
1785259740.8912742,0.9348313212394714,-0.28607940673828125,0.7494612336158752,0.0024643199529677286,-0.019509101783170092,-0.22769081205712663,0.9735349075300535
1785259740.8962982,0.9348313212394714,-0.28607940673828125,0.7494612336158752,0.0024643199529677286,-0.019509101783170092,-0.22769081205712663,0.9735349075300535
1785259740.901244,0.9348313212394714,-0.28607940673828125,0.7494612336158752,0.0024643199529677286,-0.019509101783170092,-0.22769081205712663,0.9735349075300535
1785259740.9062972,0.9348313212394714,-0.28607940673828125,0.7494612336158752,0.0024643199529677286,-0.019509101783170092,-0.22769081205712663,0.9735349075300535
1785259740.9112864,0.9348313212394714,-0.28607940673828125,0.7494612336158752,0.0024643199529677286,-0.019509101783170092,-0.22769081205712663,0.9735349075300535
1785259740.9162905,0.9348313212394714,-0.28607940673828125,0.7494612336158752,0.0024643199529677286,-0.019509101783170092,-0.22769081205712663,0.9735349075300535
1785259740.9212432,0.9348313212394714,-0.28607940673828125,0.7494612336158752,0.0024643199529677286,-0.019509101783170092,-0.22769081205712663,0.9735349075300535
1785259740.936277,0.9348313212394714,-0.28607940673828125,0.7494528293609619,0.0024871199346340423,-0.019495377697035552,-0.22769064184711335,0.9735351642843366
1785259740.9412284,0.9348313212394714,-0.28607940673828125,0.7494528293609619,0.0024871199346340423,-0.019495377697035552,-0.22769064184711335,0.9735351642843366
1785259740.9462721,0.9348313212394714,-0.28607940673828125,0.7494528293609619,0.0024871199346340423,-0.019495377697035552,-0.22769064184711335,0.9735351642843366
1785259740.9512737,0.9348313212394714,-0.28607940673828125,0.7494528293609619,0.0024871199346340423,-0.019495377697035552,-0.22769064184711335,0.9735351642843366
1785259740.9662824,0.9348313212394714,-0.28607940673828125,0.7494528293609619,0.0024871199346340423,-0.019495377697035552,-0.22769064184711335,0.9735351642843366
1785259740.9712906,0.9348313212394714,-0.28607940673828125,0.7494528293609619,0.0024871199346340423,-0.019495377697035552,-0.22769064184711335,0.9735351642843366
1785259740.9962854,0.9348313212394714,-0.28607940673828125,0.7494528293609619,0.0024871199346340423,-0.019495377697035552,-0.22769064184711335,0.9735351642843366
1785259741.0012646,0.9348313212394714,-0.28607940673828125,0.7494528293609619,0.0024871199346340423,-0.019495377697035552,-0.22769064184711335,0.9735351642843366
1785259741.0062923,0.9348313212394714,-0.28607940673828125,0.7494528293609619,0.0024871199346340423,-0.019495377697035552,-0.22769064184711335,0.9735351642843366
1785259741.0112972,0.9348313212394714,-0.28607940673828125,0.7494528293609619,0.0024871199346340423,-0.019495377697035552,-0.22769064184711335,0.9735351642843366
1785259741.0162864,0.9348313212394714,-0.28607940673828125,0.7494528293609619,0.0024871199346340423,-0.019495377697035552,-0.22769064184711335,0.9735351642843366
1785259741.021237,0.9348313212394714,-0.28607940673828125,0.7494528293609619,0.0024871199346340423,-0.019495377697035552,-0.22769064184711335,0.9735351642843366
1785259741.216271,0.9348313212394714,-0.28607940673828125,0.7494612336158752,0.0024631155722419865,-0.0195138615583089,-0.22769076041552141,0.9735348272610295
1785259741.2212334,0.9348313212394714,-0.28607940673828125,0.7494612336158752,0.0024631155722419865,-0.0195138615583089,-0.22769076041552141,0.9735348272610295
1785259741.306377,0.9348313212394714,-0.28607940673828125,0.7494528293609619,0.0024861556755769185,-0.019499310039238014,-0.2276905986161896,0.9735350981036852
1785259741.4112706,0.9348313212394714,-0.28607940673828125,0.7494538426399231,0.002477931548643328,-0.019506086724950283,-0.227690632505736,0.9735349753886898
1785259741.4162905,0.9348313212394714,-0.28607940673828125,0.7494538426399231,0.002477931548643328,-0.019506086724950283,-0.227690632505736,0.9735349753886898
1785259741.4212406,0.9348313212394714,-0.28607940673828125,0.7494538426399231,0.002477931548643328,-0.019506086724950283,-0.227690632505736,0.9735349753886898
1785259741.4262974,0.9348313212394714,-0.28607940673828125,0.7494538426399231,0.002477931548643328,-0.019506086724950283,-0.227690632505736,0.9735349753886898
1785259741.4313226,0.9348313212394714,-0.28607940673828125,0.7494538426399231,0.002477931548643328,-0.019506086724950283,-0.227690632505736,0.9735349753886898
1785259741.4412282,0.9348313212394714,-0.28607940673828125,0.7494612336158752,0.002462457890241426,-0.019517029821607104,-0.22769072365815568,0.9735347740107215
1785259741.4612253,0.9348313212394714,-0.28607940673828125,0.7494612336158752,0.002462457890241426,-0.019517029821607104,-0.22769072365815568,0.9735347740107215
1785259741.4712672,0.9348313212394714,-0.28607940673828125,0.7494612336158752,0.002462457890241426,-0.019517029821607104,-0.22769072365815568,0.9735347740107215
1785259741.4762866,0.9348313212394714,-0.28607940673828125,0.7494612336158752,0.002462457890241426,-0.019517029821607104,-0.22769072365815568,0.9735347740107215
1785259741.486283,0.9348313212394714,-0.28607940673828125,0.7494612336158752,0.002462457890241426,-0.019517029821607104,-0.22769072365815568,0.9735347740107215
1785259741.4962747,0.9348313212394714,-0.28607940673828125,0.7494612336158752,0.002462457890241426,-0.019517029821607104,-0.22769072365815568,0.9735347740107215
1785259741.5012548,0.9348313212394714,-0.28607940673828125,0.7494612336158752,0.002462457890241426,-0.019517029821607104,-0.22769072365815568,0.9735347740107215
1785259741.506327,0.9348313212394714,-0.28607940673828125,0.7494612336158752,0.002462457890241426,-0.019517029821607104,-0.22769072365815568,0.9735347740107215
1785259741.5113478,0.9348313212394714,-0.28607940673828125,0.7494612336158752,0.002462457890241426,-0.019517029821607104,-0.22769072365815568,0.9735347740107215
1785259741.5163133,0.9348313212394714,-0.28607940673828125,0.7494612336158752,0.002462457890241426,-0.019517029821607104,-0.22769072365815568,0.9735347740107215
1785259741.521264,0.9348313212394714,-0.28607940673828125,0.7494612336158752,0.002462457890241426,-0.019517029821607104,-0.22769072365815568,0.9735347740107215
1785259741.526318,0.9348313212394714,-0.28607940673828125,0.7494612336158752,0.002462457890241426,-0.019517029821607104,-0.22769072365815568,0.9735347740107215
1785259741.5412257,0.9348313212394714,-0.28607940673828125,0.7494528293609619,0.0024856252108042647,-0.019502014621428386,-0.22769056668899995,0.9735350527504695
1785259741.5463216,0.9348313212394714,-0.28607940673828125,0.7494528293609619,0.0024856252108042647,-0.019502014621428386,-0.22769056668899995,0.9735350527504695
1785259741.5512896,0.9348313212394714,-0.28607940673828125,0.7494528293609619,0.0024856252108042647,-0.019502014621428386,-0.22769056668899995,0.9735350527504695
1785259741.5612411,0.9348313212394714,-0.28607940673828125,0.7494528293609619,0.0024856252108042647,-0.019502014621428386,-0.22769056668899995,0.9735350527504695
1785259741.5662966,0.9348313212394714,-0.28607940673828125,0.7494528293609619,0.0024856252108042647,-0.019502014621428386,-0.22769056668899995,0.9735350527504695
1785259741.5712657,0.9348313212394714,-0.28607940673828125,0.7494528293609619,0.0024856252108042647,-0.019502014621428386,-0.22769056668899995,0.9735350527504695
1785259741.5763364,0.9348313212394714,-0.28607940673828125,0.7494528293609619,0.0024856252108042647,-0.019502014621428386,-0.22769056668899995,0.9735350527504695
1785259741.5812373,0.9348313212394714,-0.28607940673828125,0.7494528293609619,0.0024856252108042647,-0.019502014621428386,-0.22769056668899995,0.9735350527504695
1785259741.5862935,0.9348313212394714,-0.28607940673828125,0.7494528293609619,0.0024856252108042647,-0.019502014621428386,-0.22769056668899995,0.9735350527504695
1785259741.5912774,0.9348313212394714,-0.28607940673828125,0.7494528293609619,0.0024856252108042647,-0.019502014621428386,-0.22769056668899995,0.9735350527504695
1785259741.596284,0.9348313212394714,-0.28607940673828125,0.7494528293609619,0.0024856252108042647,-0.019502014621428386,-0.22769056668899995,0.9735350527504695
1785259741.6012495,0.9348313212394714,-0.28607940673828125,0.7494528293609619,0.0024856252108042647,-0.019502014621428386,-0.22769056668899995,0.9735350527504695
1785259741.6062982,0.9348313212394714,-0.28607940673828125,0.7494528293609619,0.0024856252108042647,-0.019502014621428386,-0.22769056668899995,0.9735350527504695
1785259741.6113188,0.9348313212394714,-0.28607940673828125,0.7494528293609619,0.0024856252108042647,-0.019502014621428386,-0.22769056668899995,0.9735350527504695
1785259741.6162796,0.9348313212394714,-0.28607940673828125,0.7494528293609619,0.0024856252108042647,-0.019502014621428386,-0.22769056668899995,0.9735350527504695
1785259741.6212184,0.9348313212394714,-0.28607940673828125,0.7494528293609619,0.0024856252108042647,-0.019502014621428386,-0.22769056668899995,0.9735350527504695
1785259741.626271,0.9348313212394714,-0.28607940673828125,0.7494528293609619,0.0024856252108042647,-0.019502014621428386,-0.22769056668899995,0.9735350527504695
1785259741.6412106,0.9348313212394714,-0.28607940673828125,0.7494538426399231,0.0024775278936872494,-0.01950802917346978,-0.22769060995834436,0.973534942767901
1785259741.6562748,0.9348313212394714,-0.28607940673828125,0.7494538426399231,0.0024775278936872494,-0.01950802917346978,-0.22769060995834436,0.973534942767901
1785259741.6612067,0.9348313212394714,-0.28607940673828125,0.7494538426399231,0.0024775278936872494,-0.01950802917346978,-0.22769060995834436,0.973534942767901
1785259741.67126,0.9348313212394714,-0.28607940673828125,0.7494538426399231,0.0024775278936872494,-0.01950802917346978,-0.22769060995834436,0.973534942767901
1785259741.6762705,0.9348313212394714,-0.28607940673828125,0.7494538426399231,0.0024775278936872494,-0.01950802917346978,-0.22769060995834436,0.973534942767901
1785259741.6812148,0.9348313212394714,-0.28607940673828125,0.7494538426399231,0.0024775278936872494,-0.01950802917346978,-0.22769060995834436,0.973534942767901
1785259741.686278,0.9348313212394714,-0.28607940673828125,0.7494538426399231,0.0024775278936872494,-0.01950802917346978,-0.22769060995834436,0.973534942767901
1785259741.696261,0.9348313212394714,-0.28607940673828125,0.7494538426399231,0.0024775278936872494,-0.01950802917346978,-0.22769060995834436,0.973534942767901
1785259741.701232,0.9348313212394714,-0.28607940673828125,0.7494538426399231,0.0024775278936872494,-0.01950802917346978,-0.22769060995834436,0.973534942767901
1785259741.706273,0.9348313212394714,-0.28607940673828125,0.7494538426399231,0.0024775278936872494,-0.01950802917346978,-0.22769060995834436,0.973534942767901
1785259741.7112737,0.9348313212394714,-0.28607940673828125,0.7494538426399231,0.0024775278936872494,-0.01950802917346978,-0.22769060995834436,0.973534942767901
1785259741.7262645,0.9348313212394714,-0.28607940673828125,0.7494538426399231,0.0024775278936872494,-0.01950802917346978,-0.22769060995834436,0.973534942767901
1785259741.7312753,0.9348313212394714,-0.28607940673828125,0.7494538426399231,0.0024775278936872494,-0.01950802917346978,-0.22769060995834436,0.973534942767901
1785259741.7363918,0.9348313212394714,-0.28607940673828125,0.7494612336158752,0.002462144625146943,-0.01951852292534808,-0.22769070638943792,0.9735347489075756
1785259741.7463052,0.9348313212394714,-0.28607940673828125,0.7494612336158752,0.002462144625146943,-0.01951852292534808,-0.22769070638943792,0.9735347489075756
1785259741.7712953,0.9348313212394714,-0.28607940673828125,0.7494612336158752,0.002462144625146943,-0.01951852292534808,-0.22769070638943792,0.9735347489075756
1785259741.7812304,0.9348313212394714,-0.28607940673828125,0.7494612336158752,0.002462144625146943,-0.01951852292534808,-0.22769070638943792,0.9735347489075756
1785259741.7862773,0.9348313212394714,-0.28607940673828125,0.7494612336158752,0.002462144625146943,-0.01951852292534808,-0.22769070638943792,0.9735347489075756
1785259741.7912726,0.9348313212394714,-0.28607940673828125,0.7494612336158752,0.002462144625146943,-0.01951852292534808,-0.22769070638943792,0.9735347489075756
1785259741.7962742,0.9348313212394714,-0.28607940673828125,0.7494612336158752,0.002462144625146943,-0.01951852292534808,-0.22769070638943792,0.9735347489075756
1785259741.8012662,0.9348313212394714,-0.28607940673828125,0.7494612336158752,0.002462144625146943,-0.01951852292534808,-0.22769070638943792,0.9735347489075756
1785259741.8063126,0.9348313212394714,-0.28607940673828125,0.7494612336158752,0.002462144625146943,-0.01951852292534808,-0.22769070638943792,0.9735347489075756
1785259741.811298,0.9348313212394714,-0.28607940673828125,0.7494612336158752,0.002462144625146943,-0.01951852292534808,-0.22769070638943792,0.9735347489075756
1785259741.81628,0.9348313212394714,-0.28607940673828125,0.7494612336158752,0.002462144625146943,-0.01951852292534808,-0.22769070638943792,0.9735347489075756
1785259741.831277,0.9348313212394714,-0.28607940673828125,0.7494612336158752,0.002462144625146943,-0.01951852292534808,-0.22769070638943792,0.9735347489075756
1785259741.8812466,0.9348313212394714,-0.28607940673828125,0.7494528293609619,0.0024853766161175303,-0.01950321110657338,-0.22769055279385478,0.9735350326660246
1785259741.8912785,0.9348313212394714,-0.28607940673828125,0.7494528293609619,0.0024853766161175303,-0.01950321110657338,-0.22769055279385478,0.9735350326660246
1785259741.896337,0.9348313212394714,-0.28607940673828125,0.7494528293609619,0.0024853766161175303,-0.01950321110657338,-0.22769055279385478,0.9735350326660246
1785259741.9012947,0.9348313212394714,-0.28607940673828125,0.7494528293609619,0.0024853766161175303,-0.01950321110657338,-0.22769055279385478,0.9735350326660246
1785259741.9063244,0.9348313212394714,-0.28607940673828125,0.7494528293609619,0.0024853766161175303,-0.01950321110657338,-0.22769055279385478,0.9735350326660246
1785259741.9112945,0.9348313212394714,-0.28607940673828125,0.7494528293609619,0.0024853766161175303,-0.01950321110657338,-0.22769055279385478,0.9735350326660246
1785259741.9262843,0.9348313212394714,-0.28607940673828125,0.7494528293609619,0.0024853766161175303,-0.01950321110657338,-0.22769055279385478,0.9735350326660246
1785259741.931282,0.9348313212394714,-0.28607940673828125,0.7494528293609619,0.0024853766161175303,-0.01950321110657338,-0.22769055279385478,0.9735350326660246
1785259741.936353,0.9348313212394714,-0.28607940673828125,0.7494538426399231,0.0024812157191727467,-0.019493367591394438,-0.22769076953717962,0.9735351897369033
1785259741.9412532,0.9348313212394714,-0.28607940673828125,0.7494538426399231,0.0024812157191727467,-0.019493367591394438,-0.22769076953717962,0.9735351897369033
1785259741.961237,0.9348313212394714,-0.28607940673828125,0.7494538426399231,0.0024812157191727467,-0.019493367591394438,-0.22769076953717962,0.9735351897369033
1785259741.9712827,0.9348313212394714,-0.28607940673828125,0.7494538426399231,0.0024812157191727467,-0.019493367591394438,-0.22769076953717962,0.9735351897369033
1785259741.9762678,0.9348313212394714,-0.28607940673828125,0.7494538426399231,0.0024812157191727467,-0.019493367591394438,-0.22769076953717962,0.9735351897369033
1785259741.9962978,0.9348313212394714,-0.28607940673828125,0.7494538426399231,0.0024812157191727467,-0.019493367591394438,-0.22769076953717962,0.9735351897369033
1785259742.0012436,0.9348313212394714,-0.28607940673828125,0.7494538426399231,0.0024812157191727467,-0.019493367591394438,-0.22769076953717962,0.9735351897369033
1785259742.0062795,0.9348313212394714,-0.28607940673828125,0.7494538426399231,0.0024812157191727467,-0.019493367591394438,-0.22769076953717962,0.9735351897369033
1785259742.0112708,0.9348313212394714,-0.28607940673828125,0.7494538426399231,0.0024812157191727467,-0.019493367591394438,-0.22769076953717962,0.9735351897369033
1785259742.0162833,0.9348313212394714,-0.28607940673828125,0.7494538426399231,0.0024812157191727467,-0.019493367591394438,-0.22769076953717962,0.9735351897369033
1785259742.021219,0.9348313212394714,-0.28607940673828125,0.7494538426399231,0.0024812157191727467,-0.019493367591394438,-0.22769076953717962,0.9735351897369033
1785259742.0262783,0.9348313212394714,-0.28607940673828125,0.7494538426399231,0.0024812157191727467,-0.019493367591394438,-0.22769076953717962,0.9735351897369033
1785259742.0313747,0.9348313212394714,-0.28607940673828125,0.7494538426399231,0.0024812157191727467,-0.019493367591394438,-0.22769076953717962,0.9735351897369033
1785259742.041265,0.9348313212394714,-0.28607940673828125,0.7494612336158752,0.002465100961066697,-0.019506536125093128,-0.2276908377137667,0.9735349509631667
1785259742.0562823,0.9348313212394714,-0.28607940673828125,0.7494612336158752,0.002465100961066697,-0.019506536125093128,-0.2276908377137667,0.9735349509631667
1785259742.0612414,0.9348313212394714,-0.28607940673828125,0.7494612336158752,0.002465100961066697,-0.019506536125093128,-0.2276908377137667,0.9735349509631667
1785259742.0662696,0.9348313212394714,-0.28607940673828125,0.7494612336158752,0.002465100961066697,-0.019506536125093128,-0.2276908377137667,0.9735349509631667
1785259742.071281,0.9348313212394714,-0.28607940673828125,0.7494612336158752,0.002465100961066697,-0.019506536125093128,-0.2276908377137667,0.9735349509631667
1785259742.0762925,0.9348313212394714,-0.28607940673828125,0.7494612336158752,0.002465100961066697,-0.019506536125093128,-0.2276908377137667,0.9735349509631667
1785259742.081233,0.9348313212394714,-0.28607940673828125,0.7494612336158752,0.002465100961066697,-0.019506536125093128,-0.2276908377137667,0.9735349509631667
1785259742.086288,0.9348313212394714,-0.28607940673828125,0.7494612336158752,0.002465100961066697,-0.019506536125093128,-0.2276908377137667,0.9735349509631667
1785259742.091273,0.9348313212394714,-0.28607940673828125,0.7494612336158752,0.002465100961066697,-0.019506536125093128,-0.2276908377137667,0.9735349509631667
1785259742.1012294,0.9348313212394714,-0.28607940673828125,0.7494612336158752,0.002465100961066697,-0.019506536125093128,-0.2276908377137667,0.9735349509631667
1785259742.1062934,0.9348313212394714,-0.28607940673828125,0.7494612336158752,0.002465100961066697,-0.019506536125093128,-0.2276908377137667,0.9735349509631667
1785259742.11128,0.9348313212394714,-0.28607940673828125,0.7494612336158752,0.002465100961066697,-0.019506536125093128,-0.2276908377137667,0.9735349509631667
1785259742.1162724,0.9348313212394714,-0.28607940673828125,0.7494612336158752,0.002465100961066697,-0.019506536125093128,-0.2276908377137667,0.9735349509631667
1785259742.1212175,0.9348313212394714,-0.28607940673828125,0.7494612336158752,0.002465100961066697,-0.019506536125093128,-0.2276908377137667,0.9735349509631667
1785259742.1262755,0.9348313212394714,-0.28607940673828125,0.7494612336158752,0.002465100961066697,-0.019506536125093128,-0.2276908377137667,0.9735349509631667
1785259742.1363332,0.9348313212394714,-0.28607940673828125,0.7494528293609619,0.002487744747614853,-0.019493301456102483,-0.22769066276169264,0.973535199371627
1785259742.1412508,0.9348313212394714,-0.28607940673828125,0.7494528293609619,0.002487744747614853,-0.019493301456102483,-0.22769066276169264,0.973535199371627
1785259742.151281,0.9348313212394714,-0.28607940673828125,0.7494528293609619,0.002487744747614853,-0.019493301456102483,-0.22769066276169264,0.973535199371627
1785259742.1562982,0.9348313212394714,-0.28607940673828125,0.7494528293609619,0.002487744747614853,-0.019493301456102483,-0.22769066276169264,0.973535199371627
1785259742.2012205,0.9348313212394714,-0.28607940673828125,0.7494528293609619,0.002487744747614853,-0.019493301456102483,-0.22769066276169264,0.973535199371627
1785259742.206334,0.9348313212394714,-0.28607940673828125,0.7494528293609619,0.002487744747614853,-0.019493301456102483,-0.22769066276169264,0.973535199371627
1785259742.2113228,0.9348313212394714,-0.28607940673828125,0.7494528293609619,0.002487744747614853,-0.019493301456102483,-0.22769066276169264,0.973535199371627
1785259742.216282,0.9348313212394714,-0.28607940673828125,0.7494528293609619,0.002487744747614853,-0.019493301456102483,-0.22769066276169264,0.973535199371627
1785259742.2262654,0.9348313212394714,-0.28607940673828125,0.7494528293609619,0.002487744747614853,-0.019493301456102483,-0.22769066276169264,0.973535199371627
1785259742.2312772,0.9348313212394714,-0.28607940673828125,0.7494528293609619,0.002487744747614853,-0.019493301456102483,-0.22769066276169264,0.973535199371627
1785259742.246268,0.9348313212394714,-0.28607940673828125,0.7494538426399231,0.0024792326385158917,-0.019500756680007735,-0.2276906911748881,0.973535065134653
1785259742.2512877,0.9348313212394714,-0.28607940673828125,0.7494538426399231,0.0024792326385158917,-0.019500756680007735,-0.2276906911748881,0.973535065134653
1785259742.2562745,0.9348313212394714,-0.28607940673828125,0.7494538426399231,0.0024792326385158917,-0.019500756680007735,-0.2276906911748881,0.973535065134653
1785259742.2612202,0.9348313212394714,-0.28607940673828125,0.7494538426399231,0.0024792326385158917,-0.019500756680007735,-0.2276906911748881,0.973535065134653
1785259742.266274,0.9348313212394714,-0.28607940673828125,0.7494538426399231,0.0024792326385158917,-0.019500756680007735,-0.2276906911748881,0.973535065134653
1785259742.27631,0.9348313212394714,-0.28607940673828125,0.7494538426399231,0.0024792326385158917,-0.019500756680007735,-0.2276906911748881,0.973535065134653
1785259742.2812326,0.9348313212394714,-0.28607940673828125,0.7494538426399231,0.0024792326385158917,-0.019500756680007735,-0.2276906911748881,0.973535065134653
1785259742.2862751,0.9348313212394714,-0.28607940673828125,0.7494538426399231,0.0024792326385158917,-0.019500756680007735,-0.2276906911748881,0.973535065134653
1785259742.291279,0.9348313212394714,-0.28607940673828125,0.7494538426399231,0.0024792326385158917,-0.019500756680007735,-0.2276906911748881,0.973535065134653
1785259742.2962785,0.9348313212394714,-0.28607940673828125,0.7494538426399231,0.0024792326385158917,-0.019500756680007735,-0.2276906911748881,0.973535065134653
1785259742.3012245,0.9348313212394714,-0.28607940673828125,0.7494538426399231,0.0024792326385158917,-0.019500756680007735,-0.2276906911748881,0.973535065134653
1785259742.3063111,0.9348313212394714,-0.28607940673828125,0.7494538426399231,0.0024792326385158917,-0.019500756680007735,-0.2276906911748881,0.973535065134653
1785259742.3112774,0.9348313212394714,-0.28607940673828125,0.7494538426399231,0.0024792326385158917,-0.019500756680007735,-0.2276906911748881,0.973535065134653
1785259742.3162875,0.9348313212394714,-0.28607940673828125,0.7494538426399231,0.0024792326385158917,-0.019500756680007735,-0.2276906911748881,0.973535065134653
1785259742.3212264,0.9348313212394714,-0.28607940673828125,0.7494538426399231,0.0024792326385158917,-0.019500756680007735,-0.2276906911748881,0.973535065134653
1785259742.32628,0.9348313212394714,-0.28607940673828125,0.7494538426399231,0.0024792326385158917,-0.019500756680007735,-0.2276906911748881,0.973535065134653
1785259742.3312812,0.9348313212394714,-0.28607940673828125,0.7494538426399231,0.0024792326385158917,-0.019500756680007735,-0.2276906911748881,0.973535065134653
1785259742.3412182,0.9348313212394714,-0.28607940673828125,0.7494612336158752,0.002463517619189266,-0.019512444682436177,-0.22769077506909163,0.9735348512158623
1785259742.361212,0.9348313212394714,-0.28607940673828125,0.7494612336158752,0.002463517619189266,-0.019512444682436177,-0.22769077506909163,0.9735348512158623
1785259742.3662798,0.9348313212394714,-0.28607940673828125,0.7494612336158752,0.002463517619189266,-0.019512444682436177,-0.22769077506909163,0.9735348512158623
1785259742.3712585,0.9348313212394714,-0.28607940673828125,0.7494612336158752,0.002463517619189266,-0.019512444682436177,-0.22769077506909163,0.9735348512158623
1785259742.3762763,0.9348313212394714,-0.28607940673828125,0.7494612336158752,0.002463517619189266,-0.019512444682436177,-0.22769077506909163,0.9735348512158623
1785259742.3812242,0.9348313212394714,-0.28607940673828125,0.7494612336158752,0.002463517619189266,-0.019512444682436177,-0.22769077506909163,0.9735348512158623
1785259742.3862765,0.9348313212394714,-0.28607940673828125,0.7494612336158752,0.002463517619189266,-0.019512444682436177,-0.22769077506909163,0.9735348512158623
1785259742.3912616,0.9348313212394714,-0.28607940673828125,0.7494612336158752,0.002463517619189266,-0.019512444682436177,-0.22769077506909163,0.9735348512158623
1785259742.396275,0.9348313212394714,-0.28607940673828125,0.7494612336158752,0.002463517619189266,-0.019512444682436177,-0.22769077506909163,0.9735348512158623
1785259742.401247,0.9348313212394714,-0.28607940673828125,0.7494612336158752,0.002463517619189266,-0.019512444682436177,-0.22769077506909163,0.9735348512158623
1785259742.4062898,0.9348313212394714,-0.28607940673828125,0.7494612336158752,0.002463517619189266,-0.019512444682436177,-0.22769077506909163,0.9735348512158623
1785259742.4113333,0.9348313212394714,-0.28607940673828125,0.7494612336158752,0.002463517619189266,-0.019512444682436177,-0.22769077506909163,0.9735348512158623
1785259742.4162793,0.9348313212394714,-0.28607940673828125,0.7494612336158752,0.002463517619189266,-0.019512444682436177,-0.22769077506909163,0.9735348512158623
1785259742.4262738,0.9348313212394714,-0.28607940673828125,0.7494612336158752,0.002463517619189266,-0.019512444682436177,-0.22769077506909163,0.9735348512158623
1785259742.4312878,0.9348313212394714,-0.28607940673828125,0.7494612336158752,0.002463517619189266,-0.019512444682436177,-0.22769077506909163,0.9735348512158623
1785259742.4363666,0.9348313212394714,-0.28607940673828125,0.7494528293609619,0.0024864781355062645,-0.019498128917077938,-0.22769061105933636,0.9735351180263816
1785259742.4412155,0.9348313212394714,-0.28607940673828125,0.7494528293609619,0.0024864781355062645,-0.019498128917077938,-0.22769061105933636,0.9735351180263816
1785259742.4462657,0.9348313212394714,-0.28607940673828125,0.7494528293609619,0.0024864781355062645,-0.019498128917077938,-0.22769061105933636,0.9735351180263816
1785259742.4512727,0.9348313212394714,-0.28607940673828125,0.7494528293609619,0.0024864781355062645,-0.019498128917077938,-0.22769061105933636,0.9735351180263816
1785259742.4562786,0.9348313212394714,-0.28607940673828125,0.7494528293609619,0.0024864781355062645,-0.019498128917077938,-0.22769061105933636,0.9735351180263816
1785259742.4612317,0.9348313212394714,-0.28607940673828125,0.7494528293609619,0.0024864781355062645,-0.019498128917077938,-0.22769061105933636,0.9735351180263816
1785259742.4662757,0.9348313212394714,-0.28607940673828125,0.7494528293609619,0.0024864781355062645,-0.019498128917077938,-0.22769061105933636,0.9735351180263816
1785259742.4762745,0.9348313212394714,-0.28607940673828125,0.7494528293609619,0.0024864781355062645,-0.019498128917077938,-0.22769061105933636,0.9735351180263816
1785259742.496267,0.9348313212394714,-0.28607940673828125,0.7494528293609619,0.0024864781355062645,-0.019498128917077938,-0.22769061105933636,0.9735351180263816
1785259742.501238,0.9348313212394714,-0.28607940673828125,0.7494528293609619,0.0024864781355062645,-0.019498128917077938,-0.22769061105933636,0.9735351180263816
1785259742.5063095,0.9348313212394714,-0.28607940673828125,0.7494528293609619,0.0024864781355062645,-0.019498128917077938,-0.22769061105933636,0.9735351180263816
1785259742.5162714,0.9348313212394714,-0.28607940673828125,0.7494528293609619,0.0024864781355062645,-0.019498128917077938,-0.22769061105933636,0.9735351180263816
1785259742.521225,0.9348313212394714,-0.28607940673828125,0.7494528293609619,0.0024864781355062645,-0.019498128917077938,-0.22769061105933636,0.9735351180263816
1785259742.5312693,0.9348313212394714,-0.28607940673828125,0.7494528293609619,0.0024864781355062645,-0.019498128917077938,-0.22769061105933636,0.9735351180263816
1785259742.5462847,0.9348313212394714,-0.28607940673828125,0.7494538426399231,0.0024782168860085097,-0.019504749655085286,-0.2276906479018048,0.9735349978506241
1785259742.5562754,0.9348313212394714,-0.28607940673828125,0.7494538426399231,0.0024782168860085097,-0.019504749655085286,-0.2276906479018048,0.9735349978506241
1785259742.5762959,0.9348313212394714,-0.28607940673828125,0.7494538426399231,0.0024782168860085097,-0.019504749655085286,-0.2276906479018048,0.9735349978506241
1785259742.5812302,0.9348313212394714,-0.28607940673828125,0.7494538426399231,0.0024782168860085097,-0.019504749655085286,-0.2276906479018048,0.9735349978506241
1785259742.7912898,0.9348313212394714,-0.28607940673828125,0.7494528293609619,0.002485823081495855,-0.01950089998740044,-0.2276905801899786,0.9735350714155294
1785259742.8012478,0.9348313212394714,-0.28607940673828125,0.7494528293609619,0.002485823081495855,-0.01950089998740044,-0.2276905801899786,0.9735350714155294
1785259742.8312774,0.9348313212394714,-0.28607940673828125,0.7494528293609619,0.002485823081495855,-0.01950089998740044,-0.2276905801899786,0.9735350714155294
1785259742.8412333,0.9348313212394714,-0.28607940673828125,0.7494528293609619,0.002485823081495855,-0.01950089998740044,-0.2276905801899786,0.9735350714155294
1785259742.8562765,0.9348313212394714,-0.28607940673828125,0.7494538426399231,0.002477690978702116,-0.019507065144714474,-0.2276906217639637,0.9735349589088179
1785259742.8662953,0.9348313212394714,-0.28607940673828125,0.7494538426399231,0.002477690978702116,-0.019507065144714474,-0.2276906217639637,0.9735349589088179
1785259742.8762956,0.9348313212394714,-0.28607940673828125,0.7494538426399231,0.002477690978702116,-0.019507065144714474,-0.2276906217639637,0.9735349589088179
1785259742.8812234,0.9348313212394714,-0.28607940673828125,0.7494538426399231,0.002477690978702116,-0.019507065144714474,-0.2276906217639637,0.9735349589088179
1785259742.8862817,0.9348313212394714,-0.28607940673828125,0.7494538426399231,0.002477690978702116,-0.019507065144714474,-0.2276906217639637,0.9735349589088179
1785259742.8912625,0.9348313212394714,-0.28607940673828125,0.7494538426399231,0.002477690978702116,-0.019507065144714474,-0.2276906217639637,0.9735349589088179
1785259742.9062765,0.9348313212394714,-0.28607940673828125,0.7494538426399231,0.002477690978702116,-0.019507065144714474,-0.2276906217639637,0.9735349589088179
1785259742.9162993,0.9348313212394714,-0.28607940673828125,0.7494538426399231,0.002477690978702116,-0.019507065144714474,-0.2276906217639637,0.9735349589088179
1785259742.9262645,0.9348313212394714,-0.28607940673828125,0.7494538426399231,0.002477690978702116,-0.019507065144714474,-0.2276906217639637,0.9735349589088179
1785259742.9312809,0.9348313212394714,-0.28607940673828125,0.7494538426399231,0.002477690978702116,-0.019507065144714474,-0.2276906217639637,0.9735349589088179
1785259742.941224,0.9348313212394714,-0.28607940673828125,0.7494538426399231,0.002477690978702116,-0.019507065144714474,-0.2276906217639637,0.9735349589088179
1785259742.9762976,0.9348313212394714,-0.28607940673828125,0.7494612336158752,0.002462277342732096,-0.019517702885069613,-0.22769071652408035,0.9735347626423664
1785259743.0012765,0.9348313212394714,-0.28607940673828125,0.7494612336158752,0.002462277342732096,-0.019517702885069613,-0.22769071652408035,0.9735347626423664
1785259743.0062883,0.9348313212394714,-0.28607940673828125,0.7494612336158752,0.002462277342732096,-0.019517702885069613,-0.22769071652408035,0.9735347626423664
1785259743.0162935,0.9348313212394714,-0.28607940673828125,0.7494612336158752,0.002462277342732096,-0.019517702885069613,-0.22769071652408035,0.9735347626423664
1785259743.0212262,0.9348313212394714,-0.28607940673828125,0.7494612336158752,0.002462277342732096,-0.019517702885069613,-0.22769071652408035,0.9735347626423664
1785259743.0262718,0.9348313212394714,-0.28607940673828125,0.7494612336158752,0.002462277342732096,-0.019517702885069613,-0.22769071652408035,0.9735347626423664
1785259743.031262,0.9348313212394714,-0.28607940673828125,0.7494612336158752,0.002462277342732096,-0.019517702885069613,-0.22769071652408035,0.9735347626423664
1785259743.0464647,0.9348313212394714,-0.28607940673828125,0.7494528293609619,0.0024854832122485574,-0.01950251692210119,-0.22769056147719033,0.9735350442696487
1785259743.0612202,0.9348313212394714,-0.28607940673828125,0.7494528293609619,0.0024854832122485574,-0.01950251692210119,-0.22769056147719033,0.9735350442696487
1785259743.081229,0.9348313212394714,-0.28607940673828125,0.7494528293609619,0.0024854832122485574,-0.01950251692210119,-0.22769056147719033,0.9735350442696487
1785259743.0912623,0.9348313212394714,-0.28607940673828125,0.7494528293609619,0.0024854832122485574,-0.01950251692210119,-0.22769056147719033,0.9735350442696487
1785259743.0962765,0.9348313212394714,-0.28607940673828125,0.7494528293609619,0.0024854832122485574,-0.01950251692210119,-0.22769056147719033,0.9735350442696487
1785259743.101238,0.9348313212394714,-0.28607940673828125,0.7494528293609619,0.0024854832122485574,-0.01950251692210119,-0.22769056147719033,0.9735350442696487
1785259743.10628,0.9348313212394714,-0.28607940673828125,0.7494528293609619,0.0024854832122485574,-0.01950251692210119,-0.22769056147719033,0.9735350442696487
1785259743.1112728,0.9348313212394714,-0.28607940673828125,0.7494528293609619,0.0024854832122485574,-0.01950251692210119,-0.22769056147719033,0.9735350442696487
1785259743.1163003,0.9348313212394714,-0.28607940673828125,0.7494528293609619,0.0024854832122485574,-0.01950251692210119,-0.22769056147719033,0.9735350442696487
1785259743.1312795,0.9348313212394714,-0.28607940673828125,0.7494528293609619,0.0024854832122485574,-0.01950251692210119,-0.22769056147719033,0.9735350442696487
1785259743.136276,0.9348313212394714,-0.28607940673828125,0.7494528293609619,0.0024854832122485574,-0.01950251692210119,-0.22769056147719033,0.9735350442696487
1785259743.1512895,0.9348313212394714,-0.28607940673828125,0.7494538426399231,0.002477416751605831,-0.019508420113312212,-0.22769060591430038,0.9735349361626938
1785259743.1612306,0.9348313212394714,-0.28607940673828125,0.7494538426399231,0.002477416751605831,-0.019508420113312212,-0.22769060591430038,0.9735349361626938
1785259743.1712782,0.9348313212394714,-0.28607940673828125,0.7494538426399231,0.002477416751605831,-0.019508420113312212,-0.22769060591430038,0.9735349361626938
1785259743.1762931,0.9348313212394714,-0.28607940673828125,0.7494538426399231,0.002477416751605831,-0.019508420113312212,-0.22769060591430038,0.9735349361626938
1785259743.1862738,0.9348313212394714,-0.28607940673828125,0.7494538426399231,0.002477416751605831,-0.019508420113312212,-0.22769060591430038,0.9735349361626938
1785259743.191294,0.9348313212394714,-0.28607940673828125,0.7494538426399231,0.002477416751605831,-0.019508420113312212,-0.22769060591430038,0.9735349361626938
1785259743.541228,0.9348313212394714,-0.28607940673828125,0.7494538426399231,0.0024772741973026254,-0.01950921681514751,-0.22769059628592897,0.973534922812104
1785259743.5512853,0.9348313212394714,-0.28607940673828125,0.7494612336158752,0.0024619425027411187,-0.01951950459940515,-0.2276906949718908,0.9735347324068743
1785259743.5612092,0.9348313212394714,-0.28607940673828125,0.7494612336158752,0.0024619425027411187,-0.01951950459940515,-0.2276906949718908,0.9735347324068743
1785259743.581211,0.9348313212394714,-0.28607940673828125,0.7494612336158752,0.0024619425027411187,-0.01951950459940515,-0.2276906949718908,0.9735347324068743
1785259743.5862732,0.9348313212394714,-0.28607940673828125,0.7494612336158752,0.0024619425027411187,-0.01951950459940515,-0.2276906949718908,0.9735347324068743
1785259743.591277,0.9348313212394714,-0.28607940673828125,0.7494612336158752,0.0024619425027411187,-0.01951950459940515,-0.2276906949718908,0.9735347324068743
1785259743.596276,0.9348313212394714,-0.28607940673828125,0.7494612336158752,0.0024619425027411187,-0.01951950459940515,-0.2276906949718908,0.9735347324068743
1785259743.601231,0.9348313212394714,-0.28607940673828125,0.7494612336158752,0.0024619425027411187,-0.01951950459940515,-0.2276906949718908,0.9735347324068743
1785259743.6062593,0.9348313212394714,-0.28607940673828125,0.7494612336158752,0.0024619425027411187,-0.01951950459940515,-0.2276906949718908,0.9735347324068743
1785259743.611284,0.9348313212394714,-0.28607940673828125,0.7494612336158752,0.0024619425027411187,-0.01951950459940515,-0.2276906949718908,0.9735347324068743
1785259743.6162844,0.9348313212394714,-0.28607940673828125,0.7494612336158752,0.0024619425027411187,-0.01951950459940515,-0.2276906949718908,0.9735347324068743
1785259743.6212287,0.9348313212394714,-0.28607940673828125,0.7494612336158752,0.0024619425027411187,-0.01951950459940515,-0.2276906949718908,0.9735347324068743
1785259743.6262653,0.9348313212394714,-0.28607940673828125,0.7494612336158752,0.0024619425027411187,-0.01951950459940515,-0.2276906949718908,0.9735347324068743
1785259743.631261,0.9348313212394714,-0.28607940673828125,0.7494612336158752,0.0024619425027411187,-0.01951950459940515,-0.2276906949718908,0.9735347324068743
1785259743.63626,0.9348313212394714,-0.28607940673828125,0.7494612336158752,0.0024619425027411187,-0.01951950459940515,-0.2276906949718908,0.9735347324068743
1785259743.641243,0.9348313212394714,-0.28607940673828125,0.7494612336158752,0.0024619425027411187,-0.01951950459940515,-0.2276906949718908,0.9735347324068743
1785259743.6512709,0.9348313212394714,-0.28607940673828125,0.7494528293609619,0.0024889592981284653,-0.01948840635479575,-0.22769071633591517,0.9735352817406262
1785259743.6612172,0.9348313212394714,-0.28607940673828125,0.7494528293609619,0.0024889592981284653,-0.01948840635479575,-0.22769071633591517,0.9735352817406262
1785259743.68124,0.9348313212394714,-0.28607940673828125,0.7494528293609619,0.0024889592981284653,-0.01948840635479575,-0.22769071633591517,0.9735352817406262
1785259743.691268,0.9348313212394714,-0.28607940673828125,0.7494528293609619,0.0024889592981284653,-0.01948840635479575,-0.22769071633591517,0.9735352817406262
1785259743.7012193,0.9348313212394714,-0.28607940673828125,0.7494528293609619,0.0024889592981284653,-0.01948840635479575,-0.22769071633591517,0.9735352817406262
1785259743.7062817,0.9348313212394714,-0.28607940673828125,0.7494528293609619,0.0024889592981284653,-0.01948840635479575,-0.22769071633591517,0.9735352817406262
1785259743.7112865,0.9348313212394714,-0.28607940673828125,0.7494528293609619,0.0024889592981284653,-0.01948840635479575,-0.22769071633591517,0.9735352817406262
1785259743.716295,0.9348313212394714,-0.28607940673828125,0.7494528293609619,0.0024889592981284653,-0.01948840635479575,-0.22769071633591517,0.9735352817406262
1785259743.721231,0.9348313212394714,-0.28607940673828125,0.7494528293609619,0.0024889592981284653,-0.01948840635479575,-0.22769071633591517,0.9735352817406262
1785259743.726279,0.9348313212394714,-0.28607940673828125,0.7494528293609619,0.0024889592981284653,-0.01948840635479575,-0.22769071633591517,0.9735352817406262
1785259743.7312765,0.9348313212394714,-0.28607940673828125,0.7494528293609619,0.0024889592981284653,-0.01948840635479575,-0.22769071633591517,0.9735352817406262
1785259743.736269,0.9348313212394714,-0.28607940673828125,0.7494528293609619,0.0024889592981284653,-0.01948840635479575,-0.22769071633591517,0.9735352817406262
1785259743.7662716,0.9348313212394714,-0.28607940673828125,0.7494538426399231,0.00248019858772485,-0.01949690697239989,-0.22769073311281782,0.9735351299711904
1785259743.7712622,0.9348313212394714,-0.28607940673828125,0.7494538426399231,0.00248019858772485,-0.01949690697239989,-0.22769073311281782,0.9735351299711904
1785259743.786276,0.9348313212394714,-0.28607940673828125,0.7494538426399231,0.00248019858772485,-0.01949690697239989,-0.22769073311281782,0.9735351299711904
1785259743.8063068,0.9348313212394714,-0.28607940673828125,0.7494538426399231,0.00248019858772485,-0.01949690697239989,-0.22769073311281782,0.9735351299711904
1785259743.8112972,0.9348313212394714,-0.28607940673828125,0.7494538426399231,0.00248019858772485,-0.01949690697239989,-0.22769073311281782,0.9735351299711904
1785259743.816291,0.9348313212394714,-0.28607940673828125,0.7494538426399231,0.00248019858772485,-0.01949690697239989,-0.22769073311281782,0.9735351299711904
1785259743.8212368,0.9348313212394714,-0.28607940673828125,0.7494538426399231,0.00248019858772485,-0.01949690697239989,-0.22769073311281782,0.9735351299711904
1785259743.8362792,0.9348313212394714,-0.28607940673828125,0.7494538426399231,0.00248019858772485,-0.01949690697239989,-0.22769073311281782,0.9735351299711904
1785259743.8562655,0.9348313212394714,-0.28607940673828125,0.7494612336158752,0.0024642898586975425,-0.019509324249555784,-0.22769080921067125,0.9735349038138323
1785259743.8712642,0.9348313212394714,-0.28607940673828125,0.7494612336158752,0.0024642898586975425,-0.019509324249555784,-0.22769080921067125,0.9735349038138323
1785259743.8762603,0.9348313212394714,-0.28607940673828125,0.7494612336158752,0.0024642898586975425,-0.019509324249555784,-0.22769080921067125,0.9735349038138323
1785259743.911277,0.9348313212394714,-0.28607940673828125,0.7494612336158752,0.0024642898586975425,-0.019509324249555784,-0.22769080921067125,0.9735349038138323
1785259743.93127,0.9348313212394714,-0.28607940673828125,0.7494612336158752,0.0024642898586975425,-0.019509324249555784,-0.22769080921067125,0.9735349038138323
1785259743.946281,0.9348313212394714,-0.28607940673828125,0.7494612336158752,0.0024642898586975425,-0.019509324249555784,-0.22769080921067125,0.9735349038138323
1785259743.9612117,0.9348313212394714,-0.28607940673828125,0.7494528293609619,0.0024870946761458047,-0.019495561131103945,-0.22769063950501123,0.9735351612232884
1785259743.9962983,0.9348313212394714,-0.28607940673828125,0.7494528293609619,0.0024870946761458047,-0.019495561131103945,-0.22769063950501123,0.9735351612232884
1785259744.0112758,0.9348313212394714,-0.28607940673828125,0.7494528293609619,0.0024870946761458047,-0.019495561131103945,-0.22769063950501123,0.9735351612232884
1785259744.0465012,0.9348313212394714,-0.28607940673828125,0.7494538426399231,0.0024787121810909063,-0.019502622084884323,-0.2276906717178365,0.9735350336430724
1785259744.0562751,0.9348313212394714,-0.28607940673828125,0.7494538426399231,0.0024787121810909063,-0.019502622084884323,-0.2276906717178365,0.9735350336430724
1785259744.0712774,0.9348313212394714,-0.28607940673828125,0.7494538426399231,0.0024787121810909063,-0.019502622084884323,-0.2276906717178365,0.9735350336430724
1785259744.0912664,0.9348313212394714,-0.28607940673828125,0.7494538426399231,0.0024787121810909063,-0.019502622084884323,-0.2276906717178365,0.9735350336430724
1785259744.1062725,0.9348313212394714,-0.28607940673828125,0.7494538426399231,0.0024787121810909063,-0.019502622084884323,-0.2276906717178365,0.9735350336430724
1785259744.1262798,0.9348313212394714,-0.28607940673828125,0.7494538426399231,0.0024787121810909063,-0.019502622084884323,-0.2276906717178365,0.9735350336430724
1785259744.131268,0.9348313212394714,-0.28607940673828125,0.7494538426399231,0.0024787121810909063,-0.019502622084884323,-0.2276906717178365,0.9735350336430724
1785259744.3713,0.9348313212394714,-0.28607940673828125,0.7494538426399231,0.0024779466182526374,-0.01950582631886326,-0.22769063617333335,0.9735349797101068
1785259744.4112856,0.9348313212394714,-0.28607940673828125,0.7494538426399231,0.0024779466182526374,-0.01950582631886326,-0.22769063617333335,0.9735349797101068
1785259744.4512615,0.9348313212394714,-0.28607940673828125,0.7494538426399231,0.0024779466182526374,-0.01950582631886326,-0.22769063617333335,0.9735349797101068
1785259744.4912965,0.9348313212394714,-0.28607940673828125,0.7494612336158752,0.0024624840707793876,-0.01951666682448309,-0.22769072868257023,0.9735347800465391
1785259744.5212207,0.9348313212394714,-0.28607940673828125,0.7494612336158752,0.0024624840707793876,-0.01951666682448309,-0.22769072868257023,0.9735347800465391
1785259744.5412138,0.9348313212394714,-0.28607940673828125,0.7494612336158752,0.0024624840707793876,-0.01951666682448309,-0.22769072868257023,0.9735347800465391
1785259744.561211,0.9348313212394714,-0.28607940673828125,0.7494528293609619,0.002485648671395762,-0.019501650988088495,-0.22769057177210994,0.973535058786026
1785259744.5662796,0.9348313212394714,-0.28607940673828125,0.7494528293609619,0.002485648671395762,-0.019501650988088495,-0.22769057177210994,0.973535058786026
1785259744.6263337,0.9348313212394714,-0.28607940673828125,0.7494528293609619,0.002485648671395762,-0.019501650988088495,-0.22769057177210994,0.973535058786026
1785259744.666287,0.9348313212394714,-0.28607940673828125,0.7494538426399231,0.0024775495191493102,-0.01950769379906565,-0.22769061464544407,0.9735349483369368
1785259744.8312922,0.9348313212394714,-0.28607940673828125,0.7494612336158752,0.002462164163531548,-0.019518229138747366,-0.22769071048334932,0.9735347537907966
1785259744.9212205,0.9348313212394714,-0.28607940673828125,0.7494528293609619,0.0024853926787405676,-0.019502956670348064,-0.2276905563564976,0.9735350368889737
1785259744.9262736,0.9348313212394714,-0.28607940673828125,0.7494528293609619,0.0024853926787405676,-0.019502956670348064,-0.2276905563564976,0.9735350368889737
1785259744.936279,0.9348313212394714,-0.28607940673828125,0.7494528293609619,0.0024853926787405676,-0.019502956670348064,-0.2276905563564976,0.9735350368889737
1785259744.9512823,0.9348313212394714,-0.28607940673828125,0.7494528293609619,0.0024853926787405676,-0.019502956670348064,-0.2276905563564976,0.9735350368889737
1785259744.9662824,0.9348313212394714,-0.28607940673828125,0.7494538426399231,0.0024773432582937604,-0.019508791170351644,-0.22769060154729462,0.9735349299354817
1785259744.9712968,0.9348313212394714,-0.28607940673828125,0.7494538426399231,0.0024773432582937604,-0.019508791170351644,-0.22769060154729462,0.9735349299354817
1785259744.9862626,0.9348313212394714,-0.28607940673828125,0.7494538426399231,0.0024773432582937604,-0.019508791170351644,-0.22769060154729462,0.9735349299354817
1785259745.0212257,0.9348313212394714,-0.28607940673828125,0.7494538426399231,0.0024773432582937604,-0.019508791170351644,-0.22769060154729462,0.9735349299354817
1785259745.0262673,0.9348313212394714,-0.28607940673828125,0.7494538426399231,0.0024773432582937604,-0.019508791170351644,-0.22769060154729462,0.9735349299354817
1785259745.031278,0.9348313212394714,-0.28607940673828125,0.7494538426399231,0.0024773432582937604,-0.019508791170351644,-0.22769060154729462,0.9735349299354817
1785259745.0412242,0.9348313212394714,-0.28607940673828125,0.7494538426399231,0.0024773432582937604,-0.019508791170351644,-0.22769060154729462,0.9735349299354817
1785259745.0462687,0.9348313212394714,-0.28607940673828125,0.7494538426399231,0.0024773432582937604,-0.019508791170351644,-0.22769060154729462,0.9735349299354817
1785259745.0512824,0.9348313212394714,-0.28607940673828125,0.7494538426399231,0.0024773432582937604,-0.019508791170351644,-0.22769060154729462,0.9735349299354817
1785259745.0563402,0.9348313212394714,-0.28607940673828125,0.7494612336158752,0.0024619977256526236,-0.01951915030728171,-0.22769069938562828,0.9735347383384756
1785259745.0662837,0.9348313212394714,-0.28607940673828125,0.7494612336158752,0.0024619977256526236,-0.01951915030728171,-0.22769069938562828,0.9735347383384756
1785259745.0762625,0.9348313212394714,-0.28607940673828125,0.7494612336158752,0.0024619977256526236,-0.01951915030728171,-0.22769069938562828,0.9735347383384756
1785259745.0862703,0.9348313212394714,-0.28607940673828125,0.7494612336158752,0.0024619977256526236,-0.01951915030728171,-0.22769069938562828,0.9735347383384756
1785259745.091265,0.9348313212394714,-0.28607940673828125,0.7494612336158752,0.0024619977256526236,-0.01951915030728171,-0.22769069938562828,0.9735347383384756
1785259745.0962832,0.9348313212394714,-0.28607940673828125,0.7494612336158752,0.0024619977256526236,-0.01951915030728171,-0.22769069938562828,0.9735347383384756
1785259745.101229,0.9348313212394714,-0.28607940673828125,0.7494612336158752,0.0024619977256526236,-0.01951915030728171,-0.22769069938562828,0.9735347383384756
1785259745.1112816,0.9348313212394714,-0.28607940673828125,0.7494612336158752,0.0024619977256526236,-0.01951915030728171,-0.22769069938562828,0.9735347383384756
1785259745.1162765,0.9348313212394714,-0.28607940673828125,0.7494612336158752,0.0024619977256526236,-0.01951915030728171,-0.22769069938562828,0.9735347383384756
1785259745.1212265,0.9348313212394714,-0.28607940673828125,0.7494612336158752,0.0024619977256526236,-0.01951915030728171,-0.22769069938562828,0.9735347383384756
1785259745.1262774,0.9348313212394714,-0.28607940673828125,0.7494612336158752,0.0024619977256526236,-0.01951915030728171,-0.22769069938562828,0.9735347383384756
1785259745.1312668,0.9348313212394714,-0.28607940673828125,0.7494612336158752,0.0024619977256526236,-0.01951915030728171,-0.22769069938562828,0.9735347383384756
1785259745.136271,0.9348313212394714,-0.28607940673828125,0.7494612336158752,0.0024619977256526236,-0.01951915030728171,-0.22769069938562828,0.9735347383384756
1785259745.1462617,0.9348313212394714,-0.28607940673828125,0.7494612336158752,0.0024619977256526236,-0.01951915030728171,-0.22769069938562828,0.9735347383384756
1785259745.1512794,0.9348313212394714,-0.28607940673828125,0.7494612336158752,0.0024619977256526236,-0.01951915030728171,-0.22769069938562828,0.9735347383384756
1785259745.256371,0.9348313212394714,-0.28607940673828125,0.7494538426399231,0.0024802346259417806,-0.019496659120572413,-0.2276907362445214,0.9735351341106105
1785259745.2762597,0.9348313212394714,-0.28607940673828125,0.7494538426399231,0.0024802346259417806,-0.019496659120572413,-0.2276907362445214,0.9735351341106105
1785259745.2812102,0.9348313212394714,-0.28607940673828125,0.7494538426399231,0.0024802346259417806,-0.019496659120572413,-0.2276907362445214,0.9735351341106105
1785259745.2912567,0.9348313212394714,-0.28607940673828125,0.7494538426399231,0.0024802346259417806,-0.019496659120572413,-0.2276907362445214,0.9735351341106105
1785259745.2962587,0.9348313212394714,-0.28607940673828125,0.7494538426399231,0.0024802346259417806,-0.019496659120572413,-0.2276907362445214,0.9735351341106105
1785259745.3012452,0.9348313212394714,-0.28607940673828125,0.7494538426399231,0.0024802346259417806,-0.019496659120572413,-0.2276907362445214,0.9735351341106105
1785259745.3113282,0.9348313212394714,-0.28607940673828125,0.7494538426399231,0.0024802346259417806,-0.019496659120572413,-0.2276907362445214,0.9735351341106105
1785259745.3212414,0.9348313212394714,-0.28607940673828125,0.7494538426399231,0.0024802346259417806,-0.019496659120572413,-0.2276907362445214,0.9735351341106105
1785259745.3263142,0.9348313212394714,-0.28607940673828125,0.7494538426399231,0.0024802346259417806,-0.019496659120572413,-0.2276907362445214,0.9735351341106105
1785259745.3313057,0.9348313212394714,-0.28607940673828125,0.7494538426399231,0.0024802346259417806,-0.019496659120572413,-0.2276907362445214,0.9735351341106105
1785259745.3362818,0.9348313212394714,-0.28607940673828125,0.7494538426399231,0.0024802346259417806,-0.019496659120572413,-0.2276907362445214,0.9735351341106105
1785259745.3513165,0.9348313212394714,-0.28607940673828125,0.7494538426399231,0.0024802346259417806,-0.019496659120572413,-0.2276907362445214,0.9735351341106105
1785259745.3862753,0.9348313212394714,-0.28607940673828125,0.7494612336158752,0.002464318398570627,-0.019509118632490594,-0.227690811829562,0.9735349072495596
1785259745.41127,0.9348313212394714,-0.28607940673828125,0.7494612336158752,0.002464318398570627,-0.019509118632490594,-0.227690811829562,0.9735349072495596
1785259745.4162726,0.9348313212394714,-0.28607940673828125,0.7494612336158752,0.002464318398570627,-0.019509118632490594,-0.227690811829562,0.9735349072495596
1785259745.421249,0.9348313212394714,-0.28607940673828125,0.7494612336158752,0.002464318398570627,-0.019509118632490594,-0.227690811829562,0.9735349072495596
1785259745.4262962,0.9348313212394714,-0.28607940673828125,0.7494612336158752,0.002464318398570627,-0.019509118632490594,-0.227690811829562,0.9735349072495596
1785259745.4412425,0.9348313212394714,-0.28607940673828125,0.7494612336158752,0.002464318398570627,-0.019509118632490594,-0.227690811829562,0.9735349072495596
1785259745.606274,0.9348313212394714,-0.28607940673828125,0.7494538426399231,0.0024787321503948433,-0.019502477577151678,-0.22769067356121386,0.973535036055981
1785259745.621222,0.9348313212394714,-0.28607940673828125,0.7494538426399231,0.0024787321503948433,-0.019502477577151678,-0.22769067356121386,0.973535036055981
1785259745.6263552,0.9348313212394714,-0.28607940673828125,0.7494538426399231,0.0024787321503948433,-0.019502477577151678,-0.22769067356121386,0.973535036055981
1785259745.6313126,0.9348313212394714,-0.28607940673828125,0.7494538426399231,0.0024787321503948433,-0.019502477577151678,-0.22769067356121386,0.973535036055981
1785259745.636272,0.9348313212394714,-0.28607940673828125,0.7494538426399231,0.0024787321503948433,-0.019502477577151678,-0.22769067356121386,0.973535036055981
1785259745.8362772,0.9348313212394714,-0.28607940673828125,0.7494528293609619,0.0024861553660999484,-0.019499319529560244,-0.22769059847853784,0.9735350979465841
1785259745.8512776,0.9348313212394714,-0.28607940673828125,0.7494528293609619,0.0024861553660999484,-0.019499319529560244,-0.22769059847853784,0.9735350979465841
1785259745.8612134,0.9348313212394714,-0.28607940673828125,0.7494528293609619,0.0024861553660999484,-0.019499319529560244,-0.22769059847853784,0.9735350979465841
1785259745.8712747,0.9348313212394714,-0.28607940673828125,0.7494538426399231,0.0024779575923882706,-0.01950574473372048,-0.22769063721909552,0.9735349810722342
1785259745.881227,0.9348313212394714,-0.28607940673828125,0.7494538426399231,0.0024779575923882706,-0.01950574473372048,-0.22769063721909552,0.9735349810722342
1785259745.8963017,0.9348313212394714,-0.28607940673828125,0.7494538426399231,0.0024779575923882706,-0.01950574473372048,-0.22769063721909552,0.9735349810722342
1785259745.9112835,0.9348313212394714,-0.28607940673828125,0.7494538426399231,0.0024779575923882706,-0.01950574473372048,-0.22769063721909552,0.9735349810722342
1785259745.9312847,0.9348313212394714,-0.28607940673828125,0.7494538426399231,0.0024779575923882706,-0.01950574473372048,-0.22769063721909552,0.9735349810722342
1785259745.9363198,0.9348313212394714,-0.28607940673828125,0.7494538426399231,0.0024779575923882706,-0.01950574473372048,-0.22769063721909552,0.9735349810722342
1785259745.9462755,0.9348313212394714,-0.28607940673828125,0.7494538426399231,0.0024779575923882706,-0.01950574473372048,-0.22769063721909552,0.9735349810722342
1785259745.951262,0.9348313212394714,-0.28607940673828125,0.7494538426399231,0.0024779575923882706,-0.01950574473372048,-0.22769063721909552,0.9735349810722342
1785259745.961245,0.9348313212394714,-0.28607940673828125,0.7494538426399231,0.0024779575923882706,-0.01950574473372048,-0.22769063721909552,0.9735349810722342
1785259745.9812386,0.9348313212394714,-0.28607940673828125,0.7494612336158752,0.002462492555057475,-0.019516599957345743,-0.22769072954757197,0.9735347811632699
1785259745.9962792,0.9348313212394714,-0.28607940673828125,0.7494612336158752,0.002462492555057475,-0.019516599957345743,-0.22769072954757197,0.9735347811632699
1785259746.0012248,0.9348313212394714,-0.28607940673828125,0.7494612336158752,0.002462492555057475,-0.019516599957345743,-0.22769072954757197,0.9735347811632699
1785259746.0112622,0.9348313212394714,-0.28607940673828125,0.7494612336158752,0.002462492555057475,-0.019516599957345743,-0.22769072954757197,0.9735347811632699
1785259746.01628,0.9348313212394714,-0.28607940673828125,0.7494612336158752,0.002462492555057475,-0.019516599957345743,-0.22769072954757197,0.9735347811632699
1785259746.0262787,0.9348313212394714,-0.28607940673828125,0.7494612336158752,0.002462492555057475,-0.019516599957345743,-0.22769072954757197,0.9735347811632699
1785259746.0312858,0.9348313212394714,-0.28607940673828125,0.7494612336158752,0.002462492555057475,-0.019516599957345743,-0.22769072954757197,0.9735347811632699
1785259746.0362732,0.9348313212394714,-0.28607940673828125,0.7494612336158752,0.002462492555057475,-0.019516599957345743,-0.22769072954757197,0.9735347811632699
1785259746.0412266,0.9348313212394714,-0.28607940673828125,0.7494612336158752,0.002462492555057475,-0.019516599957345743,-0.22769072954757197,0.9735347811632699
1785259746.0462744,0.9348313212394714,-0.28607940673828125,0.7494612336158752,0.002462492555057475,-0.019516599957345743,-0.22769072954757197,0.9735347811632699
1785259746.0512722,0.9348313212394714,-0.28607940673828125,0.7494612336158752,0.002462492555057475,-0.019516599957345743,-0.22769072954757197,0.9735347811632699
1785259746.061237,0.9348313212394714,-0.28607940673828125,0.7494612336158752,0.002462492555057475,-0.019516599957345743,-0.22769072954757197,0.9735347811632699
1785259746.0663471,0.9348313212394714,-0.28607940673828125,0.7494528293609619,0.002485655968309443,-0.01950159531847823,-0.22769057248910451,0.9735350597148648
1785259746.0712986,0.9348313212394714,-0.28607940673828125,0.7494528293609619,0.002485655968309443,-0.01950159531847823,-0.22769057248910451,0.9735350597148648
1785259746.1012301,0.9348313212394714,-0.28607940673828125,0.7494528293609619,0.002485655968309443,-0.01950159531847823,-0.22769057248910451,0.9735350597148648
1785259746.1162634,0.9348313212394714,-0.28607940673828125,0.7494528293609619,0.002485655968309443,-0.01950159531847823,-0.22769057248910451,0.9735350597148648
1785259746.1212559,0.9348313212394714,-0.28607940673828125,0.7494528293609619,0.002485655968309443,-0.01950159531847823,-0.22769057248910451,0.9735350597148648
1785259746.131303,0.9348313212394714,-0.28607940673828125,0.7494528293609619,0.002485655968309443,-0.01950159531847823,-0.22769057248910451,0.9735350597148648
1785259746.1362991,0.9348313212394714,-0.28607940673828125,0.7494528293609619,0.002485655968309443,-0.01950159531847823,-0.22769057248910451,0.9735350597148648
1785259746.141243,0.9348313212394714,-0.28607940673828125,0.7494528293609619,0.002485655968309443,-0.01950159531847823,-0.22769057248910451,0.9735350597148648
1785259746.1462815,0.9348313212394714,-0.28607940673828125,0.7494528293609619,0.002485655968309443,-0.01950159531847823,-0.22769057248910451,0.9735350597148648
1785259746.1512647,0.9348313212394714,-0.28607940673828125,0.7494528293609619,0.002485655968309443,-0.01950159531847823,-0.22769057248910451,0.9735350597148648
1785259746.1612418,0.9348313212394714,-0.28607940673828125,0.7494528293609619,0.002485655968309443,-0.01950159531847823,-0.22769057248910451,0.9735350597148648
1785259746.1762834,0.9348313212394714,-0.28607940673828125,0.7494538426399231,0.0024775560820169042,-0.019507649433023553,-0.22769061520432793,0.9735349490785287
1785259746.1912594,0.9348313212394714,-0.28607940673828125,0.7494538426399231,0.0024775560820169042,-0.019507649433023553,-0.22769061520432793,0.9735349490785287
1785259746.201207,0.9348313212394714,-0.28607940673828125,0.7494538426399231,0.0024775560820169042,-0.019507649433023553,-0.22769061520432793,0.9735349490785287
1785259746.2062962,0.9348313212394714,-0.28607940673828125,0.7494538426399231,0.0024775560820169042,-0.019507649433023553,-0.22769061520432793,0.9735349490785287
1785259746.2112641,0.9348313212394714,-0.28607940673828125,0.7494538426399231,0.0024775560820169042,-0.019507649433023553,-0.22769061520432793,0.9735349490785287
1785259746.2162654,0.9348313212394714,-0.28607940673828125,0.7494538426399231,0.0024775560820169042,-0.019507649433023553,-0.22769061520432793,0.9735349490785287
1785259746.2312891,0.9348313212394714,-0.28607940673828125,0.7494538426399231,0.0024775560820169042,-0.019507649433023553,-0.22769061520432793,0.9735349490785287
1785259746.2362852,0.9348313212394714,-0.28607940673828125,0.7494538426399231,0.0024775560820169042,-0.019507649433023553,-0.22769061520432793,0.9735349490785287
1785259746.2512767,0.9348313212394714,-0.28607940673828125,0.7494538426399231,0.0024775560820169042,-0.019507649433023553,-0.22769061520432793,0.9735349490785287
1785259746.261248,0.9348313212394714,-0.28607940673828125,0.7494538426399231,0.0024775560820169042,-0.019507649433023553,-0.22769061520432793,0.9735349490785287
1785259746.271286,0.9348313212394714,-0.28607940673828125,0.7494612336158752,0.0024621690569045732,-0.01951819394495059,-0.22769071093156693,0.9735347543791851
1785259746.2762864,0.9348313212394714,-0.28607940673828125,0.7494612336158752,0.0024621690569045732,-0.01951819394495059,-0.22769071093156693,0.9735347543791851
1785259746.2812161,0.9348313212394714,-0.28607940673828125,0.7494612336158752,0.0024621690569045732,-0.01951819394495059,-0.22769071093156693,0.9735347543791851
1785259746.2912621,0.9348313212394714,-0.28607940673828125,0.7494612336158752,0.0024621690569045732,-0.01951819394495059,-0.22769071093156693,0.9735347543791851
1785259746.3012226,0.9348313212394714,-0.28607940673828125,0.7494612336158752,0.0024621690569045732,-0.01951819394495059,-0.22769071093156693,0.9735347543791851
1785259746.3062954,0.9348313212394714,-0.28607940673828125,0.7494612336158752,0.0024621690569045732,-0.01951819394495059,-0.22769071093156693,0.9735347543791851
1785259746.3112655,0.9348313212394714,-0.28607940673828125,0.7494612336158752,0.0024621690569045732,-0.01951819394495059,-0.22769071093156693,0.9735347543791851
1785259746.3162596,0.9348313212394714,-0.28607940673828125,0.7494612336158752,0.0024621690569045732,-0.01951819394495059,-0.22769071093156693,0.9735347543791851
1785259746.321217,0.9348313212394714,-0.28607940673828125,0.7494612336158752,0.0024621690569045732,-0.01951819394495059,-0.22769071093156693,0.9735347543791851
1785259746.3262708,0.9348313212394714,-0.28607940673828125,0.7494612336158752,0.0024621690569045732,-0.01951819394495059,-0.22769071093156693,0.9735347543791851
1785259746.3312998,0.9348313212394714,-0.28607940673828125,0.7494612336158752,0.0024621690569045732,-0.01951819394495059,-0.22769071093156693,0.9735347543791851
1785259746.3462627,0.9348313212394714,-0.28607940673828125,0.7494612336158752,0.0024621690569045732,-0.01951819394495059,-0.22769071093156693,0.9735347543791851
1785259746.3512597,0.9348313212394714,-0.28607940673828125,0.7494612336158752,0.0024621690569045732,-0.01951819394495059,-0.22769071093156693,0.9735347543791851
1785259746.3612204,0.9348313212394714,-0.28607940673828125,0.7494612336158752,0.0024621690569045732,-0.01951819394495059,-0.22769071093156693,0.9735347543791851
1785259746.366331,0.9348313212394714,-0.28607940673828125,0.7494528293609619,0.002485396355969667,-0.01950293075481335,-0.2276905566856587,0.9735350373217707
1785259746.3712797,0.9348313212394714,-0.28607940673828125,0.7494528293609619,0.002485396355969667,-0.01950293075481335,-0.2276905566856587,0.9735350373217707
1785259746.3862762,0.9348313212394714,-0.28607940673828125,0.7494528293609619,0.002485396355969667,-0.01950293075481335,-0.2276905566856587,0.9735350373217707
1785259746.3912587,0.9348313212394714,-0.28607940673828125,0.7494528293609619,0.002485396355969667,-0.01950293075481335,-0.2276905566856587,0.9735350373217707
1785259746.396327,0.9348313212394714,-0.28607940673828125,0.7494528293609619,0.002485396355969667,-0.01950293075481335,-0.2276905566856587,0.9735350373217707
1785259746.4012249,0.9348313212394714,-0.28607940673828125,0.7494528293609619,0.002485396355969667,-0.01950293075481335,-0.2276905566856587,0.9735350373217707
1785259746.4112816,0.9348313212394714,-0.28607940673828125,0.7494528293609619,0.002485396355969667,-0.01950293075481335,-0.2276905566856587,0.9735350373217707
1785259746.416268,0.9348313212394714,-0.28607940673828125,0.7494528293609619,0.002485396355969667,-0.01950293075481335,-0.2276905566856587,0.9735350373217707
1785259746.4212358,0.9348313212394714,-0.28607940673828125,0.7494528293609619,0.002485396355969667,-0.01950293075481335,-0.2276905566856587,0.9735350373217707
1785259746.4262655,0.9348313212394714,-0.28607940673828125,0.7494528293609619,0.002485396355969667,-0.01950293075481335,-0.2276905566856587,0.9735350373217707
1785259746.431269,0.9348313212394714,-0.28607940673828125,0.7494528293609619,0.002485396355969667,-0.01950293075481335,-0.2276905566856587,0.9735350373217707
1785259746.4362645,0.9348313212394714,-0.28607940673828125,0.7494528293609619,0.002485396355969667,-0.01950293075481335,-0.2276905566856587,0.9735350373217707
1785259746.441292,0.9348313212394714,-0.28607940673828125,0.7494528293609619,0.002485396355969667,-0.01950293075481335,-0.2276905566856587,0.9735350373217707
1785259746.4462838,0.9348313212394714,-0.28607940673828125,0.7494528293609619,0.002485396355969667,-0.01950293075481335,-0.2276905566856587,0.9735350373217707
1785259746.4512806,0.9348313212394714,-0.28607940673828125,0.7494528293609619,0.002485396355969667,-0.01950293075481335,-0.2276905566856587,0.9735350373217707
1785259746.4563255,0.9348313212394714,-0.28607940673828125,0.7494528293609619,0.002485396355969667,-0.01950293075481335,-0.2276905566856587,0.9735350373217707
1785259746.4663353,0.9348313212394714,-0.28607940673828125,0.7494538426399231,0.0024773478709680637,-0.01950876738614172,-0.2276906018288359,0.9735349303345114
1785259746.4713063,0.9348313212394714,-0.28607940673828125,0.7494538426399231,0.0024773478709680637,-0.01950876738614172,-0.2276906018288359,0.9735349303345114
1785259746.4762816,0.9348313212394714,-0.28607940673828125,0.7494538426399231,0.0024773478709680637,-0.01950876738614172,-0.2276906018288359,0.9735349303345114
1785259746.4812276,0.9348313212394714,-0.28607940673828125,0.7494538426399231,0.0024773478709680637,-0.01950876738614172,-0.2276906018288359,0.9735349303345114
1785259746.5012438,0.9348313212394714,-0.28607940673828125,0.7494538426399231,0.0024773478709680637,-0.01950876738614172,-0.2276906018288359,0.9735349303345114
1785259746.5062778,0.9348313212394714,-0.28607940673828125,0.7494538426399231,0.0024773478709680637,-0.01950876738614172,-0.2276906018288359,0.9735349303345114
1785259746.5112846,0.9348313212394714,-0.28607940673828125,0.7494538426399231,0.0024773478709680637,-0.01950876738614172,-0.2276906018288359,0.9735349303345114
1785259746.5162883,0.9348313212394714,-0.28607940673828125,0.7494538426399231,0.0024773478709680637,-0.01950876738614172,-0.2276906018288359,0.9735349303345114
1785259746.521217,0.9348313212394714,-0.28607940673828125,0.7494538426399231,0.0024773478709680637,-0.01950876738614172,-0.2276906018288359,0.9735349303345114
1785259746.5262938,0.9348313212394714,-0.28607940673828125,0.7494538426399231,0.0024773478709680637,-0.01950876738614172,-0.2276906018288359,0.9735349303345114
1785259746.5312872,0.9348313212394714,-0.28607940673828125,0.7494538426399231,0.0024773478709680637,-0.01950876738614172,-0.2276906018288359,0.9735349303345114
1785259746.5362697,0.9348313212394714,-0.28607940673828125,0.7494538426399231,0.0024773478709680637,-0.01950876738614172,-0.2276906018288359,0.9735349303345114
1785259746.541222,0.9348313212394714,-0.28607940673828125,0.7494538426399231,0.0024773478709680637,-0.01950876738614172,-0.2276906018288359,0.9735349303345114
1785259746.5462668,0.9348313212394714,-0.28607940673828125,0.7494538426399231,0.0024773478709680637,-0.01950876738614172,-0.2276906018288359,0.9735349303345114
1785259746.556294,0.9348313212394714,-0.28607940673828125,0.7494538426399231,0.0024773478709680637,-0.01950876738614172,-0.2276906018288359,0.9735349303345114
1785259746.5712883,0.9348313212394714,-0.28607940673828125,0.7494612336158752,0.0024620010358554567,-0.019519130043533197,-0.22769069963556213,0.973534738677933
1785259746.57628,0.9348313212394714,-0.28607940673828125,0.7494612336158752,0.0024620010358554567,-0.019519130043533197,-0.22769069963556213,0.973534738677933
1785259746.5812232,0.9348313212394714,-0.28607940673828125,0.7494612336158752,0.0024620010358554567,-0.019519130043533197,-0.22769069963556213,0.973534738677933
1785259746.5862753,0.9348313212394714,-0.28607940673828125,0.7494612336158752,0.0024620010358554567,-0.019519130043533197,-0.22769069963556213,0.973534738677933
1785259746.5962994,0.9348313212394714,-0.28607940673828125,0.7494612336158752,0.0024620010358554567,-0.019519130043533197,-0.22769069963556213,0.973534738677933
1785259746.601241,0.9348313212394714,-0.28607940673828125,0.7494612336158752,0.0024620010358554567,-0.019519130043533197,-0.22769069963556213,0.973534738677933
1785259746.6062713,0.9348313212394714,-0.28607940673828125,0.7494612336158752,0.0024620010358554567,-0.019519130043533197,-0.22769069963556213,0.973534738677933
1785259746.611304,0.9348313212394714,-0.28607940673828125,0.7494612336158752,0.0024620010358554567,-0.019519130043533197,-0.22769069963556213,0.973534738677933
1785259746.6262865,0.9348313212394714,-0.28607940673828125,0.7494612336158752,0.0024620010358554567,-0.019519130043533197,-0.22769069963556213,0.973534738677933
1785259746.63127,0.9348313212394714,-0.28607940673828125,0.7494612336158752,0.0024620010358554567,-0.019519130043533197,-0.22769069963556213,0.973534738677933
1785259746.6362689,0.9348313212394714,-0.28607940673828125,0.7494612336158752,0.0024620010358554567,-0.019519130043533197,-0.22769069963556213,0.973534738677933
1785259746.6412163,0.9348313212394714,-0.28607940673828125,0.7494612336158752,0.0024620010358554567,-0.019519130043533197,-0.22769069963556213,0.973534738677933
1785259746.6462653,0.9348313212394714,-0.28607940673828125,0.7494612336158752,0.0024620010358554567,-0.019519130043533197,-0.22769069963556213,0.973534738677933
1785259746.7312748,0.9348313212394714,-0.28607940673828125,0.7494528293609619,0.0024890069940167268,-0.019488092377956408,-0.2276907202704783,0.9735352869836629
1785259746.75627,0.9348313212394714,-0.28607940673828125,0.7494528293609619,0.0024890069940167268,-0.019488092377956408,-0.2276907202704783,0.9735352869836629
1785259746.761246,0.9348313212394714,-0.28607940673828125,0.7494528293609619,0.0024890069940167268,-0.019488092377956408,-0.2276907202704783,0.9735352869836629
1785259746.7712789,0.9348313212394714,-0.28607940673828125,0.7494538426399231,0.0024802366912234884,-0.019496646215816055,-0.22769073640445853,0.9735351343263817
1785259746.7762702,0.9348313212394714,-0.28607940673828125,0.7494538426399231,0.0024802366912234884,-0.019496646215816055,-0.22769073640445853,0.9735351343263817
1785259746.7812188,0.9348313212394714,-0.28607940673828125,0.7494538426399231,0.0024802366912234884,-0.019496646215816055,-0.22769073640445853,0.9735351343263817
1785259746.7962604,0.9348313212394714,-0.28607940673828125,0.7494538426399231,0.0024802366912234884,-0.019496646215816055,-0.22769073640445853,0.9735351343263817
1785259746.801241,0.9348313212394714,-0.28607940673828125,0.7494538426399231,0.0024802366912234884,-0.019496646215816055,-0.22769073640445853,0.9735351343263817
1785259746.8062954,0.9348313212394714,-0.28607940673828125,0.7494538426399231,0.0024802366912234884,-0.019496646215816055,-0.22769073640445853,0.9735351343263817
1785259746.8162894,0.9348313212394714,-0.28607940673828125,0.7494538426399231,0.0024802366912234884,-0.019496646215816055,-0.22769073640445853,0.9735351343263817
1785259746.8212383,0.9348313212394714,-0.28607940673828125,0.7494538426399231,0.0024802366912234884,-0.019496646215816055,-0.22769073640445853,0.9735351343263817
1785259746.826286,0.9348313212394714,-0.28607940673828125,0.7494538426399231,0.0024802366912234884,-0.019496646215816055,-0.22769073640445853,0.9735351343263817
1785259746.8312788,0.9348313212394714,-0.28607940673828125,0.7494538426399231,0.0024802366912234884,-0.019496646215816055,-0.22769073640445853,0.9735351343263817
1785259746.836284,0.9348313212394714,-0.28607940673828125,0.7494538426399231,0.0024802366912234884,-0.019496646215816055,-0.22769073640445853,0.9735351343263817
1785259746.8412378,0.9348313212394714,-0.28607940673828125,0.7494538426399231,0.0024802366912234884,-0.019496646215816055,-0.22769073640445853,0.9735351343263817
1785259746.8512807,0.9348313212394714,-0.28607940673828125,0.7494538426399231,0.0024802366912234884,-0.019496646215816055,-0.22769073640445853,0.9735351343263817
1785259746.8562646,0.9348313212394714,-0.28607940673828125,0.7494538426399231,0.0024802366912234884,-0.019496646215816055,-0.22769073640445853,0.9735351343263817
1785259746.8664615,0.9348313212394714,-0.28607940673828125,0.7494612336158752,0.002464320463850352,-0.01950910572773637,-0.2276908119893969,0.9735349074655539
1785259746.8762841,0.9348313212394714,-0.28607940673828125,0.7494612336158752,0.002464320463850352,-0.01950910572773637,-0.2276908119893969,0.9735349074655539
1785259746.8812268,0.9348313212394714,-0.28607940673828125,0.7494612336158752,0.002464320463850352,-0.01950910572773637,-0.2276908119893969,0.9735349074655539
1785259746.8862815,0.9348313212394714,-0.28607940673828125,0.7494612336158752,0.002464320463850352,-0.01950910572773637,-0.2276908119893969,0.9735349074655539
1785259746.9012437,0.9348313212394714,-0.28607940673828125,0.7494612336158752,0.002464320463850352,-0.01950910572773637,-0.2276908119893969,0.9735349074655539
1785259746.9062755,0.9348313212394714,-0.28607940673828125,0.7494612336158752,0.002464320463850352,-0.01950910572773637,-0.2276908119893969,0.9735349074655539
1785259746.9112778,0.9348313212394714,-0.28607940673828125,0.7494612336158752,0.002464320463850352,-0.01950910572773637,-0.2276908119893969,0.9735349074655539
1785259746.9262729,0.9348313212394714,-0.28607940673828125,0.7494612336158752,0.002464320463850352,-0.01950910572773637,-0.2276908119893969,0.9735349074655539
1785259746.9313111,0.9348313212394714,-0.28607940673828125,0.7494612336158752,0.002464320463850352,-0.01950910572773637,-0.2276908119893969,0.9735349074655539
1785259746.9363182,0.9348313212394714,-0.28607940673828125,0.7494612336158752,0.002464320463850352,-0.01950910572773637,-0.2276908119893969,0.9735349074655539
1785259746.9412522,0.9348313212394714,-0.28607940673828125,0.7494612336158752,0.002464320463850352,-0.01950910572773637,-0.2276908119893969,0.9735349074655539
1785259746.9562614,0.9348313212394714,-0.28607940673828125,0.7494612336158752,0.002464320463850352,-0.01950910572773637,-0.2276908119893969,0.9735349074655539
1785259747.0262754,0.9348313212394714,-0.28607940673828125,0.7494528293609619,0.0024871208988536692,-0.019495381747628895,-0.2276906417702711,0.9735351642187307
1785259747.0363195,0.9348313212394714,-0.28607940673828125,0.7494528293609619,0.0024871208988536692,-0.019495381747628895,-0.2276906417702711,0.9735351642187307
1785259747.0412502,0.9348313212394714,-0.28607940673828125,0.7494528293609619,0.0024871208988536692,-0.019495381747628895,-0.2276906417702711,0.9735351642187307
1785259747.0462928,0.9348313212394714,-0.28607940673828125,0.7494528293609619,0.0024871208988536692,-0.019495381747628895,-0.2276906417702711,0.9735351642187307
1785259747.0512633,0.9348313212394714,-0.28607940673828125,0.7494528293609619,0.0024871208988536692,-0.019495381747628895,-0.2276906417702711,0.9735351642187307
1785259747.0562718,0.9348313212394714,-0.28607940673828125,0.7494528293609619,0.0024871208988536692,-0.019495381747628895,-0.2276906417702711,0.9735351642187307
1785259747.2912784,0.9348313212394714,-0.28607940673828125,0.7494528293609619,0.0024861557043490447,-0.019499311958507803,-0.22769059858684323,0.9735350980720333
1785259747.3262756,0.9348313212394714,-0.28607940673828125,0.7494528293609619,0.0024861557043490447,-0.019499311958507803,-0.22769059858684323,0.9735350980720333
1785259747.3312943,0.9348313212394714,-0.28607940673828125,0.7494528293609619,0.0024861557043490447,-0.019499311958507803,-0.22769059858684323,0.9735350980720333
1785259747.336309,0.9348313212394714,-0.28607940673828125,0.7494528293609619,0.0024861557043490447,-0.019499311958507803,-0.22769059858684323,0.9735350980720333
1785259747.3412454,0.9348313212394714,-0.28607940673828125,0.7494528293609619,0.0024861557043490447,-0.019499311958507803,-0.22769059858684323,0.9735350980720333
1785259747.3462474,0.9348313212394714,-0.28607940673828125,0.7494528293609619,0.0024861557043490447,-0.019499311958507803,-0.22769059858684323,0.9735350980720333
1785259747.3562741,0.9348313212394714,-0.28607940673828125,0.7494528293609619,0.0024861557043490447,-0.019499311958507803,-0.22769059858684323,0.9735350980720333
1785259747.361241,0.9348313212394714,-0.28607940673828125,0.7494528293609619,0.0024861557043490447,-0.019499311958507803,-0.22769059858684323,0.9735350980720333
1785259747.36645,0.9348313212394714,-0.28607940673828125,0.7494538426399231,0.0024779575060715686,-0.01950573897591156,-0.2276906373071185,0.9735349811672307
1785259747.4062848,0.9348313212394714,-0.28607940673828125,0.7494538426399231,0.0024779575060715686,-0.01950573897591156,-0.2276906373071185,0.9735349811672307
1785259747.4212346,0.9348313212394714,-0.28607940673828125,0.7494538426399231,0.0024779575060715686,-0.01950573897591156,-0.2276906373071185,0.9735349811672307
1785259747.4262984,0.9348313212394714,-0.28607940673828125,0.7494538426399231,0.0024779575060715686,-0.01950573897591156,-0.2276906373071185,0.9735349811672307
1785259747.436291,0.9348313212394714,-0.28607940673828125,0.7494538426399231,0.0024779575060715686,-0.01950573897591156,-0.2276906373071185,0.9735349811672307
1785259747.4412422,0.9348313212394714,-0.28607940673828125,0.7494538426399231,0.0024779575060715686,-0.01950573897591156,-0.2276906373071185,0.9735349811672307
1785259747.4562762,0.9348313212394714,-0.28607940673828125,0.7494538426399231,0.0024779575060715686,-0.01950573897591156,-0.2276906373071185,0.9735349811672307
1785259747.4612365,0.9348313212394714,-0.28607940673828125,0.7494538426399231,0.0024779575060715686,-0.01950573897591156,-0.2276906373071185,0.9735349811672307
1785259747.4663618,0.9348313212394714,-0.28607940673828125,0.7494612336158752,0.0024624929220775525,-0.01951659430556422,-0.2276907296264714,0.9735347812571905
1785259747.4712784,0.9348313212394714,-0.28607940673828125,0.7494612336158752,0.0024624929220775525,-0.01951659430556422,-0.2276907296264714,0.9735347812571905
1785259747.4812415,0.9348313212394714,-0.28607940673828125,0.7494612336158752,0.0024624929220775525,-0.01951659430556422,-0.2276907296264714,0.9735347812571905
1785259747.4862785,0.9348313212394714,-0.28607940673828125,0.7494612336158752,0.0024624929220775525,-0.01951659430556422,-0.2276907296264714,0.9735347812571905
1785259747.501232,0.9348313212394714,-0.28607940673828125,0.7494612336158752,0.0024624929220775525,-0.01951659430556422,-0.2276907296264714,0.9735347812571905
1785259747.50631,0.9348313212394714,-0.28607940673828125,0.7494612336158752,0.0024624929220775525,-0.01951659430556422,-0.2276907296264714,0.9735347812571905
1785259747.516276,0.9348313212394714,-0.28607940673828125,0.7494612336158752,0.0024624929220775525,-0.01951659430556422,-0.2276907296264714,0.9735347812571905
1785259747.5212328,0.9348313212394714,-0.28607940673828125,0.7494612336158752,0.0024624929220775525,-0.01951659430556422,-0.2276907296264714,0.9735347812571905
1785259747.5263145,0.9348313212394714,-0.28607940673828125,0.7494612336158752,0.0024624929220775525,-0.01951659430556422,-0.2276907296264714,0.9735347812571905
1785259747.5312836,0.9348313212394714,-0.28607940673828125,0.7494612336158752,0.0024624929220775525,-0.01951659430556422,-0.2276907296264714,0.9735347812571905
1785259747.5362906,0.9348313212394714,-0.28607940673828125,0.7494612336158752,0.0024624929220775525,-0.01951659430556422,-0.2276907296264714,0.9735347812571905
1785259747.5412445,0.9348313212394714,-0.28607940673828125,0.7494612336158752,0.0024624929220775525,-0.01951659430556422,-0.2276907296264714,0.9735347812571905
1785259747.5462885,0.9348313212394714,-0.28607940673828125,0.7494612336158752,0.0024624929220775525,-0.01951659430556422,-0.2276907296264714,0.9735347812571905
1785259747.551296,0.9348313212394714,-0.28607940673828125,0.7494612336158752,0.0024624929220775525,-0.01951659430556422,-0.2276907296264714,0.9735347812571905
1785259747.5562701,0.9348313212394714,-0.28607940673828125,0.7494612336158752,0.0024624929220775525,-0.01951659430556422,-0.2276907296264714,0.9735347812571905
1785259747.5612502,0.9348313212394714,-0.28607940673828125,0.7494612336158752,0.0024624929220775525,-0.01951659430556422,-0.2276907296264714,0.9735347812571905
1785259747.5712764,0.9348313212394714,-0.28607940673828125,0.7494528293609619,0.0024856559107652478,-0.019501591479938855,-0.22769057254780148,0.9735350597781762
1785259747.586277,0.9348313212394714,-0.28607940673828125,0.7494528293609619,0.0024856559107652478,-0.019501591479938855,-0.22769057254780148,0.9735350597781762
1785259747.5912924,0.9348313212394714,-0.28607940673828125,0.7494528293609619,0.0024856559107652478,-0.019501591479938855,-0.22769057254780148,0.9735350597781762
1785259747.5962768,0.9348313212394714,-0.28607940673828125,0.7494528293609619,0.0024856559107652478,-0.019501591479938855,-0.22769057254780148,0.9735350597781762
1785259747.6012309,0.9348313212394714,-0.28607940673828125,0.7494528293609619,0.0024856559107652478,-0.019501591479938855,-0.22769057254780148,0.9735350597781762
1785259747.60626,0.9348313212394714,-0.28607940673828125,0.7494528293609619,0.0024856559107652478,-0.019501591479938855,-0.22769057254780148,0.9735350597781762
1785259747.6212173,0.9348313212394714,-0.28607940673828125,0.7494528293609619,0.0024856559107652478,-0.019501591479938855,-0.22769057254780148,0.9735350597781762
1785259747.6362834,0.9348313212394714,-0.28607940673828125,0.7494528293609619,0.0024856559107652478,-0.019501591479938855,-0.22769057254780148,0.9735350597781762
1785259747.6412687,0.9348313212394714,-0.28607940673828125,0.7494528293609619,0.0024856559107652478,-0.019501591479938855,-0.22769057254780148,0.9735350597781762
1785259747.6462932,0.9348313212394714,-0.28607940673828125,0.7494528293609619,0.0024856559107652478,-0.019501591479938855,-0.22769057254780148,0.9735350597781762
1785259747.651328,0.9348313212394714,-0.28607940673828125,0.7494528293609619,0.0024856559107652478,-0.019501591479938855,-0.22769057254780148,0.9735350597781762
1785259747.6562824,0.9348313212394714,-0.28607940673828125,0.7494528293609619,0.0024856559107652478,-0.019501591479938855,-0.22769057254780148,0.9735350597781762
1785259747.6612775,0.9348313212394714,-0.28607940673828125,0.7494528293609619,0.0024856559107652478,-0.019501591479938855,-0.22769057254780148,0.9735350597781762
1785259747.6712804,0.9348313212394714,-0.28607940673828125,0.7494528293609619,0.0024856559107652478,-0.019501591479938855,-0.22769057254780148,0.9735350597781762
1785259747.7312963,0.9348313212394714,-0.28607940673828125,0.7494538426399231,0.0024775560244724854,-0.019507645594484438,-0.2276906152630135,0.9735349491418662
1785259747.7363303,0.9348313212394714,-0.28607940673828125,0.7494538426399231,0.0024775560244724854,-0.019507645594484438,-0.2276906152630135,0.9735349491418662
1785259747.7462819,0.9348313212394714,-0.28607940673828125,0.7494538426399231,0.0024775560244724854,-0.019507645594484438,-0.2276906152630135,0.9735349491418662
1785259747.7662807,0.9348313212394714,-0.28607940673828125,0.7494538426399231,0.0024775560244724854,-0.019507645594484438,-0.2276906152630135,0.9735349491418662
1785259747.7712624,0.9348313212394714,-0.28607940673828125,0.7494538426399231,0.0024775560244724854,-0.019507645594484438,-0.2276906152630135,0.9735349491418662
1785259747.7962718,0.9348313212394714,-0.28607940673828125,0.7494612336158752,0.002462168970587257,-0.01951818818714252,-0.22769071101955907,0.9735347544742609
1785259747.8012433,0.9348313212394714,-0.28607940673828125,0.7494612336158752,0.002462168970587257,-0.01951818818714252,-0.22769071101955907,0.9735347544742609
1785259747.8113012,0.9348313212394714,-0.28607940673828125,0.7494612336158752,0.002462168970587257,-0.01951818818714252,-0.22769071101955907,0.9735347544742609
1785259747.8163087,0.9348313212394714,-0.28607940673828125,0.7494612336158752,0.002462168970587257,-0.01951818818714252,-0.22769071101955907,0.9735347544742609
1785259747.8262727,0.9348313212394714,-0.28607940673828125,0.7494612336158752,0.002462168970587257,-0.01951818818714252,-0.22769071101955907,0.9735347544742609
1785259747.8312728,0.9348313212394714,-0.28607940673828125,0.7494612336158752,0.002462168970587257,-0.01951818818714252,-0.22769071101955907,0.9735347544742609
1785259747.8362865,0.9348313212394714,-0.28607940673828125,0.7494612336158752,0.002462168970587257,-0.01951818818714252,-0.22769071101955907,0.9735347544742609
1785259747.8412466,0.9348313212394714,-0.28607940673828125,0.7494612336158752,0.002462168970587257,-0.01951818818714252,-0.22769071101955907,0.9735347544742609
1785259747.8462813,0.9348313212394714,-0.28607940673828125,0.7494612336158752,0.002462168970587257,-0.01951818818714252,-0.22769071101955907,0.9735347544742609
1785259747.8512688,0.9348313212394714,-0.28607940673828125,0.7494612336158752,0.002462168970587257,-0.01951818818714252,-0.22769071101955907,0.9735347544742609
1785259747.8562694,0.9348313212394714,-0.28607940673828125,0.7494612336158752,0.002462168970587257,-0.01951818818714252,-0.22769071101955907,0.9735347544742609
1785259747.8612182,0.9348313212394714,-0.28607940673828125,0.7494612336158752,0.002462168970587257,-0.01951818818714252,-0.22769071101955907,0.9735347544742609
1785259747.8712652,0.9348313212394714,-0.28607940673828125,0.7494612336158752,0.002462168970587257,-0.01951818818714252,-0.22769071101955907,0.9735347544742609
1785259747.9262865,0.9348313212394714,-0.28607940673828125,0.7494528293609619,0.0024853953917503505,-0.019502926704220734,-0.2276905567625218,0.9735350373874017
1785259747.931294,0.9348313212394714,-0.28607940673828125,0.7494528293609619,0.0024853953917503505,-0.019502926704220734,-0.2276905567625218,0.9735350373874017
1785259747.9612424,0.9348313212394714,-0.28607940673828125,0.7494528293609619,0.0024853953917503505,-0.019502926704220734,-0.2276905567625218,0.9735350373874017
1785259748.141243,0.9348313212394714,-0.28607940673828125,0.7494612336158752,0.0024620000716357266,-0.019519125992941068,-0.22769069971240402,0.973534738743613
1785259748.1512978,0.9348313212394714,-0.28607940673828125,0.7494612336158752,0.0024620000716357266,-0.019519125992941068,-0.22769069971240402,0.973534738743613
1785259748.1563032,0.9348313212394714,-0.28607940673828125,0.7494612336158752,0.0024620000716357266,-0.019519125992941068,-0.22769069971240402,0.973534738743613
1785259748.161225,0.9348313212394714,-0.28607940673828125,0.7494612336158752,0.0024620000716357266,-0.019519125992941068,-0.22769069971240402,0.973534738743613
1785259748.166314,0.9348313212394714,-0.28607940673828125,0.7494612336158752,0.0024620000716357266,-0.019519125992941068,-0.22769069971240402,0.973534738743613
1785259748.1713085,0.9348313212394714,-0.28607940673828125,0.7494612336158752,0.0024620000716357266,-0.019519125992941068,-0.22769069971240402,0.973534738743613
1785259748.1812136,0.9348313212394714,-0.28607940673828125,0.7494528293609619,0.0024890056052313796,-0.01948809014060589,-0.22769072032703944,0.9735352870187721
1785259748.2112582,0.9348313212394714,-0.28607940673828125,0.7494528293609619,0.0024890056052313796,-0.01948809014060589,-0.22769072032703944,0.9735352870187721
1785259748.2212162,0.9348313212394714,-0.28607940673828125,0.7494528293609619,0.0024890056052313796,-0.01948809014060589,-0.22769072032703944,0.9735352870187721
1785259748.2362795,0.9348313212394714,-0.28607940673828125,0.7494528293609619,0.0024890056052313796,-0.01948809014060589,-0.22769072032703944,0.9735352870187721
1785259748.2463007,0.9348313212394714,-0.28607940673828125,0.7494528293609619,0.0024890056052313796,-0.01948809014060589,-0.22769072032703944,0.9735352870187721
1785259748.2512991,0.9348313212394714,-0.28607940673828125,0.7494528293609619,0.0024890056052313796,-0.01948809014060589,-0.22769072032703944,0.9735352870187721
1785259748.2712705,0.9348313212394714,-0.28607940673828125,0.7494528293609619,0.0024890056052313796,-0.01948809014060589,-0.22769072032703944,0.9735352870187721
1785259748.2763681,0.9348313212394714,-0.28607940673828125,0.7494538426399231,0.002480235727003552,-0.019496642165222483,-0.22769073648128227,0.9735351343919907
1785259748.2812614,0.9348313212394714,-0.28607940673828125,0.7494538426399231,0.002480235727003552,-0.019496642165222483,-0.22769073648128227,0.9735351343919907
1785259748.2912648,0.9348313212394714,-0.28607940673828125,0.7494538426399231,0.002480235727003552,-0.019496642165222483,-0.22769073648128227,0.9735351343919907
1785259748.2962759,0.9348313212394714,-0.28607940673828125,0.7494538426399231,0.002480235727003552,-0.019496642165222483,-0.22769073648128227,0.9735351343919907
1785259748.3062785,0.9348313212394714,-0.28607940673828125,0.7494538426399231,0.002480235727003552,-0.019496642165222483,-0.22769073648128227,0.9735351343919907
1785259748.321237,0.9348313212394714,-0.28607940673828125,0.7494538426399231,0.002480235727003552,-0.019496642165222483,-0.22769073648128227,0.9735351343919907
1785259748.3312855,0.9348313212394714,-0.28607940673828125,0.7494538426399231,0.002480235727003552,-0.019496642165222483,-0.22769073648128227,0.9735351343919907
1785259748.3362887,0.9348313212394714,-0.28607940673828125,0.7494538426399231,0.002480235727003552,-0.019496642165222483,-0.22769073648128227,0.9735351343919907
1785259748.341246,0.9348313212394714,-0.28607940673828125,0.7494538426399231,0.002480235727003552,-0.019496642165222483,-0.22769073648128227,0.9735351343919907
1785259748.3462853,0.9348313212394714,-0.28607940673828125,0.7494538426399231,0.002480235727003552,-0.019496642165222483,-0.22769073648128227,0.9735351343919907
1785259748.36629,0.9348313212394714,-0.28607940673828125,0.7494538426399231,0.002480235727003552,-0.019496642165222483,-0.22769073648128227,0.9735351343919907
1785259748.5812287,0.9348313212394714,-0.28607940673828125,0.7494538426399231,0.0024787315531958898,-0.019502467874776046,-0.2276906737169857,0.9735350362154337
1785259748.5862813,0.9348313212394714,-0.28607940673828125,0.7494538426399231,0.0024787315531958898,-0.019502467874776046,-0.2276906737169857,0.9735350362154337
1785259748.5962667,0.9348313212394714,-0.28607940673828125,0.7494538426399231,0.0024787315531958898,-0.019502467874776046,-0.2276906737169857,0.9735350362154337
1785259748.6062682,0.9348313212394714,-0.28607940673828125,0.7494538426399231,0.0024787315531958898,-0.019502467874776046,-0.2276906737169857,0.9735350362154337
1785259748.611276,0.9348313212394714,-0.28607940673828125,0.7494538426399231,0.0024787315531958898,-0.019502467874776046,-0.2276906737169857,0.9735350362154337
1785259748.6162694,0.9348313212394714,-0.28607940673828125,0.7494538426399231,0.0024787315531958898,-0.019502467874776046,-0.2276906737169857,0.9735350362154337
1785259748.6312764,0.9348313212394714,-0.28607940673828125,0.7494538426399231,0.0024787315531958898,-0.019502467874776046,-0.2276906737169857,0.9735350362154337
1785259748.6362755,0.9348313212394714,-0.28607940673828125,0.7494538426399231,0.0024787315531958898,-0.019502467874776046,-0.2276906737169857,0.9735350362154337
1785259748.6412456,0.9348313212394714,-0.28607940673828125,0.7494538426399231,0.0024787315531958898,-0.019502467874776046,-0.2276906737169857,0.9735350362154337
1785259748.65128,0.9348313212394714,-0.28607940673828125,0.7494538426399231,0.0024787315531958898,-0.019502467874776046,-0.2276906737169857,0.9735350362154337
1785259748.6612177,0.9348313212394714,-0.28607940673828125,0.7494538426399231,0.0024787315531958898,-0.019502467874776046,-0.2276906737169857,0.9735350362154337
1785259748.6662648,0.9348313212394714,-0.28607940673828125,0.7494538426399231,0.0024787315531958898,-0.019502467874776046,-0.2276906737169857,0.9735350362154337
1785259748.686274,0.9348313212394714,-0.28607940673828125,0.7494612336158752,0.0024631155722419865,-0.0195138615583089,-0.22769076041552141,0.9735348272610295
1785259748.7112634,0.9348313212394714,-0.28607940673828125,0.7494612336158752,0.0024631155722419865,-0.0195138615583089,-0.22769076041552141,0.9735348272610295
1785259748.7212307,0.9348313212394714,-0.28607940673828125,0.7494612336158752,0.0024631155722419865,-0.0195138615583089,-0.22769076041552141,0.9735348272610295
1785259748.7262785,0.9348313212394714,-0.28607940673828125,0.7494612336158752,0.0024631155722419865,-0.0195138615583089,-0.22769076041552141,0.9735348272610295
1785259748.7362795,0.9348313212394714,-0.28607940673828125,0.7494612336158752,0.0024631155722419865,-0.0195138615583089,-0.22769076041552141,0.9735348272610295
1785259748.7412515,0.9348313212394714,-0.28607940673828125,0.7494612336158752,0.0024631155722419865,-0.0195138615583089,-0.22769076041552141,0.9735348272610295
1785259748.7462997,0.9348313212394714,-0.28607940673828125,0.7494612336158752,0.0024631155722419865,-0.0195138615583089,-0.22769076041552141,0.9735348272610295
1785259748.751287,0.9348313212394714,-0.28607940673828125,0.7494612336158752,0.0024631155722419865,-0.0195138615583089,-0.22769076041552141,0.9735348272610295
1785259748.7562864,0.9348313212394714,-0.28607940673828125,0.7494612336158752,0.0024631155722419865,-0.0195138615583089,-0.22769076041552141,0.9735348272610295
1785259748.7662654,0.9348313212394714,-0.28607940673828125,0.7494612336158752,0.0024631155722419865,-0.0195138615583089,-0.22769076041552141,0.9735348272610295
1785259748.7763717,0.9348313212394714,-0.28607940673828125,0.7494528293609619,0.0024861556755769185,-0.019499310039238014,-0.2276905986161896,0.9735350981036852
1785259748.7862897,0.9348313212394714,-0.28607940673828125,0.7494528293609619,0.0024861556755769185,-0.019499310039238014,-0.2276905986161896,0.9735350981036852
1785259748.7912724,0.9348313212394714,-0.28607940673828125,0.7494528293609619,0.0024861556755769185,-0.019499310039238014,-0.2276905986161896,0.9735350981036852
1785259748.8012211,0.9348313212394714,-0.28607940673828125,0.7494528293609619,0.0024861556755769185,-0.019499310039238014,-0.2276905986161896,0.9735350981036852
1785259748.8112595,0.9348313212394714,-0.28607940673828125,0.7494528293609619,0.0024861556755769185,-0.019499310039238014,-0.2276905986161896,0.9735350981036852
1785259748.81627,0.9348313212394714,-0.28607940673828125,0.7494528293609619,0.0024861556755769185,-0.019499310039238014,-0.2276905986161896,0.9735350981036852
1785259748.821248,0.9348313212394714,-0.28607940673828125,0.7494528293609619,0.0024861556755769185,-0.019499310039238014,-0.2276905986161896,0.9735350981036852
1785259748.8262877,0.9348313212394714,-0.28607940673828125,0.7494528293609619,0.0024861556755769185,-0.019499310039238014,-0.2276905986161896,0.9735350981036852
1785259748.8312874,0.9348313212394714,-0.28607940673828125,0.7494528293609619,0.0024861556755769185,-0.019499310039238014,-0.2276905986161896,0.9735350981036852
1785259748.8362675,0.9348313212394714,-0.28607940673828125,0.7494528293609619,0.0024861556755769185,-0.019499310039238014,-0.2276905986161896,0.9735350981036852
1785259748.8462832,0.9348313212394714,-0.28607940673828125,0.7494528293609619,0.0024861556755769185,-0.019499310039238014,-0.2276905986161896,0.9735350981036852
1785259748.8512702,0.9348313212394714,-0.28607940673828125,0.7494528293609619,0.0024861556755769185,-0.019499310039238014,-0.2276905986161896,0.9735350981036852
1785259748.8562865,0.9348313212394714,-0.28607940673828125,0.7494528293609619,0.0024861556755769185,-0.019499310039238014,-0.2276905986161896,0.9735350981036852
1785259748.8612266,0.9348313212394714,-0.28607940673828125,0.7494528293609619,0.0024861556755769185,-0.019499310039238014,-0.2276905986161896,0.9735350981036852
1785259748.8662667,0.9348313212394714,-0.28607940673828125,0.7494528293609619,0.0024861556755769185,-0.019499310039238014,-0.2276905986161896,0.9735350981036852
1785259748.8712819,0.9348313212394714,-0.28607940673828125,0.7494528293609619,0.0024861556755769185,-0.019499310039238014,-0.2276905986161896,0.9735350981036852
1785259748.9112709,0.9348313212394714,-0.28607940673828125,0.7494538426399231,0.0024779579306368855,-0.019505737162668638,-0.22769063732737643,0.9735349811977423
1785259748.9162695,0.9348313212394714,-0.28607940673828125,0.7494538426399231,0.0024779579306368855,-0.019505737162668638,-0.22769063732737643,0.9735349811977423
1785259748.9212325,0.9348313212394714,-0.28607940673828125,0.7494538426399231,0.0024779579306368855,-0.019505737162668638,-0.22769063732737643,0.9735349811977423
1785259748.9262724,0.9348313212394714,-0.28607940673828125,0.7494538426399231,0.0024779579306368855,-0.019505737162668638,-0.22769063732737643,0.9735349811977423
1785259748.9312673,0.9348313212394714,-0.28607940673828125,0.7494538426399231,0.0024779579306368855,-0.019505737162668638,-0.22769063732737643,0.9735349811977423
1785259748.9363122,0.9348313212394714,-0.28607940673828125,0.7494538426399231,0.0024779579306368855,-0.019505737162668638,-0.22769063732737643,0.9735349811977423
1785259748.9412541,0.9348313212394714,-0.28607940673828125,0.7494538426399231,0.0024779579306368855,-0.019505737162668638,-0.22769063732737643,0.9735349811977423
1785259748.946292,0.9348313212394714,-0.28607940673828125,0.7494538426399231,0.0024779579306368855,-0.019505737162668638,-0.22769063732737643,0.9735349811977423
1785259748.9512866,0.9348313212394714,-0.28607940673828125,0.7494538426399231,0.0024779579306368855,-0.019505737162668638,-0.22769063732737643,0.9735349811977423
1785259748.956301,0.9348313212394714,-0.28607940673828125,0.7494538426399231,0.0024779579306368855,-0.019505737162668638,-0.22769063732737643,0.9735349811977423
1785259748.9612315,0.9348313212394714,-0.28607940673828125,0.7494538426399231,0.0024779579306368855,-0.019505737162668638,-0.22769063732737643,0.9735349811977423
1785259748.9662633,0.9348313212394714,-0.28607940673828125,0.7494538426399231,0.0024779579306368855,-0.019505737162668638,-0.22769063732737643,0.9735349811977423
1785259748.971293,0.9348313212394714,-0.28607940673828125,0.7494538426399231,0.0024779579306368855,-0.019505737162668638,-0.22769063732737643,0.9735349811977423
1785259748.9812171,0.9348313212394714,-0.28607940673828125,0.7494612336158752,0.002462492439967632,-0.01951659228026804,-0.2276907296648888,0.9735347812900265
1785259748.9862685,0.9348313212394714,-0.28607940673828125,0.7494612336158752,0.002462492439967632,-0.01951659228026804,-0.2276907296648888,0.9735347812900265
1785259748.991295,0.9348313212394714,-0.28607940673828125,0.7494612336158752,0.002462492439967632,-0.01951659228026804,-0.2276907296648888,0.9735347812900265
1785259748.9962888,0.9348313212394714,-0.28607940673828125,0.7494612336158752,0.002462492439967632,-0.01951659228026804,-0.2276907296648888,0.9735347812900265
1785259749.016286,0.9348313212394714,-0.28607940673828125,0.7494612336158752,0.002462492439967632,-0.01951659228026804,-0.2276907296648888,0.9735347812900265
1785259749.0412304,0.9348313212394714,-0.28607940673828125,0.7494612336158752,0.002462492439967632,-0.01951659228026804,-0.2276907296648888,0.9735347812900265
1785259749.046271,0.9348313212394714,-0.28607940673828125,0.7494612336158752,0.002462492439967632,-0.01951659228026804,-0.2276907296648888,0.9735347812900265
1785259749.0513015,0.9348313212394714,-0.28607940673828125,0.7494612336158752,0.002462492439967632,-0.01951659228026804,-0.2276907296648888,0.9735347812900265
1785259749.0562816,0.9348313212394714,-0.28607940673828125,0.7494612336158752,0.002462492439967632,-0.01951659228026804,-0.2276907296648888,0.9735347812900265
1785259749.061251,0.9348313212394714,-0.28607940673828125,0.7494612336158752,0.002462492439967632,-0.01951659228026804,-0.2276907296648888,0.9735347812900265
1785259749.0662832,0.9348313212394714,-0.28607940673828125,0.7494612336158752,0.002462492439967632,-0.01951659228026804,-0.2276907296648888,0.9735347812900265
1785259749.0812848,0.9348313212394714,-0.28607940673828125,0.7494528293609619,0.002485656335330739,-0.01950158966669585,-0.22769057256806882,0.9735350598086745
1785259749.0912716,0.9348313212394714,-0.28607940673828125,0.7494528293609619,0.002485656335330739,-0.01950158966669585,-0.22769057256806882,0.9735350598086745
1785259749.1062787,0.9348313212394714,-0.28607940673828125,0.7494528293609619,0.002485656335330739,-0.01950158966669585,-0.22769057256806882,0.9735350598086745
1785259749.111283,0.9348313212394714,-0.28607940673828125,0.7494528293609619,0.002485656335330739,-0.01950158966669585,-0.22769057256806882,0.9735350598086745
1785259749.1162758,0.9348313212394714,-0.28607940673828125,0.7494528293609619,0.002485656335330739,-0.01950158966669585,-0.22769057256806882,0.9735350598086745
1785259749.1212273,0.9348313212394714,-0.28607940673828125,0.7494528293609619,0.002485656335330739,-0.01950158966669585,-0.22769057256806882,0.9735350598086745
1785259749.1262827,0.9348313212394714,-0.28607940673828125,0.7494528293609619,0.002485656335330739,-0.01950158966669585,-0.22769057256806882,0.9735350598086745
1785259749.131271,0.9348313212394714,-0.28607940673828125,0.7494528293609619,0.002485656335330739,-0.01950158966669585,-0.22769057256806882,0.9735350598086745
1785259749.1362722,0.9348313212394714,-0.28607940673828125,0.7494528293609619,0.002485656335330739,-0.01950158966669585,-0.22769057256806882,0.9735350598086745
1785259749.1412487,0.9348313212394714,-0.28607940673828125,0.7494528293609619,0.002485656335330739,-0.01950158966669585,-0.22769057256806882,0.9735350598086745
1785259749.1462774,0.9348313212394714,-0.28607940673828125,0.7494528293609619,0.002485656335330739,-0.01950158966669585,-0.22769057256806882,0.9735350598086745
1785259749.1712968,0.9348313212394714,-0.28607940673828125,0.7494528293609619,0.002485656335330739,-0.01950158966669585,-0.22769057256806882,0.9735350598086745
1785259749.181243,0.9348313212394714,-0.28607940673828125,0.7494538426399231,0.0024775555423627383,-0.019507643569188174,-0.22769061530144025,0.9735349491746886
1785259749.1862822,0.9348313212394714,-0.28607940673828125,0.7494538426399231,0.0024775555423627383,-0.019507643569188174,-0.22769061530144025,0.9735349491746886
1785259749.19127,0.9348313212394714,-0.28607940673828125,0.7494538426399231,0.0024775555423627383,-0.019507643569188174,-0.22769061530144025,0.9735349491746886
1785259749.2062943,0.9348313212394714,-0.28607940673828125,0.7494538426399231,0.0024775555423627383,-0.019507643569188174,-0.22769061530144025,0.9735349491746886
1785259749.2112865,0.9348313212394714,-0.28607940673828125,0.7494538426399231,0.0024775555423627383,-0.019507643569188174,-0.22769061530144025,0.9735349491746886
1785259749.216292,0.9348313212394714,-0.28607940673828125,0.7494538426399231,0.0024775555423627383,-0.019507643569188174,-0.22769061530144025,0.9735349491746886
1785259749.2212343,0.9348313212394714,-0.28607940673828125,0.7494538426399231,0.0024775555423627383,-0.019507643569188174,-0.22769061530144025,0.9735349491746886
1785259749.2263296,0.9348313212394714,-0.28607940673828125,0.7494538426399231,0.0024775555423627383,-0.019507643569188174,-0.22769061530144025,0.9735349491746886
1785259749.2362704,0.9348313212394714,-0.28607940673828125,0.7494538426399231,0.0024775555423627383,-0.019507643569188174,-0.22769061530144025,0.9735349491746886
1785259749.2412462,0.9348313212394714,-0.28607940673828125,0.7494538426399231,0.0024775555423627383,-0.019507643569188174,-0.22769061530144025,0.9735349491746886
1785259749.2463295,0.9348313212394714,-0.28607940673828125,0.7494538426399231,0.0024775555423627383,-0.019507643569188174,-0.22769061530144025,0.9735349491746886
1785259749.2562819,0.9348313212394714,-0.28607940673828125,0.7494538426399231,0.0024775555423627383,-0.019507643569188174,-0.22769061530144025,0.9735349491746886
1785259749.2612424,0.9348313212394714,-0.28607940673828125,0.7494538426399231,0.0024775555423627383,-0.019507643569188174,-0.22769061530144025,0.9735349491746886
1785259749.2662807,0.9348313212394714,-0.28607940673828125,0.7494538426399231,0.0024775555423627383,-0.019507643569188174,-0.22769061530144025,0.9735349491746886
1785259749.2712634,0.9348313212394714,-0.28607940673828125,0.7494538426399231,0.0024775555423627383,-0.019507643569188174,-0.22769061530144025,0.9735349491746886
1785259749.2863364,0.9348313212394714,-0.28607940673828125,0.7494612336158752,0.002462168063912364,-0.01951818797508902,-0.2276907110377368,0.9735347544765539
1785259749.2962809,0.9348313212394714,-0.28607940673828125,0.7494612336158752,0.002462168063912364,-0.01951818797508902,-0.2276907110377368,0.9735347544765539
1785259749.3012207,0.9348313212394714,-0.28607940673828125,0.7494612336158752,0.002462168063912364,-0.01951818797508902,-0.2276907110377368,0.9735347544765539
1785259749.306268,0.9348313212394714,-0.28607940673828125,0.7494612336158752,0.002462168063912364,-0.01951818797508902,-0.2276907110377368,0.9735347544765539
1785259749.3162587,0.9348313212394714,-0.28607940673828125,0.7494612336158752,0.002462168063912364,-0.01951818797508902,-0.2276907110377368,0.9735347544765539
1785259749.3312838,0.9348313212394714,-0.28607940673828125,0.7494612336158752,0.002462168063912364,-0.01951818797508902,-0.2276907110377368,0.9735347544765539
1785259749.3512905,0.9348313212394714,-0.28607940673828125,0.7494612336158752,0.002462168063912364,-0.01951818797508902,-0.2276907110377368,0.9735347544765539
1785259749.3563023,0.9348313212394714,-0.28607940673828125,0.7494612336158752,0.002462168063912364,-0.01951818797508902,-0.2276907110377368,0.9735347544765539
1785259749.3662798,0.9348313212394714,-0.28607940673828125,0.7494612336158752,0.002462168063912364,-0.01951818797508902,-0.2276907110377368,0.9735347544765539
1785259749.371274,0.9348313212394714,-0.28607940673828125,0.7494612336158752,0.002462168063912364,-0.01951818797508902,-0.2276907110377368,0.9735347544765539
1785259749.381233,0.9348313212394714,-0.28607940673828125,0.7494612336158752,0.002462168063912364,-0.01951818797508902,-0.2276907110377368,0.9735347544765539
1785259749.3962722,0.9348313212394714,-0.28607940673828125,0.7494528293609619,0.0024853958163158487,-0.019502924890977782,-0.22769055678278982,0.9735350374179023
1785259749.4062696,0.9348313212394714,-0.28607940673828125,0.7494528293609619,0.0024853958163158487,-0.019502924890977782,-0.22769055678278982,0.9735350374179023
1785259749.4112685,0.9348313212394714,-0.28607940673828125,0.7494528293609619,0.0024853958163158487,-0.019502924890977782,-0.22769055678278982,0.9735350374179023
1785259749.4212465,0.9348313212394714,-0.28607940673828125,0.7494528293609619,0.0024853958163158487,-0.019502924890977782,-0.22769055678278982,0.9735350374179023
1785259749.43126,0.9348313212394714,-0.28607940673828125,0.7494528293609619,0.0024853958163158487,-0.019502924890977782,-0.22769055678278982,0.9735350374179023
1785259749.441221,0.9348313212394714,-0.28607940673828125,0.7494528293609619,0.0024853958163158487,-0.019502924890977782,-0.22769055678278982,0.9735350374179023
1785259749.446307,0.9348313212394714,-0.28607940673828125,0.7494528293609619,0.0024853958163158487,-0.019502924890977782,-0.22769055678278982,0.9735350374179023
1785259749.451345,0.9348313212394714,-0.28607940673828125,0.7494528293609619,0.0024853958163158487,-0.019502924890977782,-0.22769055678278982,0.9735350374179023
1785259749.4563107,0.9348313212394714,-0.28607940673828125,0.7494528293609619,0.0024853958163158487,-0.019502924890977782,-0.22769055678278982,0.9735350374179023
1785259749.4612284,0.9348313212394714,-0.28607940673828125,0.7494528293609619,0.0024853958163158487,-0.019502924890977782,-0.22769055678278982,0.9735350374179023
1785259749.4662628,0.9348313212394714,-0.28607940673828125,0.7494528293609619,0.0024853958163158487,-0.019502924890977782,-0.22769055678278982,0.9735350374179023
1785259749.4712613,0.9348313212394714,-0.28607940673828125,0.7494528293609619,0.0024853958163158487,-0.019502924890977782,-0.22769055678278982,0.9735350374179023
1785259749.4762707,0.9348313212394714,-0.28607940673828125,0.7494528293609619,0.0024853958163158487,-0.019502924890977782,-0.22769055678278982,0.9735350374179023
1785259749.5012252,0.9348313212394714,-0.28607940673828125,0.7494538426399231,0.002477346424638898,-0.019508761310253087,-0.22769060194412097,0.9735349304329843
1785259749.5062609,0.9348313212394714,-0.28607940673828125,0.7494538426399231,0.002477346424638898,-0.019508761310253087,-0.22769060194412097,0.9735349304329843
1785259749.516264,0.9348313212394714,-0.28607940673828125,0.7494538426399231,0.002477346424638898,-0.019508761310253087,-0.22769060194412097,0.9735349304329843
1785259749.5212827,0.9348313212394714,-0.28607940673828125,0.7494538426399231,0.002477346424638898,-0.019508761310253087,-0.22769060194412097,0.9735349304329843
1785259749.53628,0.9348313212394714,-0.28607940673828125,0.7494538426399231,0.002477346424638898,-0.019508761310253087,-0.22769060194412097,0.9735349304329843
1785259749.541249,0.9348313212394714,-0.28607940673828125,0.7494538426399231,0.002477346424638898,-0.019508761310253087,-0.22769060194412097,0.9735349304329843
1785259749.5462873,0.9348313212394714,-0.28607940673828125,0.7494538426399231,0.002477346424638898,-0.019508761310253087,-0.22769060194412097,0.9735349304329843
1785259749.551279,0.9348313212394714,-0.28607940673828125,0.7494538426399231,0.002477346424638898,-0.019508761310253087,-0.22769060194412097,0.9735349304329843
1785259749.5562687,0.9348313212394714,-0.28607940673828125,0.7494538426399231,0.002477346424638898,-0.019508761310253087,-0.22769060194412097,0.9735349304329843
1785259749.5712848,0.9348313212394714,-0.28607940673828125,0.7494538426399231,0.002477346424638898,-0.019508761310253087,-0.22769060194412097,0.9735349304329843
1785259749.6212113,0.9348313212394714,-0.28607940673828125,0.7494612336158752,0.002462000496200741,-0.0195191241796985,-0.22769069973264638,0.9735347387741602
1785259749.6263003,0.9348313212394714,-0.28607940673828125,0.7494612336158752,0.002462000496200741,-0.0195191241796985,-0.22769069973264638,0.9735347387741602
1785259749.6362786,0.9348313212394714,-0.28607940673828125,0.7494612336158752,0.002462000496200741,-0.0195191241796985,-0.22769069973264638,0.9735347387741602
1785259749.6412334,0.9348313212394714,-0.28607940673828125,0.7494612336158752,0.002462000496200741,-0.0195191241796985,-0.22769069973264638,0.9735347387741602
1785259749.6462793,0.9348313212394714,-0.28607940673828125,0.7494612336158752,0.002462000496200741,-0.0195191241796985,-0.22769069973264638,0.9735347387741602
1785259749.9762597,0.9348313212394714,-0.28607940673828125,0.7494612336158752,0.0024643199529677286,-0.019509101783170092,-0.22769081205712663,0.9735349075300535
1785259749.981222,0.9348313212394714,-0.28607940673828125,0.7494612336158752,0.0024643199529677286,-0.019509101783170092,-0.22769081205712663,0.9735349075300535
1785259750.0162585,0.9348313212394714,-0.28607940673828125,0.7494528293609619,0.0024871199346340423,-0.019495377697035552,-0.22769064184711335,0.9735351642843366
1785259750.021206,0.9348313212394714,-0.28607940673828125,0.7494528293609619,0.0024871199346340423,-0.019495377697035552,-0.22769064184711335,0.9735351642843366
1785259750.0262668,0.9348313212394714,-0.28607940673828125,0.7494528293609619,0.0024871199346340423,-0.019495377697035552,-0.22769064184711335,0.9735351642843366
1785259750.0312765,0.9348313212394714,-0.28607940673828125,0.7494528293609619,0.0024871199346340423,-0.019495377697035552,-0.22769064184711335,0.9735351642843366
1785259750.041208,0.9348313212394714,-0.28607940673828125,0.7494528293609619,0.0024871199346340423,-0.019495377697035552,-0.22769064184711335,0.9735351642843366
1785259750.0462599,0.9348313212394714,-0.28607940673828125,0.7494528293609619,0.0024871199346340423,-0.019495377697035552,-0.22769064184711335,0.9735351642843366
1785259750.0562685,0.9348313212394714,-0.28607940673828125,0.7494528293609619,0.0024871199346340423,-0.019495377697035552,-0.22769064184711335,0.9735351642843366
1785259750.0612147,0.9348313212394714,-0.28607940673828125,0.7494528293609619,0.0024871199346340423,-0.019495377697035552,-0.22769064184711335,0.9735351642843366
1785259750.0662632,0.9348313212394714,-0.28607940673828125,0.7494528293609619,0.0024871199346340423,-0.019495377697035552,-0.22769064184711335,0.9735351642843366
1785259750.0712748,0.9348313212394714,-0.28607940673828125,0.7494528293609619,0.0024871199346340423,-0.019495377697035552,-0.22769064184711335,0.9735351642843366
1785259750.0762684,0.9348313212394714,-0.28607940673828125,0.7494528293609619,0.0024871199346340423,-0.019495377697035552,-0.22769064184711335,0.9735351642843366
1785259750.0812123,0.9348313212394714,-0.28607940673828125,0.7494528293609619,0.0024871199346340423,-0.019495377697035552,-0.22769064184711335,0.9735351642843366
1785259750.0862784,0.9348313212394714,-0.28607940673828125,0.7494528293609619,0.0024871199346340423,-0.019495377697035552,-0.22769064184711335,0.9735351642843366
1785259750.0912764,0.9348313212394714,-0.28607940673828125,0.7494528293609619,0.0024871199346340423,-0.019495377697035552,-0.22769064184711335,0.9735351642843366
1785259750.0962763,0.9348313212394714,-0.28607940673828125,0.7494528293609619,0.0024871199346340423,-0.019495377697035552,-0.22769064184711335,0.9735351642843366
1785259750.1012204,0.9348313212394714,-0.28607940673828125,0.7494528293609619,0.0024871199346340423,-0.019495377697035552,-0.22769064184711335,0.9735351642843366
1785259750.1312792,0.9348313212394714,-0.28607940673828125,0.7494538426399231,0.0024787315531958898,-0.019502467874776046,-0.2276906737169857,0.9735350362154337
1785259750.1362865,0.9348313212394714,-0.28607940673828125,0.7494538426399231,0.0024787315531958898,-0.019502467874776046,-0.2276906737169857,0.9735350362154337
1785259750.151275,0.9348313212394714,-0.28607940673828125,0.7494538426399231,0.0024787315531958898,-0.019502467874776046,-0.2276906737169857,0.9735350362154337
1785259750.1562877,0.9348313212394714,-0.28607940673828125,0.7494538426399231,0.0024787315531958898,-0.019502467874776046,-0.2276906737169857,0.9735350362154337
1785259750.1612225,0.9348313212394714,-0.28607940673828125,0.7494538426399231,0.0024787315531958898,-0.019502467874776046,-0.2276906737169857,0.9735350362154337
1785259750.166265,0.9348313212394714,-0.28607940673828125,0.7494538426399231,0.0024787315531958898,-0.019502467874776046,-0.2276906737169857,0.9735350362154337
1785259750.1762872,0.9348313212394714,-0.28607940673828125,0.7494538426399231,0.0024787315531958898,-0.019502467874776046,-0.2276906737169857,0.9735350362154337
1785259750.1863358,0.9348313212394714,-0.28607940673828125,0.7494612336158752,0.0024631155722419865,-0.0195138615583089,-0.22769076041552141,0.9735348272610295
1785259750.2112882,0.9348313212394714,-0.28607940673828125,0.7494612336158752,0.0024631155722419865,-0.0195138615583089,-0.22769076041552141,0.9735348272610295
1785259750.216278,0.9348313212394714,-0.28607940673828125,0.7494612336158752,0.0024631155722419865,-0.0195138615583089,-0.22769076041552141,0.9735348272610295
1785259750.221226,0.9348313212394714,-0.28607940673828125,0.7494612336158752,0.0024631155722419865,-0.0195138615583089,-0.22769076041552141,0.9735348272610295
1785259750.2262905,0.9348313212394714,-0.28607940673828125,0.7494612336158752,0.0024631155722419865,-0.0195138615583089,-0.22769076041552141,0.9735348272610295
1785259750.2312784,0.9348313212394714,-0.28607940673828125,0.7494612336158752,0.0024631155722419865,-0.0195138615583089,-0.22769076041552141,0.9735348272610295
1785259750.2363112,0.9348313212394714,-0.28607940673828125,0.7494612336158752,0.0024631155722419865,-0.0195138615583089,-0.22769076041552141,0.9735348272610295
1785259750.2412374,0.9348313212394714,-0.28607940673828125,0.7494612336158752,0.0024631155722419865,-0.0195138615583089,-0.22769076041552141,0.9735348272610295
1785259750.2463202,0.9348313212394714,-0.28607940673828125,0.7494612336158752,0.0024631155722419865,-0.0195138615583089,-0.22769076041552141,0.9735348272610295
1785259750.2512782,0.9348313212394714,-0.28607940673828125,0.7494612336158752,0.0024631155722419865,-0.0195138615583089,-0.22769076041552141,0.9735348272610295
1785259750.2562692,0.9348313212394714,-0.28607940673828125,0.7494612336158752,0.0024631155722419865,-0.0195138615583089,-0.22769076041552141,0.9735348272610295
1785259750.2612364,0.9348313212394714,-0.28607940673828125,0.7494612336158752,0.0024631155722419865,-0.0195138615583089,-0.22769076041552141,0.9735348272610295
1785259750.27626,0.9348313212394714,-0.28607940673828125,0.7494612336158752,0.0024631155722419865,-0.0195138615583089,-0.22769076041552141,0.9735348272610295
1785259750.281225,0.9348313212394714,-0.28607940673828125,0.7494612336158752,0.0024631155722419865,-0.0195138615583089,-0.22769076041552141,0.9735348272610295
1785259750.296265,0.9348313212394714,-0.28607940673828125,0.7494528293609619,0.0024861556755769185,-0.019499310039238014,-0.2276905986161896,0.9735350981036852
1785259750.3512762,0.9348313212394714,-0.28607940673828125,0.7494528293609619,0.0024861556755769185,-0.019499310039238014,-0.2276905986161896,0.9735350981036852
1785259750.3612263,0.9348313212394714,-0.28607940673828125,0.7494528293609619,0.0024861556755769185,-0.019499310039238014,-0.2276905986161896,0.9735350981036852
1785259750.3762624,0.9348313212394714,-0.28607940673828125,0.7494528293609619,0.0024861556755769185,-0.019499310039238014,-0.2276905986161896,0.9735350981036852
1785259750.381299,0.9348313212394714,-0.28607940673828125,0.7494528293609619,0.0024861556755769185,-0.019499310039238014,-0.2276905986161896,0.9735350981036852
1785259750.391271,0.9348313212394714,-0.28607940673828125,0.7494538426399231,0.0024779579306368855,-0.019505737162668638,-0.22769063732737643,0.9735349811977423
1785259750.3962755,0.9348313212394714,-0.28607940673828125,0.7494538426399231,0.0024779579306368855,-0.019505737162668638,-0.22769063732737643,0.9735349811977423
1785259750.4062605,0.9348313212394714,-0.28607940673828125,0.7494538426399231,0.0024779579306368855,-0.019505737162668638,-0.22769063732737643,0.9735349811977423
1785259750.411275,0.9348313212394714,-0.28607940673828125,0.7494538426399231,0.0024779579306368855,-0.019505737162668638,-0.22769063732737643,0.9735349811977423
1785259750.4212277,0.9348313212394714,-0.28607940673828125,0.7494538426399231,0.0024779579306368855,-0.019505737162668638,-0.22769063732737643,0.9735349811977423
1785259750.4262981,0.9348313212394714,-0.28607940673828125,0.7494538426399231,0.0024779579306368855,-0.019505737162668638,-0.22769063732737643,0.9735349811977423
1785259750.4462767,0.9348313212394714,-0.28607940673828125,0.7494538426399231,0.0024779579306368855,-0.019505737162668638,-0.22769063732737643,0.9735349811977423
1785259750.451286,0.9348313212394714,-0.28607940673828125,0.7494538426399231,0.0024779579306368855,-0.019505737162668638,-0.22769063732737643,0.9735349811977423
1785259750.4563346,0.9348313212394714,-0.28607940673828125,0.7494538426399231,0.0024779579306368855,-0.019505737162668638,-0.22769063732737643,0.9735349811977423
1785259750.4612567,0.9348313212394714,-0.28607940673828125,0.7494538426399231,0.0024779579306368855,-0.019505737162668638,-0.22769063732737643,0.9735349811977423
1785259750.4663327,0.9348313212394714,-0.28607940673828125,0.7494538426399231,0.0024779579306368855,-0.019505737162668638,-0.22769063732737643,0.9735349811977423
1785259750.471297,0.9348313212394714,-0.28607940673828125,0.7494538426399231,0.0024779579306368855,-0.019505737162668638,-0.22769063732737643,0.9735349811977423
1785259750.4762764,0.9348313212394714,-0.28607940673828125,0.7494538426399231,0.0024779579306368855,-0.019505737162668638,-0.22769063732737643,0.9735349811977423
1785259750.4812465,0.9348313212394714,-0.28607940673828125,0.7494538426399231,0.0024779579306368855,-0.019505737162668638,-0.22769063732737643,0.9735349811977423
1785259750.4912665,0.9348313212394714,-0.28607940673828125,0.7494612336158752,0.002462492439967632,-0.01951659228026804,-0.2276907296648888,0.9735347812900265
1785259750.4963038,0.9348313212394714,-0.28607940673828125,0.7494612336158752,0.002462492439967632,-0.01951659228026804,-0.2276907296648888,0.9735347812900265
1785259750.5012333,0.9348313212394714,-0.28607940673828125,0.7494612336158752,0.002462492439967632,-0.01951659228026804,-0.2276907296648888,0.9735347812900265
1785259750.5162733,0.9348313212394714,-0.28607940673828125,0.7494612336158752,0.002462492439967632,-0.01951659228026804,-0.2276907296648888,0.9735347812900265
1785259750.5212088,0.9348313212394714,-0.28607940673828125,0.7494612336158752,0.002462492439967632,-0.01951659228026804,-0.2276907296648888,0.9735347812900265
1785259750.5262964,0.9348313212394714,-0.28607940673828125,0.7494612336158752,0.002462492439967632,-0.01951659228026804,-0.2276907296648888,0.9735347812900265
1785259750.5312796,0.9348313212394714,-0.28607940673828125,0.7494612336158752,0.002462492439967632,-0.01951659228026804,-0.2276907296648888,0.9735347812900265
1785259750.5362766,0.9348313212394714,-0.28607940673828125,0.7494612336158752,0.002462492439967632,-0.01951659228026804,-0.2276907296648888,0.9735347812900265
1785259750.5412319,0.9348313212394714,-0.28607940673828125,0.7494612336158752,0.002462492439967632,-0.01951659228026804,-0.2276907296648888,0.9735347812900265
1785259750.546276,0.9348313212394714,-0.28607940673828125,0.7494612336158752,0.002462492439967632,-0.01951659228026804,-0.2276907296648888,0.9735347812900265
1785259750.5512943,0.9348313212394714,-0.28607940673828125,0.7494612336158752,0.002462492439967632,-0.01951659228026804,-0.2276907296648888,0.9735347812900265
1785259750.5562851,0.9348313212394714,-0.28607940673828125,0.7494612336158752,0.002462492439967632,-0.01951659228026804,-0.2276907296648888,0.9735347812900265
1785259750.5612462,0.9348313212394714,-0.28607940673828125,0.7494612336158752,0.002462492439967632,-0.01951659228026804,-0.2276907296648888,0.9735347812900265
1785259750.5662758,0.9348313212394714,-0.28607940673828125,0.7494612336158752,0.002462492439967632,-0.01951659228026804,-0.2276907296648888,0.9735347812900265
1785259750.5712643,0.9348313212394714,-0.28607940673828125,0.7494612336158752,0.002462492439967632,-0.01951659228026804,-0.2276907296648888,0.9735347812900265
1785259750.5762646,0.9348313212394714,-0.28607940673828125,0.7494612336158752,0.002462492439967632,-0.01951659228026804,-0.2276907296648888,0.9735347812900265
1785259750.5863693,0.9348313212394714,-0.28607940673828125,0.7494528293609619,0.002485656335330739,-0.01950158966669585,-0.22769057256806882,0.9735350598086745
1785259750.5912778,0.9348313212394714,-0.28607940673828125,0.7494528293609619,0.002485656335330739,-0.01950158966669585,-0.22769057256806882,0.9735350598086745
1785259750.5962691,0.9348313212394714,-0.28607940673828125,0.7494528293609619,0.002485656335330739,-0.01950158966669585,-0.22769057256806882,0.9735350598086745
1785259750.6262603,0.9348313212394714,-0.28607940673828125,0.7494528293609619,0.002485656335330739,-0.01950158966669585,-0.22769057256806882,0.9735350598086745
1785259750.6312876,0.9348313212394714,-0.28607940673828125,0.7494528293609619,0.002485656335330739,-0.01950158966669585,-0.22769057256806882,0.9735350598086745
1785259750.641223,0.9348313212394714,-0.28607940673828125,0.7494528293609619,0.002485656335330739,-0.01950158966669585,-0.22769057256806882,0.9735350598086745
1785259750.646286,0.9348313212394714,-0.28607940673828125,0.7494528293609619,0.002485656335330739,-0.01950158966669585,-0.22769057256806882,0.9735350598086745
1785259750.6512759,0.9348313212394714,-0.28607940673828125,0.7494528293609619,0.002485656335330739,-0.01950158966669585,-0.22769057256806882,0.9735350598086745
1785259750.6612527,0.9348313212394714,-0.28607940673828125,0.7494528293609619,0.002485656335330739,-0.01950158966669585,-0.22769057256806882,0.9735350598086745
1785259750.6712766,0.9348313212394714,-0.28607940673828125,0.7494528293609619,0.002485656335330739,-0.01950158966669585,-0.22769057256806882,0.9735350598086745
1785259750.6762786,0.9348313212394714,-0.28607940673828125,0.7494528293609619,0.002485656335330739,-0.01950158966669585,-0.22769057256806882,0.9735350598086745
1785259750.6863596,0.9348313212394714,-0.28607940673828125,0.7494538426399231,0.0024775555423627383,-0.019507643569188174,-0.22769061530144025,0.9735349491746886
1785259750.6912715,0.9348313212394714,-0.28607940673828125,0.7494538426399231,0.0024775555423627383,-0.019507643569188174,-0.22769061530144025,0.9735349491746886
1785259750.7512584,0.9348313212394714,-0.28607940673828125,0.7494538426399231,0.0024775555423627383,-0.019507643569188174,-0.22769061530144025,0.9735349491746886
1785259750.7563095,0.9348313212394714,-0.28607940673828125,0.7494538426399231,0.0024775555423627383,-0.019507643569188174,-0.22769061530144025,0.9735349491746886
1785259750.7812593,0.9348313212394714,-0.28607940673828125,0.7494538426399231,0.0024775555423627383,-0.019507643569188174,-0.22769061530144025,0.9735349491746886
1785259750.8012106,0.9348313212394714,-0.28607940673828125,0.7494612336158752,0.002462168063912364,-0.01951818797508902,-0.2276907110377368,0.9735347544765539
1785259750.8112805,0.9348313212394714,-0.28607940673828125,0.7494612336158752,0.002462168063912364,-0.01951818797508902,-0.2276907110377368,0.9735347544765539
1785259750.8262796,0.9348313212394714,-0.28607940673828125,0.7494612336158752,0.002462168063912364,-0.01951818797508902,-0.2276907110377368,0.9735347544765539
1785259750.84628,0.9348313212394714,-0.28607940673828125,0.7494612336158752,0.002462168063912364,-0.01951818797508902,-0.2276907110377368,0.9735347544765539
1785259750.8513322,0.9348313212394714,-0.28607940673828125,0.7494612336158752,0.002462168063912364,-0.01951818797508902,-0.2276907110377368,0.9735347544765539
1785259750.9312625,0.9348313212394714,-0.28607940673828125,0.7494528293609619,0.0024853958163158487,-0.019502924890977782,-0.22769055678278982,0.9735350374179023
1785259750.936285,0.9348313212394714,-0.28607940673828125,0.7494528293609619,0.0024853958163158487,-0.019502924890977782,-0.22769055678278982,0.9735350374179023
1785259750.9462807,0.9348313212394714,-0.28607940673828125,0.7494528293609619,0.0024853958163158487,-0.019502924890977782,-0.22769055678278982,0.9735350374179023
1785259750.9562874,0.9348313212394714,-0.28607940673828125,0.7494528293609619,0.0024853958163158487,-0.019502924890977782,-0.22769055678278982,0.9735350374179023
1785259750.9612358,0.9348313212394714,-0.28607940673828125,0.7494528293609619,0.0024853958163158487,-0.019502924890977782,-0.22769055678278982,0.9735350374179023
1785259750.9762683,0.9348313212394714,-0.28607940673828125,0.7494528293609619,0.0024853958163158487,-0.019502924890977782,-0.22769055678278982,0.9735350374179023
1785259750.98628,0.9348313212394714,-0.28607940673828125,0.7494528293609619,0.0024853958163158487,-0.019502924890977782,-0.22769055678278982,0.9735350374179023
1785259750.9912906,0.9348313212394714,-0.28607940673828125,0.7494528293609619,0.0024853958163158487,-0.019502924890977782,-0.22769055678278982,0.9735350374179023
1785259751.2312775,0.9348313212394714,-0.28607940673828125,0.7494528293609619,0.002489005123121421,-0.01948808811530888,-0.2276907203654509,0.973535287051563
1785259751.2512634,0.9348313212394714,-0.28607940673828125,0.7494528293609619,0.002489005123121421,-0.01948808811530888,-0.2276907203654509,0.973535287051563
1785259751.2612202,0.9348313212394714,-0.28607940673828125,0.7494528293609619,0.002489005123121421,-0.01948808811530888,-0.2276907203654509,0.973535287051563
1785259751.2662883,0.9348313212394714,-0.28607940673828125,0.7494528293609619,0.002489005123121421,-0.01948808811530888,-0.2276907203654509,0.973535287051563
1785259751.2762613,0.9348313212394714,-0.28607940673828125,0.7494528293609619,0.002489005123121421,-0.01948808811530888,-0.2276907203654509,0.973535287051563
1785259751.3112764,0.9348313212394714,-0.28607940673828125,0.7494538426399231,0.0024802361515688298,-0.019496640351979223,-0.22769073650153648,0.9735351344224851
1785259751.3262987,0.9348313212394714,-0.28607940673828125,0.7494538426399231,0.0024802361515688298,-0.019496640351979223,-0.22769073650153648,0.9735351344224851
1785259751.3362672,0.9348313212394714,-0.28607940673828125,0.7494538426399231,0.0024802361515688298,-0.019496640351979223,-0.22769073650153648,0.9735351344224851
1785259751.346278,0.9348313212394714,-0.28607940673828125,0.7494538426399231,0.0024802361515688298,-0.019496640351979223,-0.22769073650153648,0.9735351344224851
1785259751.351259,0.9348313212394714,-0.28607940673828125,0.7494538426399231,0.0024802361515688298,-0.019496640351979223,-0.22769073650153648,0.9735351344224851
1785259751.366268,0.9348313212394714,-0.28607940673828125,0.7494538426399231,0.0024802361515688298,-0.019496640351979223,-0.22769073650153648,0.9735351344224851
1785259751.3712676,0.9348313212394714,-0.28607940673828125,0.7494538426399231,0.0024802361515688298,-0.019496640351979223,-0.22769073650153648,0.9735351344224851
1785259751.376261,0.9348313212394714,-0.28607940673828125,0.7494538426399231,0.0024802361515688298,-0.019496640351979223,-0.22769073650153648,0.9735351344224851
1785259751.3812113,0.9348313212394714,-0.28607940673828125,0.7494538426399231,0.0024802361515688298,-0.019496640351979223,-0.22769073650153648,0.9735351344224851
1785259751.3912654,0.9348313212394714,-0.28607940673828125,0.7494538426399231,0.0024802361515688298,-0.019496640351979223,-0.22769073650153648,0.9735351344224851
1785259751.4162753,0.9348313212394714,-0.28607940673828125,0.7494612336158752,0.0024643199529677286,-0.019509101783170092,-0.22769081205712663,0.9735349075300535
1785259751.421222,0.9348313212394714,-0.28607940673828125,0.7494612336158752,0.0024643199529677286,-0.019509101783170092,-0.22769081205712663,0.9735349075300535
1785259751.4262764,0.9348313212394714,-0.28607940673828125,0.7494612336158752,0.0024643199529677286,-0.019509101783170092,-0.22769081205712663,0.9735349075300535
1785259751.4312642,0.9348313212394714,-0.28607940673828125,0.7494612336158752,0.0024643199529677286,-0.019509101783170092,-0.22769081205712663,0.9735349075300535
1785259751.4362652,0.9348313212394714,-0.28607940673828125,0.7494612336158752,0.0024643199529677286,-0.019509101783170092,-0.22769081205712663,0.9735349075300535
1785259751.4562707,0.9348313212394714,-0.28607940673828125,0.7494612336158752,0.0024643199529677286,-0.019509101783170092,-0.22769081205712663,0.9735349075300535
1785259751.461215,0.9348313212394714,-0.28607940673828125,0.7494612336158752,0.0024643199529677286,-0.019509101783170092,-0.22769081205712663,0.9735349075300535
1785259751.46639,0.9348313212394714,-0.28607940673828125,0.7494612336158752,0.0024643199529677286,-0.019509101783170092,-0.22769081205712663,0.9735349075300535
1785259751.4712677,0.9348313212394714,-0.28607940673828125,0.7494612336158752,0.0024643199529677286,-0.019509101783170092,-0.22769081205712663,0.9735349075300535
1785259751.4762607,0.9348313212394714,-0.28607940673828125,0.7494612336158752,0.0024643199529677286,-0.019509101783170092,-0.22769081205712663,0.9735349075300535
1785259751.481211,0.9348313212394714,-0.28607940673828125,0.7494612336158752,0.0024643199529677286,-0.019509101783170092,-0.22769081205712663,0.9735349075300535
1785259751.4912782,0.9348313212394714,-0.28607940673828125,0.7494612336158752,0.0024643199529677286,-0.019509101783170092,-0.22769081205712663,0.9735349075300535
1785259751.4963217,0.9348313212394714,-0.28607940673828125,0.7494528293609619,0.0024871199346340423,-0.019495377697035552,-0.22769064184711335,0.9735351642843366
1785259751.5062776,0.9348313212394714,-0.28607940673828125,0.7494528293609619,0.0024871199346340423,-0.019495377697035552,-0.22769064184711335,0.9735351642843366
1785259751.521207,0.9348313212394714,-0.28607940673828125,0.7494528293609619,0.0024871199346340423,-0.019495377697035552,-0.22769064184711335,0.9735351642843366
1785259751.546267,0.9348313212394714,-0.28607940673828125,0.7494528293609619,0.0024871199346340423,-0.019495377697035552,-0.22769064184711335,0.9735351642843366
1785259751.5612633,0.9348313212394714,-0.28607940673828125,0.7494528293609619,0.0024871199346340423,-0.019495377697035552,-0.22769064184711335,0.9735351642843366
1785259751.5663025,0.9348313212394714,-0.28607940673828125,0.7494528293609619,0.0024871199346340423,-0.019495377697035552,-0.22769064184711335,0.9735351642843366
1785259751.5762627,0.9348313212394714,-0.28607940673828125,0.7494528293609619,0.0024871199346340423,-0.019495377697035552,-0.22769064184711335,0.9735351642843366
1785259751.5812178,0.9348313212394714,-0.28607940673828125,0.7494528293609619,0.0024871199346340423,-0.019495377697035552,-0.22769064184711335,0.9735351642843366
1785259751.586304,0.9348313212394714,-0.28607940673828125,0.7494528293609619,0.0024871199346340423,-0.019495377697035552,-0.22769064184711335,0.9735351642843366
1785259751.5912683,0.9348313212394714,-0.28607940673828125,0.7494528293609619,0.0024871199346340423,-0.019495377697035552,-0.22769064184711335,0.9735351642843366
1785259751.6412296,0.9348313212394714,-0.28607940673828125,0.7494538426399231,0.0024787315531958898,-0.019502467874776046,-0.2276906737169857,0.9735350362154337
1785259751.6512718,0.9348313212394714,-0.28607940673828125,0.7494538426399231,0.0024787315531958898,-0.019502467874776046,-0.2276906737169857,0.9735350362154337
1785259751.6612606,0.9348313212394714,-0.28607940673828125,0.7494538426399231,0.0024787315531958898,-0.019502467874776046,-0.2276906737169857,0.9735350362154337
1785259751.6663017,0.9348313212394714,-0.28607940673828125,0.7494538426399231,0.0024787315531958898,-0.019502467874776046,-0.2276906737169857,0.9735350362154337
1785259751.6762633,0.9348313212394714,-0.28607940673828125,0.7494538426399231,0.0024787315531958898,-0.019502467874776046,-0.2276906737169857,0.9735350362154337
1785259751.6812193,0.9348313212394714,-0.28607940673828125,0.7494538426399231,0.0024787315531958898,-0.019502467874776046,-0.2276906737169857,0.9735350362154337
1785259751.6862879,0.9348313212394714,-0.28607940673828125,0.7494538426399231,0.0024787315531958898,-0.019502467874776046,-0.2276906737169857,0.9735350362154337
1785259751.6912737,0.9348313212394714,-0.28607940673828125,0.7494538426399231,0.0024787315531958898,-0.019502467874776046,-0.2276906737169857,0.9735350362154337
1785259751.6963434,0.9348313212394714,-0.28607940673828125,0.7494612336158752,0.0024631155722419865,-0.0195138615583089,-0.22769076041552141,0.9735348272610295
1785259751.7062824,0.9348313212394714,-0.28607940673828125,0.7494612336158752,0.0024631155722419865,-0.0195138615583089,-0.22769076041552141,0.9735348272610295
1785259751.7112608,0.9348313212394714,-0.28607940673828125,0.7494612336158752,0.0024631155722419865,-0.0195138615583089,-0.22769076041552141,0.9735348272610295
1785259751.7162983,0.9348313212394714,-0.28607940673828125,0.7494612336158752,0.0024631155722419865,-0.0195138615583089,-0.22769076041552141,0.9735348272610295
1785259751.7262986,0.9348313212394714,-0.28607940673828125,0.7494612336158752,0.0024631155722419865,-0.0195138615583089,-0.22769076041552141,0.9735348272610295
1785259751.731264,0.9348313212394714,-0.28607940673828125,0.7494612336158752,0.0024631155722419865,-0.0195138615583089,-0.22769076041552141,0.9735348272610295
1785259751.7412138,0.9348313212394714,-0.28607940673828125,0.7494612336158752,0.0024631155722419865,-0.0195138615583089,-0.22769076041552141,0.9735348272610295
1785259751.7462776,0.9348313212394714,-0.28607940673828125,0.7494612336158752,0.0024631155722419865,-0.0195138615583089,-0.22769076041552141,0.9735348272610295
1785259751.7562897,0.9348313212394714,-0.28607940673828125,0.7494612336158752,0.0024631155722419865,-0.0195138615583089,-0.22769076041552141,0.9735348272610295
1785259751.7612195,0.9348313212394714,-0.28607940673828125,0.7494612336158752,0.0024631155722419865,-0.0195138615583089,-0.22769076041552141,0.9735348272610295
1785259751.7662659,0.9348313212394714,-0.28607940673828125,0.7494612336158752,0.0024631155722419865,-0.0195138615583089,-0.22769076041552141,0.9735348272610295
1785259751.7862644,0.9348313212394714,-0.28607940673828125,0.7494612336158752,0.0024631155722419865,-0.0195138615583089,-0.22769076041552141,0.9735348272610295
1785259751.8062634,0.9348313212394714,-0.28607940673828125,0.7494528293609619,0.0024861556755769185,-0.019499310039238014,-0.2276905986161896,0.9735350981036852
1785259751.8112621,0.9348313212394714,-0.28607940673828125,0.7494528293609619,0.0024861556755769185,-0.019499310039238014,-0.2276905986161896,0.9735350981036852
1785259751.8162658,0.9348313212394714,-0.28607940673828125,0.7494528293609619,0.0024861556755769185,-0.019499310039238014,-0.2276905986161896,0.9735350981036852
1785259751.8212128,0.9348313212394714,-0.28607940673828125,0.7494528293609619,0.0024861556755769185,-0.019499310039238014,-0.2276905986161896,0.9735350981036852
1785259751.8312647,0.9348313212394714,-0.28607940673828125,0.7494528293609619,0.0024861556755769185,-0.019499310039238014,-0.2276905986161896,0.9735350981036852
1785259751.8362641,0.9348313212394714,-0.28607940673828125,0.7494528293609619,0.0024861556755769185,-0.019499310039238014,-0.2276905986161896,0.9735350981036852
1785259751.856315,0.9348313212394714,-0.28607940673828125,0.7494528293609619,0.0024861556755769185,-0.019499310039238014,-0.2276905986161896,0.9735350981036852
1785259751.8612351,0.9348313212394714,-0.28607940673828125,0.7494528293609619,0.0024861556755769185,-0.019499310039238014,-0.2276905986161896,0.9735350981036852
1785259751.86627,0.9348313212394714,-0.28607940673828125,0.7494528293609619,0.0024861556755769185,-0.019499310039238014,-0.2276905986161896,0.9735350981036852
1785259751.8712854,0.9348313212394714,-0.28607940673828125,0.7494528293609619,0.0024861556755769185,-0.019499310039238014,-0.2276905986161896,0.9735350981036852
1785259751.8762772,0.9348313212394714,-0.28607940673828125,0.7494528293609619,0.0024861556755769185,-0.019499310039238014,-0.2276905986161896,0.9735350981036852
1785259751.8812177,0.9348313212394714,-0.28607940673828125,0.7494528293609619,0.0024861556755769185,-0.019499310039238014,-0.2276905986161896,0.9735350981036852
1785259751.8862615,0.9348313212394714,-0.28607940673828125,0.7494528293609619,0.0024861556755769185,-0.019499310039238014,-0.2276905986161896,0.9735350981036852
1785259751.8912761,0.9348313212394714,-0.28607940673828125,0.7494528293609619,0.0024861556755769185,-0.019499310039238014,-0.2276905986161896,0.9735350981036852
1785259751.9012325,0.9348313212394714,-0.28607940673828125,0.7494538426399231,0.0024779579306368855,-0.019505737162668638,-0.22769063732737643,0.9735349811977423
1785259751.9212413,0.9348313212394714,-0.28607940673828125,0.7494538426399231,0.0024779579306368855,-0.019505737162668638,-0.22769063732737643,0.9735349811977423
1785259751.9262977,0.9348313212394714,-0.28607940673828125,0.7494538426399231,0.0024779579306368855,-0.019505737162668638,-0.22769063732737643,0.9735349811977423
1785259751.9312966,0.9348313212394714,-0.28607940673828125,0.7494538426399231,0.0024779579306368855,-0.019505737162668638,-0.22769063732737643,0.9735349811977423
1785259751.9362826,0.9348313212394714,-0.28607940673828125,0.7494538426399231,0.0024779579306368855,-0.019505737162668638,-0.22769063732737643,0.9735349811977423
1785259751.9412363,0.9348313212394714,-0.28607940673828125,0.7494538426399231,0.0024779579306368855,-0.019505737162668638,-0.22769063732737643,0.9735349811977423
1785259751.9462829,0.9348313212394714,-0.28607940673828125,0.7494538426399231,0.0024779579306368855,-0.019505737162668638,-0.22769063732737643,0.9735349811977423
1785259751.9512897,0.9348313212394714,-0.28607940673828125,0.7494538426399231,0.0024779579306368855,-0.019505737162668638,-0.22769063732737643,0.9735349811977423
1785259751.9612353,0.9348313212394714,-0.28607940673828125,0.7494538426399231,0.0024779579306368855,-0.019505737162668638,-0.22769063732737643,0.9735349811977423
1785259751.9662738,0.9348313212394714,-0.28607940673828125,0.7494538426399231,0.0024779579306368855,-0.019505737162668638,-0.22769063732737643,0.9735349811977423
1785259751.9712694,0.9348313212394714,-0.28607940673828125,0.7494538426399231,0.0024779579306368855,-0.019505737162668638,-0.22769063732737643,0.9735349811977423
1785259751.9762676,0.9348313212394714,-0.28607940673828125,0.7494538426399231,0.0024779579306368855,-0.019505737162668638,-0.22769063732737643,0.9735349811977423
1785259751.9812129,0.9348313212394714,-0.28607940673828125,0.7494538426399231,0.0024779579306368855,-0.019505737162668638,-0.22769063732737643,0.9735349811977423
1785259751.9862728,0.9348313212394714,-0.28607940673828125,0.7494538426399231,0.0024779579306368855,-0.019505737162668638,-0.22769063732737643,0.9735349811977423
1785259751.9964461,0.9348313212394714,-0.28607940673828125,0.7494612336158752,0.002462492439967632,-0.01951659228026804,-0.2276907296648888,0.9735347812900265
1785259752.0162988,0.9348313212394714,-0.28607940673828125,0.7494612336158752,0.002462492439967632,-0.01951659228026804,-0.2276907296648888,0.9735347812900265
1785259752.0312977,0.9348313212394714,-0.28607940673828125,0.7494612336158752,0.002462492439967632,-0.01951659228026804,-0.2276907296648888,0.9735347812900265
1785259752.056276,0.9348313212394714,-0.28607940673828125,0.7494612336158752,0.002462492439967632,-0.01951659228026804,-0.2276907296648888,0.9735347812900265
1785259752.0612295,0.9348313212394714,-0.28607940673828125,0.7494612336158752,0.002462492439967632,-0.01951659228026804,-0.2276907296648888,0.9735347812900265
1785259752.0663214,0.9348313212394714,-0.28607940673828125,0.7494612336158752,0.002462492439967632,-0.01951659228026804,-0.2276907296648888,0.9735347812900265
1785259752.0712957,0.9348313212394714,-0.28607940673828125,0.7494612336158752,0.002462492439967632,-0.01951659228026804,-0.2276907296648888,0.9735347812900265
1785259752.0762806,0.9348313212394714,-0.28607940673828125,0.7494612336158752,0.002462492439967632,-0.01951659228026804,-0.2276907296648888,0.9735347812900265
1785259752.0812426,0.9348313212394714,-0.28607940673828125,0.7494612336158752,0.002462492439967632,-0.01951659228026804,-0.2276907296648888,0.9735347812900265
1785259752.0862887,0.9348313212394714,-0.28607940673828125,0.7494612336158752,0.002462492439967632,-0.01951659228026804,-0.2276907296648888,0.9735347812900265
1785259752.0912876,0.9348313212394714,-0.28607940673828125,0.7494612336158752,0.002462492439967632,-0.01951659228026804,-0.2276907296648888,0.9735347812900265
1785259752.1312797,0.9348313212394714,-0.28607940673828125,0.7494528293609619,0.002485656335330739,-0.01950158966669585,-0.22769057256806882,0.9735350598086745
1785259752.1363015,0.9348313212394714,-0.28607940673828125,0.7494528293609619,0.002485656335330739,-0.01950158966669585,-0.22769057256806882,0.9735350598086745
1785259752.1412354,0.9348313212394714,-0.28607940673828125,0.7494528293609619,0.002485656335330739,-0.01950158966669585,-0.22769057256806882,0.9735350598086745
1785259752.146307,0.9348313212394714,-0.28607940673828125,0.7494528293609619,0.002485656335330739,-0.01950158966669585,-0.22769057256806882,0.9735350598086745
1785259752.1562734,0.9348313212394714,-0.28607940673828125,0.7494528293609619,0.002485656335330739,-0.01950158966669585,-0.22769057256806882,0.9735350598086745
1785259752.1612434,0.9348313212394714,-0.28607940673828125,0.7494528293609619,0.002485656335330739,-0.01950158966669585,-0.22769057256806882,0.9735350598086745
1785259752.1663132,0.9348313212394714,-0.28607940673828125,0.7494528293609619,0.002485656335330739,-0.01950158966669585,-0.22769057256806882,0.9735350598086745
1785259752.171322,0.9348313212394714,-0.28607940673828125,0.7494528293609619,0.002485656335330739,-0.01950158966669585,-0.22769057256806882,0.9735350598086745
1785259752.1762834,0.9348313212394714,-0.28607940673828125,0.7494528293609619,0.002485656335330739,-0.01950158966669585,-0.22769057256806882,0.9735350598086745
1785259752.1812375,0.9348313212394714,-0.28607940673828125,0.7494528293609619,0.002485656335330739,-0.01950158966669585,-0.22769057256806882,0.9735350598086745
1785259752.1912835,0.9348313212394714,-0.28607940673828125,0.7494528293609619,0.002485656335330739,-0.01950158966669585,-0.22769057256806882,0.9735350598086745
1785259752.2062757,0.9348313212394714,-0.28607940673828125,0.7494538426399231,0.0024775555423627383,-0.019507643569188174,-0.22769061530144025,0.9735349491746886
1785259752.2162747,0.9348313212394714,-0.28607940673828125,0.7494538426399231,0.0024775555423627383,-0.019507643569188174,-0.22769061530144025,0.9735349491746886
1785259752.2212315,0.9348313212394714,-0.28607940673828125,0.7494538426399231,0.0024775555423627383,-0.019507643569188174,-0.22769061530144025,0.9735349491746886
1785259752.2362816,0.9348313212394714,-0.28607940673828125,0.7494538426399231,0.0024775555423627383,-0.019507643569188174,-0.22769061530144025,0.9735349491746886
1785259752.2512722,0.9348313212394714,-0.28607940673828125,0.7494538426399231,0.0024775555423627383,-0.019507643569188174,-0.22769061530144025,0.9735349491746886
1785259752.256345,0.9348313212394714,-0.28607940673828125,0.7494538426399231,0.0024775555423627383,-0.019507643569188174,-0.22769061530144025,0.9735349491746886
1785259752.2612388,0.9348313212394714,-0.28607940673828125,0.7494538426399231,0.0024775555423627383,-0.019507643569188174,-0.22769061530144025,0.9735349491746886
1785259752.266313,0.9348313212394714,-0.28607940673828125,0.7494538426399231,0.0024775555423627383,-0.019507643569188174,-0.22769061530144025,0.9735349491746886
1785259752.2712991,0.9348313212394714,-0.28607940673828125,0.7494538426399231,0.0024775555423627383,-0.019507643569188174,-0.22769061530144025,0.9735349491746886
1785259752.276298,0.9348313212394714,-0.28607940673828125,0.7494538426399231,0.0024775555423627383,-0.019507643569188174,-0.22769061530144025,0.9735349491746886
1785259752.2812335,0.9348313212394714,-0.28607940673828125,0.7494538426399231,0.0024775555423627383,-0.019507643569188174,-0.22769061530144025,0.9735349491746886
1785259752.2862902,0.9348313212394714,-0.28607940673828125,0.7494538426399231,0.0024775555423627383,-0.019507643569188174,-0.22769061530144025,0.9735349491746886
1785259752.3012295,0.9348313212394714,-0.28607940673828125,0.7494612336158752,0.002462168063912364,-0.01951818797508902,-0.2276907110377368,0.9735347544765539
1785259752.3062725,0.9348313212394714,-0.28607940673828125,0.7494612336158752,0.002462168063912364,-0.01951818797508902,-0.2276907110377368,0.9735347544765539
1785259752.316271,0.9348313212394714,-0.28607940673828125,0.7494612336158752,0.002462168063912364,-0.01951818797508902,-0.2276907110377368,0.9735347544765539
1785259752.32125,0.9348313212394714,-0.28607940673828125,0.7494612336158752,0.002462168063912364,-0.01951818797508902,-0.2276907110377368,0.9735347544765539
1785259752.3312807,0.9348313212394714,-0.28607940673828125,0.7494612336158752,0.002462168063912364,-0.01951818797508902,-0.2276907110377368,0.9735347544765539
1785259752.3362885,0.9348313212394714,-0.28607940673828125,0.7494612336158752,0.002462168063912364,-0.01951818797508902,-0.2276907110377368,0.9735347544765539
1785259752.34628,0.9348313212394714,-0.28607940673828125,0.7494612336158752,0.002462168063912364,-0.01951818797508902,-0.2276907110377368,0.9735347544765539
1785259752.3512921,0.9348313212394714,-0.28607940673828125,0.7494612336158752,0.002462168063912364,-0.01951818797508902,-0.2276907110377368,0.9735347544765539
1785259752.3562748,0.9348313212394714,-0.28607940673828125,0.7494612336158752,0.002462168063912364,-0.01951818797508902,-0.2276907110377368,0.9735347544765539
1785259752.361224,0.9348313212394714,-0.28607940673828125,0.7494612336158752,0.002462168063912364,-0.01951818797508902,-0.2276907110377368,0.9735347544765539
1785259752.3662815,0.9348313212394714,-0.28607940673828125,0.7494612336158752,0.002462168063912364,-0.01951818797508902,-0.2276907110377368,0.9735347544765539
1785259752.3713124,0.9348313212394714,-0.28607940673828125,0.7494612336158752,0.002462168063912364,-0.01951818797508902,-0.2276907110377368,0.9735347544765539
1785259752.3812258,0.9348313212394714,-0.28607940673828125,0.7494612336158752,0.002462168063912364,-0.01951818797508902,-0.2276907110377368,0.9735347544765539
1785259752.3862817,0.9348313212394714,-0.28607940673828125,0.7494612336158752,0.002462168063912364,-0.01951818797508902,-0.2276907110377368,0.9735347544765539
1785259752.391281,0.9348313212394714,-0.28607940673828125,0.7494612336158752,0.002462168063912364,-0.01951818797508902,-0.2276907110377368,0.9735347544765539
1785259752.4012332,0.9348313212394714,-0.28607940673828125,0.7494528293609619,0.0024853958163158487,-0.019502924890977782,-0.22769055678278982,0.9735350374179023
1785259752.4062715,0.9348313212394714,-0.28607940673828125,0.7494528293609619,0.0024853958163158487,-0.019502924890977782,-0.22769055678278982,0.9735350374179023
1785259752.4162793,0.9348313212394714,-0.28607940673828125,0.7494528293609619,0.0024853958163158487,-0.019502924890977782,-0.22769055678278982,0.9735350374179023
1785259752.4212358,0.9348313212394714,-0.28607940673828125,0.7494528293609619,0.0024853958163158487,-0.019502924890977782,-0.22769055678278982,0.9735350374179023
1785259752.4362814,0.9348313212394714,-0.28607940673828125,0.7494528293609619,0.0024853958163158487,-0.019502924890977782,-0.22769055678278982,0.9735350374179023
1785259752.4512973,0.9348313212394714,-0.28607940673828125,0.7494528293609619,0.0024853958163158487,-0.019502924890977782,-0.22769055678278982,0.9735350374179023
1785259752.4612327,0.9348313212394714,-0.28607940673828125,0.7494528293609619,0.0024853958163158487,-0.019502924890977782,-0.22769055678278982,0.9735350374179023
1785259752.4663403,0.9348313212394714,-0.28607940673828125,0.7494528293609619,0.0024853958163158487,-0.019502924890977782,-0.22769055678278982,0.9735350374179023
1785259752.4712977,0.9348313212394714,-0.28607940673828125,0.7494528293609619,0.0024853958163158487,-0.019502924890977782,-0.22769055678278982,0.9735350374179023
1785259752.476282,0.9348313212394714,-0.28607940673828125,0.7494528293609619,0.0024853958163158487,-0.019502924890977782,-0.22769055678278982,0.9735350374179023
1785259752.4812465,0.9348313212394714,-0.28607940673828125,0.7494528293609619,0.0024853958163158487,-0.019502924890977782,-0.22769055678278982,0.9735350374179023
1785259752.5363019,0.9348313212394714,-0.28607940673828125,0.7494538426399231,0.002477346424638898,-0.019508761310253087,-0.22769060194412097,0.9735349304329843
1785259752.7362742,0.9348313212394714,-0.28607940673828125,0.7494528293609619,0.002489005123121421,-0.01948808811530888,-0.2276907203654509,0.973535287051563
1785259752.7412326,0.9348313212394714,-0.28607940673828125,0.7494528293609619,0.002489005123121421,-0.01948808811530888,-0.2276907203654509,0.973535287051563
1785259752.7513032,0.9348313212394714,-0.28607940673828125,0.7494528293609619,0.002489005123121421,-0.01948808811530888,-0.2276907203654509,0.973535287051563
1785259752.7612398,0.9348313212394714,-0.28607940673828125,0.7494528293609619,0.002489005123121421,-0.01948808811530888,-0.2276907203654509,0.973535287051563
1785259752.766343,0.9348313212394714,-0.28607940673828125,0.7494528293609619,0.002489005123121421,-0.01948808811530888,-0.2276907203654509,0.973535287051563
1785259752.771298,0.9348313212394714,-0.28607940673828125,0.7494528293609619,0.002489005123121421,-0.01948808811530888,-0.2276907203654509,0.973535287051563
1785259752.7762878,0.9348313212394714,-0.28607940673828125,0.7494528293609619,0.002489005123121421,-0.01948808811530888,-0.2276907203654509,0.973535287051563
1785259752.7912693,0.9348313212394714,-0.28607940673828125,0.7494528293609619,0.002489005123121421,-0.01948808811530888,-0.2276907203654509,0.973535287051563
1785259752.796291,0.9348313212394714,-0.28607940673828125,0.7494528293609619,0.002489005123121421,-0.01948808811530888,-0.2276907203654509,0.973535287051563
1785259752.8012464,0.9348313212394714,-0.28607940673828125,0.7494528293609619,0.002489005123121421,-0.01948808811530888,-0.2276907203654509,0.973535287051563
1785259752.8262665,0.9348313212394714,-0.28607940673828125,0.7494538426399231,0.0024802361515688298,-0.019496640351979223,-0.22769073650153648,0.9735351344224851
1785259752.8312795,0.9348313212394714,-0.28607940673828125,0.7494538426399231,0.0024802361515688298,-0.019496640351979223,-0.22769073650153648,0.9735351344224851
1785259752.8362749,0.9348313212394714,-0.28607940673828125,0.7494538426399231,0.0024802361515688298,-0.019496640351979223,-0.22769073650153648,0.9735351344224851
1785259752.846291,0.9348313212394714,-0.28607940673828125,0.7494538426399231,0.0024802361515688298,-0.019496640351979223,-0.22769073650153648,0.9735351344224851
1785259752.8512774,0.9348313212394714,-0.28607940673828125,0.7494538426399231,0.0024802361515688298,-0.019496640351979223,-0.22769073650153648,0.9735351344224851
1785259752.861233,0.9348313212394714,-0.28607940673828125,0.7494538426399231,0.0024802361515688298,-0.019496640351979223,-0.22769073650153648,0.9735351344224851
1785259752.8662777,0.9348313212394714,-0.28607940673828125,0.7494538426399231,0.0024802361515688298,-0.019496640351979223,-0.22769073650153648,0.9735351344224851
1785259752.871301,0.9348313212394714,-0.28607940673828125,0.7494538426399231,0.0024802361515688298,-0.019496640351979223,-0.22769073650153648,0.9735351344224851
1785259752.881234,0.9348313212394714,-0.28607940673828125,0.7494538426399231,0.0024802361515688298,-0.019496640351979223,-0.22769073650153648,0.9735351344224851
1785259752.8863165,0.9348313212394714,-0.28607940673828125,0.7494538426399231,0.0024802361515688298,-0.019496640351979223,-0.22769073650153648,0.9735351344224851
1785259752.891284,0.9348313212394714,-0.28607940673828125,0.7494538426399231,0.0024802361515688298,-0.019496640351979223,-0.22769073650153648,0.9735351344224851
1785259752.8963032,0.9348313212394714,-0.28607940673828125,0.7494538426399231,0.0024802361515688298,-0.019496640351979223,-0.22769073650153648,0.9735351344224851
1785259752.93628,0.9348313212394714,-0.28607940673828125,0.7494612336158752,0.0024643199529677286,-0.019509101783170092,-0.22769081205712663,0.9735349075300535
1785259752.94629,0.9348313212394714,-0.28607940673828125,0.7494612336158752,0.0024643199529677286,-0.019509101783170092,-0.22769081205712663,0.9735349075300535
1785259752.9512653,0.9348313212394714,-0.28607940673828125,0.7494612336158752,0.0024643199529677286,-0.019509101783170092,-0.22769081205712663,0.9735349075300535
1785259752.956279,0.9348313212394714,-0.28607940673828125,0.7494612336158752,0.0024643199529677286,-0.019509101783170092,-0.22769081205712663,0.9735349075300535
1785259752.9612336,0.9348313212394714,-0.28607940673828125,0.7494612336158752,0.0024643199529677286,-0.019509101783170092,-0.22769081205712663,0.9735349075300535
1785259752.9662845,0.9348313212394714,-0.28607940673828125,0.7494612336158752,0.0024643199529677286,-0.019509101783170092,-0.22769081205712663,0.9735349075300535
1785259752.971271,0.9348313212394714,-0.28607940673828125,0.7494612336158752,0.0024643199529677286,-0.019509101783170092,-0.22769081205712663,0.9735349075300535
1785259752.9762726,0.9348313212394714,-0.28607940673828125,0.7494612336158752,0.0024643199529677286,-0.019509101783170092,-0.22769081205712663,0.9735349075300535
1785259752.9862669,0.9348313212394714,-0.28607940673828125,0.7494612336158752,0.0024643199529677286,-0.019509101783170092,-0.22769081205712663,0.9735349075300535
1785259752.9913023,0.9348313212394714,-0.28607940673828125,0.7494612336158752,0.0024643199529677286,-0.019509101783170092,-0.22769081205712663,0.9735349075300535
1785259753.001236,0.9348313212394714,-0.28607940673828125,0.7494612336158752,0.0024643199529677286,-0.019509101783170092,-0.22769081205712663,0.9735349075300535
1785259753.0163414,0.9348313212394714,-0.28607940673828125,0.7494528293609619,0.0024871199346340423,-0.019495377697035552,-0.22769064184711335,0.9735351642843366
1785259753.0312831,0.9348313212394714,-0.28607940673828125,0.7494528293609619,0.0024871199346340423,-0.019495377697035552,-0.22769064184711335,0.9735351642843366
1785259753.0362875,0.9348313212394714,-0.28607940673828125,0.7494528293609619,0.0024871199346340423,-0.019495377697035552,-0.22769064184711335,0.9735351642843366
1785259753.046296,0.9348313212394714,-0.28607940673828125,0.7494528293609619,0.0024871199346340423,-0.019495377697035552,-0.22769064184711335,0.9735351642843366
1785259753.071277,0.9348313212394714,-0.28607940673828125,0.7494528293609619,0.0024871199346340423,-0.019495377697035552,-0.22769064184711335,0.9735351642843366
1785259753.0762765,0.9348313212394714,-0.28607940673828125,0.7494528293609619,0.0024871199346340423,-0.019495377697035552,-0.22769064184711335,0.9735351642843366
1785259753.0912774,0.9348313212394714,-0.28607940673828125,0.7494528293609619,0.0024871199346340423,-0.019495377697035552,-0.22769064184711335,0.9735351642843366
1785259753.0962803,0.9348313212394714,-0.28607940673828125,0.7494528293609619,0.0024871199346340423,-0.019495377697035552,-0.22769064184711335,0.9735351642843366
1785259753.1362746,0.9348313212394714,-0.28607940673828125,0.7494538426399231,0.0024787315531958898,-0.019502467874776046,-0.2276906737169857,0.9735350362154337
1785259753.141215,0.9348313212394714,-0.28607940673828125,0.7494538426399231,0.0024787315531958898,-0.019502467874776046,-0.2276906737169857,0.9735350362154337
1785259753.161232,0.9348313212394714,-0.28607940673828125,0.7494538426399231,0.0024787315531958898,-0.019502467874776046,-0.2276906737169857,0.9735350362154337
1785259753.1663096,0.9348313212394714,-0.28607940673828125,0.7494538426399231,0.0024787315531958898,-0.019502467874776046,-0.2276906737169857,0.9735350362154337
1785259753.1762905,0.9348313212394714,-0.28607940673828125,0.7494538426399231,0.0024787315531958898,-0.019502467874776046,-0.2276906737169857,0.9735350362154337
1785259753.1862774,0.9348313212394714,-0.28607940673828125,0.7494538426399231,0.0024787315531958898,-0.019502467874776046,-0.2276906737169857,0.9735350362154337
1785259753.1962893,0.9348313212394714,-0.28607940673828125,0.7494538426399231,0.0024787315531958898,-0.019502467874776046,-0.2276906737169857,0.9735350362154337
1785259753.2112865,0.9348313212394714,-0.28607940673828125,0.7494612336158752,0.0024631155722419865,-0.0195138615583089,-0.22769076041552141,0.9735348272610295
1785259753.2312782,0.9348313212394714,-0.28607940673828125,0.7494612336158752,0.0024631155722419865,-0.0195138615583089,-0.22769076041552141,0.9735348272610295
1785259753.2463105,0.9348313212394714,-0.28607940673828125,0.7494612336158752,0.0024631155722419865,-0.0195138615583089,-0.22769076041552141,0.9735348272610295
1785259753.2562664,0.9348313212394714,-0.28607940673828125,0.7494612336158752,0.0024631155722419865,-0.0195138615583089,-0.22769076041552141,0.9735348272610295
1785259753.2612357,0.9348313212394714,-0.28607940673828125,0.7494612336158752,0.0024631155722419865,-0.0195138615583089,-0.22769076041552141,0.9735348272610295
1785259753.2662737,0.9348313212394714,-0.28607940673828125,0.7494612336158752,0.0024631155722419865,-0.0195138615583089,-0.22769076041552141,0.9735348272610295
1785259753.2712672,0.9348313212394714,-0.28607940673828125,0.7494612336158752,0.0024631155722419865,-0.0195138615583089,-0.22769076041552141,0.9735348272610295
1785259753.28626,0.9348313212394714,-0.28607940673828125,0.7494612336158752,0.0024631155722419865,-0.0195138615583089,-0.22769076041552141,0.9735348272610295
1785259753.29126,0.9348313212394714,-0.28607940673828125,0.7494612336158752,0.0024631155722419865,-0.0195138615583089,-0.22769076041552141,0.9735348272610295
1785259753.301219,0.9348313212394714,-0.28607940673828125,0.7494612336158752,0.0024631155722419865,-0.0195138615583089,-0.22769076041552141,0.9735348272610295
1785259753.37127,0.9348313212394714,-0.28607940673828125,0.7494528293609619,0.0024861556755769185,-0.019499310039238014,-0.2276905986161896,0.9735350981036852
1785259753.3812244,0.9348313212394714,-0.28607940673828125,0.7494528293609619,0.0024861556755769185,-0.019499310039238014,-0.2276905986161896,0.9735350981036852
1785259753.3862727,0.9348313212394714,-0.28607940673828125,0.7494528293609619,0.0024861556755769185,-0.019499310039238014,-0.2276905986161896,0.9735350981036852
1785259753.4012377,0.9348313212394714,-0.28607940673828125,0.7494528293609619,0.0024861556755769185,-0.019499310039238014,-0.2276905986161896,0.9735350981036852
1785259753.4412117,0.9348313212394714,-0.28607940673828125,0.7494538426399231,0.0024779579306368855,-0.019505737162668638,-0.22769063732737643,0.9735349811977423
1785259753.4612083,0.9348313212394714,-0.28607940673828125,0.7494538426399231,0.0024779579306368855,-0.019505737162668638,-0.22769063732737643,0.9735349811977423
1785259753.4662995,0.9348313212394714,-0.28607940673828125,0.7494538426399231,0.0024779579306368855,-0.019505737162668638,-0.22769063732737643,0.9735349811977423
1785259753.4713106,0.9348313212394714,-0.28607940673828125,0.7494538426399231,0.0024779579306368855,-0.019505737162668638,-0.22769063732737643,0.9735349811977423
1785259753.4762897,0.9348313212394714,-0.28607940673828125,0.7494538426399231,0.0024779579306368855,-0.019505737162668638,-0.22769063732737643,0.9735349811977423
1785259753.4862816,0.9348313212394714,-0.28607940673828125,0.7494538426399231,0.0024779579306368855,-0.019505737162668638,-0.22769063732737643,0.9735349811977423
1785259753.4912596,0.9348313212394714,-0.28607940673828125,0.7494538426399231,0.0024779579306368855,-0.019505737162668638,-0.22769063732737643,0.9735349811977423
1785259753.4962847,0.9348313212394714,-0.28607940673828125,0.7494538426399231,0.0024779579306368855,-0.019505737162668638,-0.22769063732737643,0.9735349811977423
1785259753.5012577,0.9348313212394714,-0.28607940673828125,0.7494538426399231,0.0024779579306368855,-0.019505737162668638,-0.22769063732737643,0.9735349811977423
1785259753.5112662,0.9348313212394714,-0.28607940673828125,0.7494612336158752,0.002462492439967632,-0.01951659228026804,-0.2276907296648888,0.9735347812900265
1785259753.5162776,0.9348313212394714,-0.28607940673828125,0.7494612336158752,0.002462492439967632,-0.01951659228026804,-0.2276907296648888,0.9735347812900265
1785259753.521227,0.9348313212394714,-0.28607940673828125,0.7494612336158752,0.002462492439967632,-0.01951659228026804,-0.2276907296648888,0.9735347812900265
1785259753.5262985,0.9348313212394714,-0.28607940673828125,0.7494612336158752,0.002462492439967632,-0.01951659228026804,-0.2276907296648888,0.9735347812900265
1785259753.5312684,0.9348313212394714,-0.28607940673828125,0.7494612336158752,0.002462492439967632,-0.01951659228026804,-0.2276907296648888,0.9735347812900265
1785259753.5362682,0.9348313212394714,-0.28607940673828125,0.7494612336158752,0.002462492439967632,-0.01951659228026804,-0.2276907296648888,0.9735347812900265
1785259753.5512803,0.9348313212394714,-0.28607940673828125,0.7494612336158752,0.002462492439967632,-0.01951659228026804,-0.2276907296648888,0.9735347812900265
1785259753.5612288,0.9348313212394714,-0.28607940673828125,0.7494612336158752,0.002462492439967632,-0.01951659228026804,-0.2276907296648888,0.9735347812900265
1785259753.5662854,0.9348313212394714,-0.28607940673828125,0.7494612336158752,0.002462492439967632,-0.01951659228026804,-0.2276907296648888,0.9735347812900265
1785259753.576292,0.9348313212394714,-0.28607940673828125,0.7494612336158752,0.002462492439967632,-0.01951659228026804,-0.2276907296648888,0.9735347812900265
1785259753.5812352,0.9348313212394714,-0.28607940673828125,0.7494612336158752,0.002462492439967632,-0.01951659228026804,-0.2276907296648888,0.9735347812900265
1785259753.5862842,0.9348313212394714,-0.28607940673828125,0.7494612336158752,0.002462492439967632,-0.01951659228026804,-0.2276907296648888,0.9735347812900265
1785259753.5912733,0.9348313212394714,-0.28607940673828125,0.7494612336158752,0.002462492439967632,-0.01951659228026804,-0.2276907296648888,0.9735347812900265
1785259753.6012616,0.9348313212394714,-0.28607940673828125,0.7494612336158752,0.002462492439967632,-0.01951659228026804,-0.2276907296648888,0.9735347812900265
1785259753.606352,0.9348313212394714,-0.28607940673828125,0.7494528293609619,0.002485656335330739,-0.01950158966669585,-0.22769057256806882,0.9735350598086745
1785259753.6562836,0.9348313212394714,-0.28607940673828125,0.7494528293609619,0.002485656335330739,-0.01950158966669585,-0.22769057256806882,0.9735350598086745
1785259753.6663282,0.9348313212394714,-0.28607940673828125,0.7494528293609619,0.002485656335330739,-0.01950158966669585,-0.22769057256806882,0.9735350598086745
1785259753.6762714,0.9348313212394714,-0.28607940673828125,0.7494528293609619,0.002485656335330739,-0.01950158966669585,-0.22769057256806882,0.9735350598086745
1785259753.691283,0.9348313212394714,-0.28607940673828125,0.7494528293609619,0.002485656335330739,-0.01950158966669585,-0.22769057256806882,0.9735350598086745
1785259753.6963077,0.9348313212394714,-0.28607940673828125,0.7494528293609619,0.002485656335330739,-0.01950158966669585,-0.22769057256806882,0.9735350598086745
1785259753.7012465,0.9348313212394714,-0.28607940673828125,0.7494528293609619,0.002485656335330739,-0.01950158966669585,-0.22769057256806882,0.9735350598086745
1785259753.9212325,0.9348313212394714,-0.28607940673828125,0.7494528293609619,0.0024853958163158487,-0.019502924890977782,-0.22769055678278982,0.9735350374179023
1785259753.9663131,0.9348313212394714,-0.28607940673828125,0.7494528293609619,0.0024853958163158487,-0.019502924890977782,-0.22769055678278982,0.9735350374179023
1785259754.006264,0.9348313212394714,-0.28607940673828125,0.7494528293609619,0.0024853958163158487,-0.019502924890977782,-0.22769055678278982,0.9735350374179023
1785259754.0262809,0.9348313212394714,-0.28607940673828125,0.7494538426399231,0.002477346424638898,-0.019508761310253087,-0.22769060194412097,0.9735349304329843
1785259754.03628,0.9348313212394714,-0.28607940673828125,0.7494538426399231,0.002477346424638898,-0.019508761310253087,-0.22769060194412097,0.9735349304329843
1785259754.0512865,0.9348313212394714,-0.28607940673828125,0.7494538426399231,0.002477346424638898,-0.019508761310253087,-0.22769060194412097,0.9735349304329843
1785259754.0562742,0.9348313212394714,-0.28607940673828125,0.7494538426399231,0.002477346424638898,-0.019508761310253087,-0.22769060194412097,0.9735349304329843
1785259754.0813699,0.9348313212394714,-0.28607940673828125,0.7494538426399231,0.002477346424638898,-0.019508761310253087,-0.22769060194412097,0.9735349304329843
1785259754.1713307,0.9348313212394714,-0.28607940673828125,0.7494612336158752,0.002462000496200741,-0.0195191241796985,-0.22769069973264638,0.9735347387741602
1785259754.1812496,0.9348313212394714,-0.28607940673828125,0.7494612336158752,0.002462000496200741,-0.0195191241796985,-0.22769069973264638,0.9735347387741602
1785259754.191269,0.9348313212394714,-0.28607940673828125,0.7494612336158752,0.002462000496200741,-0.0195191241796985,-0.22769069973264638,0.9735347387741602
1785259754.20124,0.9348313212394714,-0.28607940673828125,0.7494612336158752,0.002462000496200741,-0.0195191241796985,-0.22769069973264638,0.9735347387741602
1785259754.2562773,0.9348313212394714,-0.28607940673828125,0.7494528293609619,0.002489005123121421,-0.01948808811530888,-0.2276907203654509,0.973535287051563
1785259754.2712724,0.9348313212394714,-0.28607940673828125,0.7494528293609619,0.002489005123121421,-0.01948808811530888,-0.2276907203654509,0.973535287051563
1785259754.2762916,0.9348313212394714,-0.28607940673828125,0.7494528293609619,0.002489005123121421,-0.01948808811530888,-0.2276907203654509,0.973535287051563
1785259754.286267,0.9348313212394714,-0.28607940673828125,0.7494528293609619,0.002489005123121421,-0.01948808811530888,-0.2276907203654509,0.973535287051563
1785259754.296276,0.9348313212394714,-0.28607940673828125,0.7494528293609619,0.002489005123121421,-0.01948808811530888,-0.2276907203654509,0.973535287051563
1785259754.3012269,0.9348313212394714,-0.28607940673828125,0.7494528293609619,0.002489005123121421,-0.01948808811530888,-0.2276907203654509,0.973535287051563
1785259754.3612113,0.9348313212394714,-0.28607940673828125,0.7494538426399231,0.0024802361515688298,-0.019496640351979223,-0.22769073650153648,0.9735351344224851
1785259754.3762693,0.9348313212394714,-0.28607940673828125,0.7494538426399231,0.0024802361515688298,-0.019496640351979223,-0.22769073650153648,0.9735351344224851
1785259754.3812175,0.9348313212394714,-0.28607940673828125,0.7494538426399231,0.0024802361515688298,-0.019496640351979223,-0.22769073650153648,0.9735351344224851
1785259754.3862631,0.9348313212394714,-0.28607940673828125,0.7494538426399231,0.0024802361515688298,-0.019496640351979223,-0.22769073650153648,0.9735351344224851
1785259754.3912613,0.9348313212394714,-0.28607940673828125,0.7494538426399231,0.0024802361515688298,-0.019496640351979223,-0.22769073650153648,0.9735351344224851
1785259754.3962908,0.9348313212394714,-0.28607940673828125,0.7494538426399231,0.0024802361515688298,-0.019496640351979223,-0.22769073650153648,0.9735351344224851
1785259754.4012387,0.9348313212394714,-0.28607940673828125,0.7494538426399231,0.0024802361515688298,-0.019496640351979223,-0.22769073650153648,0.9735351344224851
1785259754.4063594,0.9348313212394714,-0.28607940673828125,0.7494612336158752,0.0024643199529677286,-0.019509101783170092,-0.22769081205712663,0.9735349075300535
1785259754.411277,0.9348313212394714,-0.28607940673828125,0.7494612336158752,0.0024643199529677286,-0.019509101783170092,-0.22769081205712663,0.9735349075300535
1785259754.4262717,0.9348313212394714,-0.28607940673828125,0.7494612336158752,0.0024643199529677286,-0.019509101783170092,-0.22769081205712663,0.9735349075300535
1785259754.436285,0.9348313212394714,-0.28607940673828125,0.7494612336158752,0.0024643199529677286,-0.019509101783170092,-0.22769081205712663,0.9735349075300535
1785259754.4412308,0.9348313212394714,-0.28607940673828125,0.7494612336158752,0.0024643199529677286,-0.019509101783170092,-0.22769081205712663,0.9735349075300535
1785259754.4462848,0.9348313212394714,-0.28607940673828125,0.7494612336158752,0.0024643199529677286,-0.019509101783170092,-0.22769081205712663,0.9735349075300535
1785259754.4562628,0.9348313212394714,-0.28607940673828125,0.7494612336158752,0.0024643199529677286,-0.019509101783170092,-0.22769081205712663,0.9735349075300535
1785259754.4662595,0.9348313212394714,-0.28607940673828125,0.7494612336158752,0.0024643199529677286,-0.019509101783170092,-0.22769081205712663,0.9735349075300535
1785259754.471281,0.9348313212394714,-0.28607940673828125,0.7494612336158752,0.0024643199529677286,-0.019509101783170092,-0.22769081205712663,0.9735349075300535
1785259754.4762788,0.9348313212394714,-0.28607940673828125,0.7494612336158752,0.0024643199529677286,-0.019509101783170092,-0.22769081205712663,0.9735349075300535
1785259754.4812276,0.9348313212394714,-0.28607940673828125,0.7494612336158752,0.0024643199529677286,-0.019509101783170092,-0.22769081205712663,0.9735349075300535
1785259754.4862676,0.9348313212394714,-0.28607940673828125,0.7494612336158752,0.0024643199529677286,-0.019509101783170092,-0.22769081205712663,0.9735349075300535
1785259754.4912624,0.9348313212394714,-0.28607940673828125,0.7494612336158752,0.0024643199529677286,-0.019509101783170092,-0.22769081205712663,0.9735349075300535
1785259754.496261,0.9348313212394714,-0.28607940673828125,0.7494612336158752,0.0024643199529677286,-0.019509101783170092,-0.22769081205712663,0.9735349075300535
1785259754.5012476,0.9348313212394714,-0.28607940673828125,0.7494612336158752,0.0024643199529677286,-0.019509101783170092,-0.22769081205712663,0.9735349075300535
1785259754.571304,0.9348313212394714,-0.28607940673828125,0.7494528293609619,0.0024871199346340423,-0.019495377697035552,-0.22769064184711335,0.9735351642843366
1785259754.58123,0.9348313212394714,-0.28607940673828125,0.7494528293609619,0.0024871199346340423,-0.019495377697035552,-0.22769064184711335,0.9735351642843366
1785259754.5862887,0.9348313212394714,-0.28607940673828125,0.7494528293609619,0.0024871199346340423,-0.019495377697035552,-0.22769064184711335,0.9735351642843366
1785259754.5912664,0.9348313212394714,-0.28607940673828125,0.7494528293609619,0.0024871199346340423,-0.019495377697035552,-0.22769064184711335,0.9735351642843366
1785259754.5962753,0.9348313212394714,-0.28607940673828125,0.7494528293609619,0.0024871199346340423,-0.019495377697035552,-0.22769064184711335,0.9735351642843366
1785259754.601229,0.9348313212394714,-0.28607940673828125,0.7494528293609619,0.0024871199346340423,-0.019495377697035552,-0.22769064184711335,0.9735351642843366
1785259754.6112955,0.9348313212394714,-0.28607940673828125,0.7494538426399231,0.0024787315531958898,-0.019502467874776046,-0.2276906737169857,0.9735350362154337
1785259754.6812596,0.9348313212394714,-0.28607940673828125,0.7494538426399231,0.0024787315531958898,-0.019502467874776046,-0.2276906737169857,0.9735350362154337
1785259754.686295,0.9348313212394714,-0.28607940673828125,0.7494538426399231,0.0024787315531958898,-0.019502467874776046,-0.2276906737169857,0.9735350362154337
1785259754.691271,0.9348313212394714,-0.28607940673828125,0.7494538426399231,0.0024787315531958898,-0.019502467874776046,-0.2276906737169857,0.9735350362154337
1785259754.771279,0.9348313212394714,-0.28607940673828125,0.7494612336158752,0.0024631155722419865,-0.0195138615583089,-0.22769076041552141,0.9735348272610295
1785259754.7763207,0.9348313212394714,-0.28607940673828125,0.7494612336158752,0.0024631155722419865,-0.0195138615583089,-0.22769076041552141,0.9735348272610295
1785259754.7812452,0.9348313212394714,-0.28607940673828125,0.7494612336158752,0.0024631155722419865,-0.0195138615583089,-0.22769076041552141,0.9735348272610295
1785259754.7962892,0.9348313212394714,-0.28607940673828125,0.7494612336158752,0.0024631155722419865,-0.0195138615583089,-0.22769076041552141,0.9735348272610295
1785259754.816383,0.9348313212394714,-0.28607940673828125,0.7494528293609619,0.0024861556755769185,-0.019499310039238014,-0.2276905986161896,0.9735350981036852
1785259754.8262782,0.9348313212394714,-0.28607940673828125,0.7494528293609619,0.0024861556755769185,-0.019499310039238014,-0.2276905986161896,0.9735350981036852
1785259754.861228,0.9348313212394714,-0.28607940673828125,0.7494528293609619,0.0024861556755769185,-0.019499310039238014,-0.2276905986161896,0.9735350981036852
1785259754.871299,0.9348313212394714,-0.28607940673828125,0.7494528293609619,0.0024861556755769185,-0.019499310039238014,-0.2276905986161896,0.9735350981036852
1785259754.8762996,0.9348313212394714,-0.28607940673828125,0.7494528293609619,0.0024861556755769185,-0.019499310039238014,-0.2276905986161896,0.9735350981036852
1785259754.8812292,0.9348313212394714,-0.28607940673828125,0.7494528293609619,0.0024861556755769185,-0.019499310039238014,-0.2276905986161896,0.9735350981036852
1785259754.8862653,0.9348313212394714,-0.28607940673828125,0.7494528293609619,0.0024861556755769185,-0.019499310039238014,-0.2276905986161896,0.9735350981036852
1785259755.0962622,0.9348313212394714,-0.28607940673828125,0.7494612336158752,0.002462492439967632,-0.01951659228026804,-0.2276907296648888,0.9735347812900265
1785259755.1012127,0.9348313212394714,-0.28607940673828125,0.7494612336158752,0.002462492439967632,-0.01951659228026804,-0.2276907296648888,0.9735347812900265
1785259755.1062834,0.9348313212394714,-0.28607940673828125,0.7494612336158752,0.002462492439967632,-0.01951659228026804,-0.2276907296648888,0.9735347812900265
1785259755.111265,0.9348313212394714,-0.28607940673828125,0.7494612336158752,0.002462492439967632,-0.01951659228026804,-0.2276907296648888,0.9735347812900265
1785259755.1312606,0.9348313212394714,-0.28607940673828125,0.7494528293609619,0.002485656335330739,-0.01950158966669585,-0.22769057256806882,0.9735350598086745
1785259755.1462603,0.9348313212394714,-0.28607940673828125,0.7494528293609619,0.002485656335330739,-0.01950158966669585,-0.22769057256806882,0.9735350598086745
1785259755.1662798,0.9348313212394714,-0.28607940673828125,0.7494528293609619,0.002485656335330739,-0.01950158966669585,-0.22769057256806882,0.9735350598086745
1785259755.1712766,0.9348313212394714,-0.28607940673828125,0.7494528293609619,0.002485656335330739,-0.01950158966669585,-0.22769057256806882,0.9735350598086745
1785259755.176271,0.9348313212394714,-0.28607940673828125,0.7494528293609619,0.002485656335330739,-0.01950158966669585,-0.22769057256806882,0.9735350598086745
1785259755.1862688,0.9348313212394714,-0.28607940673828125,0.7494528293609619,0.002485656335330739,-0.01950158966669585,-0.22769057256806882,0.9735350598086745
1785259755.2562728,0.9348313212394714,-0.28607940673828125,0.7494538426399231,0.0024775555423627383,-0.019507643569188174,-0.22769061530144025,0.9735349491746886
1785259755.2763643,0.9348313212394714,-0.28607940673828125,0.7494538426399231,0.0024775555423627383,-0.019507643569188174,-0.22769061530144025,0.9735349491746886
1785259755.3012145,0.9348313212394714,-0.28607940673828125,0.7494538426399231,0.0024775555423627383,-0.019507643569188174,-0.22769061530144025,0.9735349491746886
1785259755.331277,0.9348313212394714,-0.28607940673828125,0.7494612336158752,0.002462168063912364,-0.01951818797508902,-0.2276907110377368,0.9735347544765539
1785259755.3662784,0.9348313212394714,-0.28607940673828125,0.7494612336158752,0.002462168063912364,-0.01951818797508902,-0.2276907110377368,0.9735347544765539
1785259755.4063017,0.9348313212394714,-0.28607940673828125,0.7494612336158752,0.002462168063912364,-0.01951818797508902,-0.2276907110377368,0.9735347544765539
1785259755.4512618,0.9348313212394714,-0.28607940673828125,0.7494528293609619,0.0024853958163158487,-0.019502924890977782,-0.22769055678278982,0.9735350374179023
1785259755.4712484,0.9348313212394714,-0.28607940673828125,0.7494528293609619,0.0024853958163158487,-0.019502924890977782,-0.22769055678278982,0.9735350374179023
1785259755.4962747,0.9348313212394714,-0.28607940673828125,0.7494528293609619,0.0024853958163158487,-0.019502924890977782,-0.22769055678278982,0.9735350374179023
1785259755.5763338,0.9348313212394714,-0.28607940673828125,0.7494538426399231,0.002477346424638898,-0.019508761310253087,-0.22769060194412097,0.9735349304329843
1785259755.591264,0.9348313212394714,-0.28607940673828125,0.7494538426399231,0.002477346424638898,-0.019508761310253087,-0.22769060194412097,0.9735349304329843
1785259755.6062622,0.9348313212394714,-0.28607940673828125,0.7494538426399231,0.002477346424638898,-0.019508761310253087,-0.22769060194412097,0.9735349304329843
1785259756.1963148,0.9348313212394714,-0.28607940673828125,0.7494538426399231,0.0024787315531958898,-0.019502467874776046,-0.2276906737169857,0.9735350362154337
1785259756.226275,0.9348313212394714,-0.28607940673828125,0.7494612336158752,0.0024631155722419865,-0.0195138615583089,-0.22769076041552141,0.9735348272610295
1785259756.266265,0.9348313212394714,-0.28607940673828125,0.7494612336158752,0.0024631155722419865,-0.0195138615583089,-0.22769076041552141,0.9735348272610295
1785259756.2812235,0.9348313212394714,-0.28607940673828125,0.7494612336158752,0.0024631155722419865,-0.0195138615583089,-0.22769076041552141,0.9735348272610295
1785259756.311297,0.9348313212394714,-0.28607940673828125,0.7494612336158752,0.0024631155722419865,-0.0195138615583089,-0.22769076041552141,0.9735348272610295
1785259756.3264582,0.9348313212394714,-0.28607940673828125,0.7494528293609619,0.0024861556755769185,-0.019499310039238014,-0.2276905986161896,0.9735350981036852
1785259756.341237,0.9348313212394714,-0.28607940673828125,0.7494528293609619,0.0024861556755769185,-0.019499310039238014,-0.2276905986161896,0.9735350981036852
1785259756.3562677,0.9348313212394714,-0.28607940673828125,0.7494528293609619,0.0024861556755769185,-0.019499310039238014,-0.2276905986161896,0.9735350981036852
1785259756.381244,0.9348313212394714,-0.28607940673828125,0.7494528293609619,0.0024861556755769185,-0.019499310039238014,-0.2276905986161896,0.9735350981036852
1785259756.386324,0.9348313212394714,-0.28607940673828125,0.7494528293609619,0.0024861556755769185,-0.019499310039238014,-0.2276905986161896,0.9735350981036852
1785259756.3913217,0.9348313212394714,-0.28607940673828125,0.7494528293609619,0.0024861556755769185,-0.019499310039238014,-0.2276905986161896,0.9735350981036852
1785259756.396298,0.9348313212394714,-0.28607940673828125,0.7494528293609619,0.0024861556755769185,-0.019499310039238014,-0.2276905986161896,0.9735350981036852
1785259756.6512866,0.9348313212394714,-0.28607940673828125,0.7494528293609619,0.002485656335330739,-0.01950158966669585,-0.22769057256806882,0.9735350598086745
1785259756.6962843,0.9348313212394714,-0.28607940673828125,0.7494528293609619,0.002485656335330739,-0.01950158966669585,-0.22769057256806882,0.9735350598086745
1785259756.7262626,0.9348313212394714,-0.28607940673828125,0.7494528293609619,0.002485656335330739,-0.01950158966669585,-0.22769057256806882,0.9735350598086745
1785259756.7712798,0.9348313212394714,-0.28607940673828125,0.7494538426399231,0.0024775555423627383,-0.019507643569188174,-0.22769061530144025,0.9735349491746886
1785259756.791298,0.9348313212394714,-0.28607940673828125,0.7494538426399231,0.0024775555423627383,-0.019507643569188174,-0.22769061530144025,0.9735349491746886
1785259756.796331,0.9348313212394714,-0.28607940673828125,0.7494538426399231,0.0024775555423627383,-0.019507643569188174,-0.22769061530144025,0.9735349491746886
1785259756.8012478,0.9348313212394714,-0.28607940673828125,0.7494538426399231,0.0024775555423627383,-0.019507643569188174,-0.22769061530144025,0.9735349491746886
1785259756.8062778,0.9348313212394714,-0.28607940673828125,0.7494538426399231,0.0024775555423627383,-0.019507643569188174,-0.22769061530144025,0.9735349491746886
1785259756.811268,0.9348313212394714,-0.28607940673828125,0.7494538426399231,0.0024775555423627383,-0.019507643569188174,-0.22769061530144025,0.9735349491746886
1785259756.8212488,0.9348313212394714,-0.28607940673828125,0.7494538426399231,0.0024775555423627383,-0.019507643569188174,-0.22769061530144025,0.9735349491746886
1785259756.8263526,0.9348313212394714,-0.28607940673828125,0.7494612336158752,0.002462168063912364,-0.01951818797508902,-0.2276907110377368,0.9735347544765539
1785259756.831289,0.9348313212394714,-0.28607940673828125,0.7494612336158752,0.002462168063912364,-0.01951818797508902,-0.2276907110377368,0.9735347544765539
1785259756.836291,0.9348313212394714,-0.28607940673828125,0.7494612336158752,0.002462168063912364,-0.01951818797508902,-0.2276907110377368,0.9735347544765539
1785259756.861215,0.9348313212394714,-0.28607940673828125,0.7494612336158752,0.002462168063912364,-0.01951818797508902,-0.2276907110377368,0.9735347544765539
1785259756.8662837,0.9348313212394714,-0.28607940673828125,0.7494612336158752,0.002462168063912364,-0.01951818797508902,-0.2276907110377368,0.9735347544765539
1785259756.8713663,0.9348313212394714,-0.28607940673828125,0.7494612336158752,0.002462168063912364,-0.01951818797508902,-0.2276907110377368,0.9735347544765539
1785259756.876285,0.9348313212394714,-0.28607940673828125,0.7494612336158752,0.002462168063912364,-0.01951818797508902,-0.2276907110377368,0.9735347544765539
1785259756.8812199,0.9348313212394714,-0.28607940673828125,0.7494612336158752,0.002462168063912364,-0.01951818797508902,-0.2276907110377368,0.9735347544765539
1785259756.886274,0.9348313212394714,-0.28607940673828125,0.7494612336158752,0.002462168063912364,-0.01951818797508902,-0.2276907110377368,0.9735347544765539
1785259756.8962877,0.9348313212394714,-0.28607940673828125,0.7494612336158752,0.002462168063912364,-0.01951818797508902,-0.2276907110377368,0.9735347544765539
1785259756.9112625,0.9348313212394714,-0.28607940673828125,0.7494612336158752,0.002462168063912364,-0.01951818797508902,-0.2276907110377368,0.9735347544765539
1785259756.9162767,0.9348313212394714,-0.28607940673828125,0.7494612336158752,0.002462168063912364,-0.01951818797508902,-0.2276907110377368,0.9735347544765539
1785259756.9212213,0.9348313212394714,-0.28607940673828125,0.7494612336158752,0.002462168063912364,-0.01951818797508902,-0.2276907110377368,0.9735347544765539
1785259756.9462655,0.9348313212394714,-0.28607940673828125,0.7494528293609619,0.0024853958163158487,-0.019502924890977782,-0.22769055678278982,0.9735350374179023
1785259756.9513042,0.9348313212394714,-0.28607940673828125,0.7494528293609619,0.0024853958163158487,-0.019502924890977782,-0.22769055678278982,0.9735350374179023
1785259756.9612293,0.9348313212394714,-0.28607940673828125,0.7494528293609619,0.0024853958163158487,-0.019502924890977782,-0.22769055678278982,0.9735350374179023
1785259756.9762638,0.9348313212394714,-0.28607940673828125,0.7494528293609619,0.0024853958163158487,-0.019502924890977782,-0.22769055678278982,0.9735350374179023
1785259756.981225,0.9348313212394714,-0.28607940673828125,0.7494528293609619,0.0024853958163158487,-0.019502924890977782,-0.22769055678278982,0.9735350374179023
1785259756.9862952,0.9348313212394714,-0.28607940673828125,0.7494528293609619,0.0024853958163158487,-0.019502924890977782,-0.22769055678278982,0.9735350374179023
1785259756.9913042,0.9348313212394714,-0.28607940673828125,0.7494528293609619,0.0024853958163158487,-0.019502924890977782,-0.22769055678278982,0.9735350374179023
1785259756.9962873,0.9348313212394714,-0.28607940673828125,0.7494528293609619,0.0024853958163158487,-0.019502924890977782,-0.22769055678278982,0.9735350374179023
1785259757.0063062,0.9348313212394714,-0.28607940673828125,0.7494528293609619,0.0024853958163158487,-0.019502924890977782,-0.22769055678278982,0.9735350374179023
1785259757.0112665,0.9348313212394714,-0.28607940673828125,0.7494528293609619,0.0024853958163158487,-0.019502924890977782,-0.22769055678278982,0.9735350374179023
1785259757.0212402,0.9348313212394714,-0.28607940673828125,0.7494528293609619,0.0024853958163158487,-0.019502924890977782,-0.22769055678278982,0.9735350374179023
1785259757.0562618,0.9348313212394714,-0.28607940673828125,0.7494538426399231,0.002477346424638898,-0.019508761310253087,-0.22769060194412097,0.9735349304329843
